IndividualID,Date,Experiment1,Experiment2,Experiment3,Phase,Phase2,DPI,Sex,Weight_with_bag,BdLoad_1_Capture,BdLoad,BsalLoad,Shedding_coded,Shedding,Crickets,Other,Death,Death_revised,Death_censor,Complete_Experiment1,DiedExp1,BdExposed
FS1,16-Jun,CONTROL_noitraconazole,control,CONTROL_noitraconazole,1_Capture,1_Capture,0,NA,NA,196.63,196.63,0,notvisible,NA,NA,NA,NA,,0,completed_coinfectionexp1,SurvivedExp1,yes
FS10,16-Jun,Bd_Bsal,None,None,1_Capture,1_Capture,0,NA,NA,379.04,379.04,0,notvisible,NA,NA,NA,NA,,0,completed_coinfectionexp1,DiedExp1,yes
FS11,16-Jun,Bd_BsalLater,None,None,1_Capture,1_Capture,0,NA,NA,2261.44,2261.44,0,notvisible,NA,NA,NA,NA,,0,completed_coinfectionexp1,SurvivedExp1,yes
FS12,16-Jun,Bd_BsalLater,None,None,1_Capture,1_Capture,0,NA,NA,27.8,27.8,0,notvisible,NA,NA,NA,NA,,0,completed_coinfectionexp1,DiedExp1,yes
FS13,16-Jun,Bsal_BdLater,None,None,1_Capture,1_Capture,0,NA,NA,293.45,293.45,0,notvisible,NA,NA,NA,NA,,0,completed_coinfectionexp1,SurvivedExp1,yes
FS14,16-Jun,Bsal_BdLater,None,None,1_Capture,1_Capture,0,NA,NA,0,0,0,notvisible,NA,NA,NA,NA,,0,completed_coinfectionexp1,SurvivedExp1,no
FS15,16-Jun,Bd_ONLY,None,None,1_Capture,1_Capture,0,NA,NA,2763.1,2763.1,0,notvisible,NA,NA,NA,NA,,0,completed_coinfectionexp1,SurvivedExp1,yes
FS16,16-Jun,Bsal_ONLY,None,None,1_Capture,1_Capture,0,NA,NA,6.7,6.7,0,notvisible,NA,NA,NA,NA,dead,0,No,NA,yes
FS17,16-Jun,Bd_Bsal,None,None,1_Capture,1_Capture,0,NA,NA,2071.6,2071.6,0,notvisible,NA,NA,NA,NA,,0,No,NA,yes
FS18,16-Jun,Bd_BsalLater,None,None,1_Capture,1_Capture,0,NA,NA,178.5,178.5,0,notvisible,NA,NA,NA,NA,,0,No,NA,yes
FS19,16-Jun,Bsal_BdLater,None,None,1_Capture,1_Capture,0,NA,NA,9147.3,9147.3,0,notvisible,NA,NA,NA,NA,,0,completed_coinfectionexp1,SurvivedExp1,yes
FS2,16-Jun,CONTROL_negative,control,CONTROL_negative,1_Capture,1_Capture,0,NA,NA,168.62,168.62,0,notvisible,NA,NA,NA,NA,,0,completed_coinfectionexp1,SurvivedExp1,yes
FS20,16-Jun,Bsal_BdLater,None,None,1_Capture,1_Capture,0,NA,NA,15.5,15.5,0,notvisible,NA,NA,NA,NA,,0,No,NA,yes
FS3,16-Jun,Bd_ONLY,ALKL1,None,1_Capture,1_Capture,0,NA,NA,0,0,0,notvisible,NA,NA,NA,NA,,0,No,NA,no
FS4,16-Jun,CONTROL_negative,control,CONTROL_negative,1_Capture,1_Capture,0,NA,NA,0,0,0,notvisible,NA,NA,NA,NA,,0,No,NA,no
FS5,16-Jun,Bd_ONLY,None,None,1_Capture,1_Capture,0,NA,NA,6.6,6.6,0,notvisible,NA,NA,NA,NA,,0,No,NA,yes
FS16,16-Jul,Bsal_ONLY,None,None,2_After_itra,2_After_itra,0,NA,NA,0,0,0,notvisible,NA,NA,NA,NA,dead,0,No,NA,yes
FS16,8/1/2016,Bsal_ONLY,None,None,3_Experiment1,3_Experiment1,7,NA,NA,6.7,0,0,notvisible,NA,NA,NA,NA,dead,0,No,NA,yes
FS8,16-Jun,Bsal_ONLY,None,None,1_Capture,1_Capture,0,NA,NA,0,0,0,notvisible,NA,NA,NA,NA,alive,0,No,NA,no
FS9,16-Jun,Bd_Bsal,ALKL1,None,1_Capture,1_Capture,0,NA,NA,130.8,130.8,0,notvisible,NA,NA,NA,NA,,0,No,NA,yes
GP1,16-Jun,CONTROL_noitraconazole,control,CONTROL_noitraconazole,1_Capture,1_Capture,0,NA,NA,2.76,2.76,0,notvisible,NA,NA,NA,NA,,0,completed_coinfectionexp1,SurvivedExp1,yes
FS16,8/8/2016,Bsal_ONLY,None,None,3_Experiment1,3_Experiment1,14,NA,2.31,6.7,0,225.2791138,notvisible,NA,NA,NA,NA,dead,0,No,NA,yes
GP11,16-Jun,Bd_Bsal,None,None,1_Capture,1_Capture,0,NA,NA,0,0,0,notvisible,NA,NA,NA,NA,,0,No,NA,no
GP12,16-Jun,Bd_Bsal,None,None,1_Capture,1_Capture,0,NA,NA,6.42,6.42,0,notvisible,NA,NA,NA,NA,,0,completed_coinfectionexp1,DiedExp1,yes
GP13,16-Jun,Bd_Bsal,None,None,1_Capture,1_Capture,0,NA,NA,78.35,78.35,0,notvisible,NA,NA,NA,NA,,0,completed_coinfectionexp1,DiedExp1,yes
GP14,16-Jun,Bd_BsalLater,None,None,1_Capture,1_Capture,0,NA,NA,18.71,18.71,0,notvisible,NA,NA,NA,NA,,0,completed_coinfectionexp1,SurvivedExp1,yes
GP15,16-Jun,Bd_BsalLater,None,None,1_Capture,1_Capture,0,NA,NA,23.2,23.2,0,notvisible,NA,NA,NA,NA,,0,completed_coinfectionexp1,SurvivedExp1,yes
GP16,16-Jun,Bsal_BdLater,None,None,1_Capture,1_Capture,0,NA,NA,13.5,13.5,0,notvisible,NA,NA,NA,NA,,0,completed_coinfectionexp1,DiedExp1,yes
GP17,16-Jun,Bsal_BdLater,None,None,1_Capture,1_Capture,0,NA,NA,56.7,56.7,0,notvisible,NA,NA,NA,NA,,0,completed_coinfectionexp1,SurvivedExp1,yes
GP18,16-Jun,Bsal_ONLY,None,None,1_Capture,1_Capture,0,NA,NA,75.1,75.1,0,notvisible,NA,NA,NA,NA,alive,0,completed_coinfectionexp1,SurvivedExp1,yes
GP19,16-Jun,Bd_Bsal,None,None,1_Capture,1_Capture,0,NA,NA,0,0,0,notvisible,NA,NA,NA,NA,,0,completed_coinfectionexp1,DiedExp1,no
GP2,16-Jun,CONTROL_noitraconazole,control,CONTROL_noitraconazole,1_Capture,1_Capture,0,NA,NA,0,0,0,notvisible,NA,NA,NA,NA,,0,completed_coinfectionexp1,DiedExp1,no
GP20,16-Jun,Bd_BsalLater,None,None,1_Capture,1_Capture,0,NA,NA,3.91,3.91,0,notvisible,NA,NA,NA,NA,,0,completed_coinfectionexp1,SurvivedExp1,yes
GP21,16-Jun,Bsal_BdLater,ALKL1,None,1_Capture,1_Capture,0,NA,NA,0,0,0,notvisible,NA,NA,NA,NA,,0,No,NA,no
GP22,16-Jun,Bd_ONLY,ALKL1,None,1_Capture,1_Capture,0,NA,NA,0,0,0,notvisible,NA,NA,NA,NA,,0,No,NA,no
GP23,16-Jun,CONTROL_noitraconazole,control,CONTROL_noitraconazole,1_Capture,1_Capture,0,NA,NA,7.4,7.4,0,notvisible,NA,NA,NA,NA,,0,completed_coinfectionexp1,SurvivedExp1,yes
GP24,16-Jun,CONTROL_noitraconazole,control,CONTROL_noitraconazole,1_Capture,1_Capture,0,NA,NA,184.1006118,184.1006118,0,notvisible,NA,NA,NA,NA,,0,completed_coinfectionexp1,DiedExp1,yes
GP25,16-Jun,Bd_ONLY,None,None,1_Capture,1_Capture,0,NA,NA,0,0,0,notvisible,NA,NA,NA,NA,,0,completed_coinfectionexp1,SurvivedExp1,no
FS16,8/10/2016,Bsal_ONLY,None,None,3_Experiment1,3_Experiment1,16,NA,NA,6.7,0,23.08999666,notvisible,NA,NA,NA,NA,dead,0,No,NA,yes
GP27,16-Jun,CONTROL_negative,control,CONTROL_negative,1_Capture,1_Capture,0,NA,NA,20.53,20.53,0,notvisible,NA,NA,NA,NA,,0,completed_coinfectionexp1,SurvivedExp1,yes
GP28,16-Jun,Bd_ONLY,None,None,1_Capture,1_Capture,0,NA,NA,86.2,86.2,0,notvisible,NA,NA,NA,NA,,0,No,NA,yes
GP29,16-Jun,CONTROL_negative,control,CONTROL_negative,1_Capture,1_Capture,0,NA,NA,0,0,0,notvisible,NA,NA,NA,NA,,0,completed_coinfectionexp1,SurvivedExp1,no
GP3,16-Jun,CONTROL_negative,control,CONTROL_negative,1_Capture,1_Capture,0,NA,NA,9.6,9.6,0,notvisible,NA,NA,NA,NA,,0,completed_coinfectionexp1,SurvivedExp1,yes
GP30,16-Jun,Bd_ONLY,None,None,1_Capture,1_Capture,0,NA,NA,6.5,6.5,0,notvisible,NA,NA,NA,NA,,0,No,NA,yes
FS16,8/15/16,Bsal_ONLY,None,None,3_Experiment1,3_Experiment1,21,NA,2.31,6.7,0,0,notvisible,NA,NA,NA,NA,dead,0,No,NA,yes
GP32,16-Jun,Bd_Bsal,None,None,1_Capture,1_Capture,0,NA,NA,0,0,0,notvisible,NA,NA,NA,NA,,0,No,NA,no
FS16,8/23/16,Bsal_ONLY,None,None,3_Experiment1,3_Experiment1,29,NA,2.22,6.7,0,28.40263773,yes,dark_hands,NA,NA,NA,dead,0,No,NA,yes
GP34,16-Jun,Bd_Bsal,None,None,1_Capture,1_Capture,0,NA,NA,6.8,6.8,0,notvisible,NA,NA,NA,NA,,0,completed_coinfectionexp1,DiedExp1,yes
GP35,16-Jun,Bd_Bsal,None,None,1_Capture,1_Capture,0,NA,NA,12.97797083,12.97797083,0,notvisible,NA,NA,NA,NA,,0,completed_coinfectionexp1,DiedExp1,yes
GP36,16-Jun,Bd_BsalLater,None,None,1_Capture,1_Capture,0,NA,NA,15.5,15.5,0,notvisible,NA,NA,NA,NA,,0,No,NA,yes
GP37,16-Jun,Bd_BsalLater,None,None,1_Capture,1_Capture,0,NA,NA,0,0,0,notvisible,NA,NA,NA,NA,,0,No,NA,no
GP38,16-Jun,Bd_BsalLater,None,None,1_Capture,1_Capture,0,NA,NA,0,0,0,notvisible,NA,NA,NA,NA,,0,completed_coinfectionexp1,DiedExp1,no
GP39,16-Jun,Bsal_BdLater,None,None,1_Capture,1_Capture,0,NA,NA,0,0,0,notvisible,NA,NA,NA,NA,,0,completed_coinfectionexp1,SurvivedExp1,no
GP4,16-Jun,Bd_ONLY,None,None,1_Capture,1_Capture,0,NA,NA,12.2,12.2,0,notvisible,NA,NA,NA,NA,,0,completed_coinfectionexp1,SurvivedExp1,yes
GP40,16-Jun,Bd_BsalLater,None,None,1_Capture,1_Capture,0,NA,NA,12.24,12.24,0,notvisible,NA,NA,NA,NA,,0,completed_coinfectionexp1,SurvivedExp1,yes
GP41,16-Jun,Bsal_BdLater,None,None,1_Capture,1_Capture,0,NA,NA,30.3,30.3,0,notvisible,NA,NA,NA,NA,,0,completed_coinfectionexp1,DiedExp1,yes
GP42,16-Jun,Bsal_BdLater,None,None,1_Capture,1_Capture,0,NA,NA,2.83,2.83,0,notvisible,NA,NA,NA,NA,,0,completed_coinfectionexp1,DiedExp1,yes
GP5,16-Jun,Bd_ONLY,None,None,1_Capture,1_Capture,0,NA,NA,85.8,85.8,0,notvisible,NA,NA,NA,NA,,0,No,NA,yes
FS16,8/30/16,Bsal_ONLY,None,None,3_Experiment1,3_Experiment1,36,NA,2.08,6.7,0,50.17496506,notvisible,NA,NA,NA,NA,dead,0,No,NA,yes
GP7,16-Jun,CONTROL_negative,control,CONTROL_negative,1_Capture,1_Capture,0,NA,NA,0,0,0,notvisible,NA,NA,NA,NA,,0,completed_coinfectionexp1,SurvivedExp1,no
GP8,16-Jun,Bd_ONLY,None,None,1_Capture,1_Capture,0,NA,NA,0,0,0,notvisible,NA,NA,NA,NA,,0,No,NA,no
GP9,16-Jun,Bd_BsalLater,None,None,1_Capture,1_Capture,0,NA,NA,0,0,0,notvisible,NA,NA,NA,NA,,0,completed_coinfectionexp1,SurvivedExp1,no
SD1,16-Jun,Bd_ONLY,None,None,1_Capture,1_Capture,0,NA,NA,0,0,0,notvisible,NA,NA,NA,NA,,0,No,NA,no
SD10,16-Jun,Bsal_ONLY,None,None,1_Capture,1_Capture,0,NA,NA,5.91,5.91,0,notvisible,NA,NA,NA,NA,alive,0,completed_coinfectionexp1,SurvivedExp1,yes
SD2,16-Jun,CONTROL_noitraconazole,control,CONTROL_noitraconazole,1_Capture,1_Capture,0,NA,NA,52.32,52.32,0,notvisible,NA,NA,NA,NA,,0,completed_coinfectionexp1,SurvivedExp1,yes
FS16,9/5/2016,Bsal_ONLY,None,None,3_Experiment1,3_Experiment1,41,NA,2.08,6.7,0,1215.300345,notvisible,NA,NA,NA,NA,dead,0,No,NA,yes
SD4,16-Jun,Bd_Bsal,None,None,1_Capture,1_Capture,0,NA,NA,0,0,0,notvisible,NA,NA,NA,NA,,0,No,NA,no
SD5,16-Jun,Bd_BsalLater,None,None,1_Capture,1_Capture,0,NA,NA,0,0,0,notvisible,NA,NA,NA,NA,,0,completed_coinfectionexp1,DiedExp1,no
SD6,16-Jun,Bsal_BdLater,None,None,1_Capture,1_Capture,0,NA,NA,0,0,0,notvisible,NA,NA,NA,NA,,0,completed_coinfectionexp1,SurvivedExp1,no
SD7,16-Jun,Bd_ONLY,None,None,1_Capture,1_Capture,0,NA,NA,0,0,0,notvisible,NA,NA,NA,NA,,0,completed_coinfectionexp1,SurvivedExp1,no
SD8,16-Jun,Bd_Bsal,None,None,1_Capture,1_Capture,0,NA,NA,0,0,0,notvisible,NA,NA,NA,NA,,0,completed_coinfectionexp1,SurvivedExp1,no
SD9,16-Jun,Bsal_BdLater,None,None,1_Capture,1_Capture,0,NA,NA,0,0,0,notvisible,NA,NA,NA,NA,,0,completed_coinfectionexp1,DiedExp1,no
FS1,16-Jul,CONTROL_noitraconazole,control,CONTROL_noitraconazole,2_After_itra,2_After_itra,0,NA,NA,0,13902.92699,0,notvisible,NA,NA,NA,NA,,0,completed_coinfectionexp1,SurvivedExp1,yes
FS10,16-Jul,Bd_Bsal,None,None,2_After_itra,2_After_itra,0,NA,NA,0,0,0,notvisible,NA,NA,NA,NA,,0,completed_coinfectionexp1,DiedExp1,yes
FS11,16-Jul,Bd_BsalLater,None,None,2_After_itra,2_After_itra,0,NA,NA,0,0,0,notvisible,NA,NA,NA,NA,,0,completed_coinfectionexp1,SurvivedExp1,yes
FS12,16-Jul,Bd_BsalLater,None,None,2_After_itra,2_After_itra,0,NA,NA,0,0,0,notvisible,NA,NA,NA,NA,,0,completed_coinfectionexp1,DiedExp1,yes
FS13,16-Jul,Bsal_BdLater,None,None,2_After_itra,2_After_itra,0,NA,NA,0,0,0,notvisible,NA,NA,NA,NA,,0,completed_coinfectionexp1,SurvivedExp1,yes
FS14,16-Jul,Bsal_BdLater,None,None,2_After_itra,2_After_itra,0,NA,NA,0,0,0,notvisible,NA,NA,NA,NA,,0,completed_coinfectionexp1,SurvivedExp1,no
FS15,16-Jul,Bd_ONLY,None,None,2_After_itra,2_After_itra,0,NA,NA,0,0,0,notvisible,NA,NA,NA,NA,,0,completed_coinfectionexp1,SurvivedExp1,yes
FS16,9/12/2016,Bsal_ONLY,None,None,3_Experiment1,3_Experiment1,48,NA,2.4,6.7,0,195.7638344,notvisible,NA,NA,NA,NA,dead,0,No,NA,yes
FS17,16-Jul,Bd_Bsal,None,None,2_After_itra,2_After_itra,0,NA,NA,0,0,0,notvisible,NA,NA,NA,NA,,0,No,NA,yes
FS18,16-Jul,Bd_BsalLater,None,None,2_After_itra,2_After_itra,0,NA,NA,0,0,0,notvisible,NA,NA,NA,NA,,0,No,NA,yes
FS19,16-Jul,Bsal_BdLater,None,None,2_After_itra,2_After_itra,0,NA,NA,0,0,0,notvisible,NA,NA,NA,NA,,0,completed_coinfectionexp1,SurvivedExp1,yes
FS2,16-Jul,CONTROL_negative,control,CONTROL_negative,2_After_itra,2_After_itra,0,NA,NA,0,0,0,notvisible,NA,NA,NA,NA,,0,completed_coinfectionexp1,SurvivedExp1,yes
FS20,16-Jul,Bsal_BdLater,None,None,2_After_itra,2_After_itra,0,NA,NA,0,0,0,notvisible,NA,NA,NA,NA,,0,No,NA,yes
FS3,16-Jul,Bd_ONLY,ALKL1,None,2_After_itra,2_After_itra,0,NA,NA,0,0,0,notvisible,NA,NA,NA,NA,,0,No,NA,no
FS4,16-Jul,CONTROL_negative,control,CONTROL_negative,2_After_itra,2_After_itra,0,NA,NA,0,0,0,notvisible,NA,NA,NA,NA,,0,No,NA,no
FS5,16-Jul,Bd_ONLY,None,None,2_After_itra,2_After_itra,0,NA,NA,0,0,0,notvisible,NA,NA,NA,NA,,0,No,NA,yes
FS16,9/19/16,Bsal_ONLY,None,None,3_Experiment1,3_Experiment1,55,NA,2.01,6.7,0,22877.83659,notvisible,NA,NA,NA,NA,dead,0,No,NA,yes
FS16,9/26/16,Bsal_ONLY,None,None,3_Experiment1,3_Experiment1,64,NA,2.03,6.7,0,216.23,notvisible,NA,NA,NA,NA,dead,0,No,NA,yes
FS8,16-Jul,Bsal_ONLY,None,None,2_After_itra,2_After_itra,0,NA,NA,0,0,0,notvisible,NA,NA,NA,NA,alive,0,No,NA,no
FS9,16-Jul,Bd_Bsal,ALKL1,None,2_After_itra,2_After_itra,0,NA,NA,0,0,0,notvisible,NA,NA,NA,NA,,0,No,NA,yes
GP1,16-Jul,CONTROL_noitraconazole,control,CONTROL_noitraconazole,2_After_itra,2_After_itra,0,NA,NA,0,272.1716773,0,notvisible,NA,NA,NA,NA,,0,completed_coinfectionexp1,SurvivedExp1,yes
FS16,9/29/16,Bsal_ONLY,None,None,3_Experiment1,3_Experiment1,67,NA,NA,6.7,0,51.23,notvisible,NA,NA,NA,Euthanized_9/29/16,dead,0,No,NA,yes
GP11,16-Jul,Bd_Bsal,None,None,2_After_itra,2_After_itra,0,NA,NA,0,0,0,notvisible,NA,NA,NA,NA,,0,No,NA,no
GP12,16-Jul,Bd_Bsal,None,None,2_After_itra,2_After_itra,0,NA,NA,0,0,0,notvisible,NA,NA,NA,NA,,0,completed_coinfectionexp1,DiedExp1,yes
GP13,16-Jul,Bd_Bsal,None,None,2_After_itra,2_After_itra,0,NA,NA,0,0,0,notvisible,NA,NA,NA,NA,,0,completed_coinfectionexp1,DiedExp1,yes
GP14,16-Jul,Bd_BsalLater,None,None,2_After_itra,2_After_itra,0,NA,NA,0,0,0,notvisible,NA,NA,NA,NA,,0,completed_coinfectionexp1,SurvivedExp1,yes
GP15,16-Jul,Bd_BsalLater,None,None,2_After_itra,2_After_itra,0,NA,NA,0,0,0,notvisible,NA,NA,NA,NA,,0,completed_coinfectionexp1,SurvivedExp1,yes
GP16,16-Jul,Bsal_BdLater,None,None,2_After_itra,2_After_itra,0,NA,NA,0,0,0,notvisible,NA,NA,NA,NA,,0,completed_coinfectionexp1,DiedExp1,yes
GP17,16-Jul,Bsal_BdLater,None,None,2_After_itra,2_After_itra,0,NA,NA,0,0,0,notvisible,NA,NA,NA,NA,,0,completed_coinfectionexp1,SurvivedExp1,yes
GP18,16-Jul,Bsal_ONLY,None,None,2_After_itra,2_After_itra,0,NA,NA,0,0,0,notvisible,NA,NA,NA,NA,alive,0,completed_coinfectionexp1,SurvivedExp1,yes
GP19,16-Jul,Bd_Bsal,None,None,2_After_itra,2_After_itra,0,NA,NA,0,0,0,notvisible,NA,NA,NA,NA,,0,completed_coinfectionexp1,DiedExp1,no
GP2,16-Jul,CONTROL_noitraconazole,control,CONTROL_noitraconazole,2_After_itra,2_After_itra,0,NA,NA,0,0,0,notvisible,NA,NA,NA,NA,,0,completed_coinfectionexp1,DiedExp1,no
GP20,16-Jul,Bd_BsalLater,None,None,2_After_itra,2_After_itra,0,NA,NA,0,0,0,notvisible,NA,NA,NA,NA,,0,completed_coinfectionexp1,SurvivedExp1,yes
GP21,16-Jul,Bsal_BdLater,ALKL1,None,2_After_itra,2_After_itra,0,NA,NA,0,0,0,notvisible,NA,NA,NA,NA,,0,No,NA,no
GP22,16-Jul,Bd_ONLY,ALKL1,None,2_After_itra,2_After_itra,0,NA,NA,0,0,0,notvisible,NA,NA,NA,NA,,0,No,NA,no
GP23,16-Jul,CONTROL_noitraconazole,control,CONTROL_noitraconazole,2_After_itra,2_After_itra,0,NA,NA,0,654.8182043,0,notvisible,NA,NA,NA,NA,,0,completed_coinfectionexp1,SurvivedExp1,yes
GP24,16-Jul,CONTROL_noitraconazole,control,CONTROL_noitraconazole,2_After_itra,2_After_itra,0,NA,NA,184.1006118,3531.8,0,notvisible,NA,NA,NA,NA,,0,completed_coinfectionexp1,DiedExp1,yes
GP25,16-Jul,Bd_ONLY,None,None,2_After_itra,2_After_itra,0,NA,NA,0,0,0,notvisible,NA,NA,NA,NA,,0,completed_coinfectionexp1,SurvivedExp1,no
FS6,16-Jun,Bsal_ONLY,ALKL1,None,1_Capture,1_Capture,0,NA,NA,44733.2,44733.2,0,notvisible,NA,NA,NA,NA,dead,0,No,NA,yes
GP27,16-Jul,CONTROL_negative,control,CONTROL_negative,2_After_itra,2_After_itra,0,NA,NA,0,0,0,notvisible,NA,NA,NA,NA,,0,completed_coinfectionexp1,SurvivedExp1,yes
GP28,16-Jul,Bd_ONLY,None,None,2_After_itra,2_After_itra,0,NA,NA,0,0,0,notvisible,NA,NA,NA,NA,,0,No,NA,yes
GP29,16-Jul,CONTROL_negative,control,CONTROL_negative,2_After_itra,2_After_itra,0,NA,NA,0,0,0,notvisible,NA,NA,NA,NA,,0,completed_coinfectionexp1,SurvivedExp1,no
GP3,16-Jul,CONTROL_negative,control,CONTROL_negative,2_After_itra,2_After_itra,0,NA,NA,0,0,0,notvisible,NA,NA,NA,NA,,0,completed_coinfectionexp1,SurvivedExp1,yes
GP30,16-Jul,Bd_ONLY,None,None,2_After_itra,2_After_itra,0,NA,NA,0,0,0,notvisible,NA,NA,NA,NA,,0,No,NA,yes
FS6,16-Jul,Bsal_ONLY,ALKL1,None,2_After_itra,2_After_itra,0,NA,NA,0,0,0,notvisible,NA,NA,NA,NA,dead,0,No,NA,yes
GP32,16-Jul,Bd_Bsal,None,None,2_After_itra,2_After_itra,0,NA,NA,0,0,0,notvisible,NA,NA,NA,NA,,0,No,NA,no
FS6,8/1/2016,Bsal_ONLY,ALKL1,None,3_Experiment1,3_Experiment1,7,NA,NA,44733.2,0,0,notvisible,NA,NA,NA,NA,dead,0,No,NA,yes
GP34,16-Jul,Bd_Bsal,None,None,2_After_itra,2_After_itra,0,NA,NA,0,0,0,notvisible,NA,NA,NA,NA,,0,completed_coinfectionexp1,DiedExp1,yes
GP35,16-Jul,Bd_Bsal,None,None,2_After_itra,2_After_itra,0,NA,NA,0,0,0,notvisible,NA,NA,NA,NA,,0,completed_coinfectionexp1,DiedExp1,yes
GP36,16-Jul,Bd_BsalLater,None,None,2_After_itra,2_After_itra,0,NA,NA,0,0,0,notvisible,NA,NA,NA,NA,,0,No,NA,yes
GP37,16-Jul,Bd_BsalLater,None,None,2_After_itra,2_After_itra,0,NA,NA,0,0,0,notvisible,NA,NA,NA,NA,,0,No,NA,no
GP38,16-Jul,Bd_BsalLater,None,None,2_After_itra,2_After_itra,0,NA,NA,0,0,0,notvisible,NA,NA,NA,NA,,0,completed_coinfectionexp1,DiedExp1,no
GP39,16-Jul,Bsal_BdLater,None,None,2_After_itra,2_After_itra,0,NA,NA,0,0,0,notvisible,NA,NA,NA,NA,,0,completed_coinfectionexp1,SurvivedExp1,no
GP4,16-Jul,Bd_ONLY,None,None,2_After_itra,2_After_itra,0,NA,NA,0,0,0,notvisible,NA,NA,NA,NA,,0,completed_coinfectionexp1,SurvivedExp1,yes
GP40,16-Jul,Bd_BsalLater,None,None,2_After_itra,2_After_itra,0,NA,NA,0,0,0,notvisible,NA,NA,NA,NA,,0,completed_coinfectionexp1,SurvivedExp1,yes
GP41,16-Jul,Bsal_BdLater,None,None,2_After_itra,2_After_itra,0,NA,NA,0,0,0,notvisible,NA,NA,NA,NA,,0,completed_coinfectionexp1,DiedExp1,yes
GP42,16-Jul,Bsal_BdLater,None,None,2_After_itra,2_After_itra,0,NA,NA,0,0,0,notvisible,NA,NA,NA,NA,,0,completed_coinfectionexp1,DiedExp1,yes
GP5,16-Jul,Bd_ONLY,None,None,2_After_itra,2_After_itra,0,NA,NA,0,0,0,notvisible,NA,NA,NA,NA,,0,No,NA,yes
FS6,8/8/2016,Bsal_ONLY,ALKL1,None,3_Experiment1,3_Experiment1,14,NA,2.15,44733.2,0,0,yes,dark_limbs,NA,NA,NA,dead,0,No,NA,yes
GP7,16-Jul,CONTROL_negative,control,CONTROL_negative,2_After_itra,2_After_itra,0,NA,NA,0,0,0,notvisible,NA,NA,NA,NA,,0,completed_coinfectionexp1,SurvivedExp1,no
GP8,16-Jul,Bd_ONLY,None,None,2_After_itra,2_After_itra,0,NA,NA,0,0,0,notvisible,NA,NA,NA,NA,,0,No,NA,no
GP9,16-Jul,Bd_BsalLater,None,None,2_After_itra,2_After_itra,0,NA,NA,0,0,0,notvisible,NA,NA,NA,NA,,0,completed_coinfectionexp1,SurvivedExp1,no
SD1,16-Jul,Bd_ONLY,None,None,2_After_itra,2_After_itra,0,NA,NA,0,0,0,notvisible,NA,NA,NA,NA,,0,No,NA,no
SD10,16-Jul,Bsal_ONLY,None,None,2_After_itra,2_After_itra,0,NA,NA,0,0,0,notvisible,NA,NA,NA,NA,alive,0,completed_coinfectionexp1,SurvivedExp1,yes
SD2,16-Jul,CONTROL_noitraconazole,control,CONTROL_noitraconazole,2_After_itra,2_After_itra,0,NA,NA,52.32,0,0,notvisible,NA,NA,NA,NA,,0,completed_coinfectionexp1,SurvivedExp1,yes
FS6,8/10/2016,Bsal_ONLY,ALKL1,None,3_Experiment1,3_Experiment1,16,NA,NA,44733.2,0,0,notvisible,NA,NA,NA,NA,dead,0,No,NA,yes
SD4,16-Jul,Bd_Bsal,None,None,2_After_itra,2_After_itra,0,NA,NA,0,0,0,notvisible,NA,NA,NA,NA,,0,No,NA,no
SD5,16-Jul,Bd_BsalLater,None,None,2_After_itra,2_After_itra,0,NA,NA,0,0,0,notvisible,NA,NA,NA,NA,,0,completed_coinfectionexp1,DiedExp1,no
SD6,16-Jul,Bsal_BdLater,None,None,2_After_itra,2_After_itra,0,NA,NA,0,0,0,notvisible,NA,NA,NA,NA,,0,completed_coinfectionexp1,SurvivedExp1,no
SD7,16-Jul,Bd_ONLY,None,None,2_After_itra,2_After_itra,0,NA,NA,0,0,0,notvisible,NA,NA,NA,NA,,0,completed_coinfectionexp1,SurvivedExp1,no
SD8,16-Jul,Bd_Bsal,None,None,2_After_itra,2_After_itra,0,NA,NA,0,0,0,notvisible,NA,NA,NA,NA,,0,completed_coinfectionexp1,SurvivedExp1,no
SD9,16-Jul,Bsal_BdLater,None,None,2_After_itra,2_After_itra,0,NA,NA,0,0,0,notvisible,NA,NA,NA,NA,,0,completed_coinfectionexp1,DiedExp1,no
FS1,8/1/2016,CONTROL_noitraconazole,control,CONTROL_noitraconazole,3_Experiment1,3_Experiment1,7,NA,NA,196.63,0.981190693,0,notvisible,NA,NA,NA,NA,,0,completed_coinfectionexp1,SurvivedExp1,yes
FS10,8/1/2016,Bd_Bsal,None,None,3_Experiment1,3_Experiment1,7,NA,NA,379.04,1.660278247,10.22422616,notvisible,NA,NA,NA,NA,,0,completed_coinfectionexp1,DiedExp1,yes
FS11,8/1/2016,Bd_BsalLater,None,None,3_Experiment1,3_Experiment1,7,NA,NA,2261.44,1.717174702,202.1783675,notvisible,NA,NA,NA,NA,,0,completed_coinfectionexp1,SurvivedExp1,yes
FS12,8/1/2016,Bd_BsalLater,None,None,3_Experiment1,3_Experiment1,7,NA,NA,27.8,0,12.31706058,notvisible,NA,NA,NA,NA,,0,completed_coinfectionexp1,DiedExp1,yes
FS13,8/1/2016,Bsal_BdLater,None,None,3_Experiment1,3_Experiment1,7,NA,NA,293.45,3.280102139,7.11285547,notvisible,NA,NA,NA,NA,,0,completed_coinfectionexp1,SurvivedExp1,yes
FS14,8/1/2016,Bsal_BdLater,None,None,3_Experiment1,3_Experiment1,7,NA,NA,0,2.024681459,0,notvisible,NA,NA,NA,NA,,0,completed_coinfectionexp1,SurvivedExp1,no
FS15,8/1/2016,Bd_ONLY,None,None,3_Experiment1,3_Experiment1,7,NA,NA,2763.1,8.874929336,0,notvisible,NA,NA,NA,NA,,0,completed_coinfectionexp1,SurvivedExp1,yes
FS6,8/15/16,Bsal_ONLY,ALKL1,None,3_Experiment1,3_Experiment1,21,NA,2.23,44733.2,0,0,notvisible,NA,NA,NA,NA,dead,0,No,NA,yes
FS17,8/1/2016,Bd_Bsal,None,None,3_Experiment1,3_Experiment1,7,NA,NA,2071.6,0,25.12580042,notvisible,NA,NA,NA,NA,,0,No,NA,yes
FS18,8/1/2016,Bd_BsalLater,None,None,3_Experiment1,3_Experiment1,7,NA,NA,178.5,9.540261959,49.60748412,notvisible,NA,NA,NA,NA,,0,No,NA,yes
FS19,8/1/2016,Bsal_BdLater,None,None,3_Experiment1,3_Experiment1,7,NA,NA,9147.3,3.198908198,0,notvisible,NA,NA,NA,NA,,0,completed_coinfectionexp1,SurvivedExp1,yes
FS2,8/1/2016,CONTROL_negative,control,CONTROL_negative,3_Experiment1,3_Experiment1,7,NA,NA,168.62,0,0,notvisible,NA,NA,NA,NA,,0,completed_coinfectionexp1,SurvivedExp1,yes
FS20,8/1/2016,Bsal_BdLater,None,None,3_Experiment1,3_Experiment1,7,NA,NA,15.5,2.429814511,0,notvisible,NA,NA,NA,NA,,0,No,NA,yes
FS3,8/1/2016,Bd_ONLY,ALKL1,None,3_Experiment1,3_Experiment1,7,NA,NA,0,0,0,notvisible,NA,NA,NA,NA,,0,No,NA,no
FS4,8/1/2016,CONTROL_negative,control,CONTROL_negative,3_Experiment1,3_Experiment1,7,NA,2.79,0,0,0,yes,shed,NA,NA,NA,,0,No,NA,no
FS5,8/1/2016,Bd_ONLY,None,None,3_Experiment1,3_Experiment1,7,NA,NA,6.6,10.66624012,0,notvisible,NA,NA,NA,NA,,0,No,NA,yes
FS6,8/23/16,Bsal_ONLY,ALKL1,None,3_Experiment1,3_Experiment1,29,NA,2.31,44733.2,0,0,yes,dark_fingertips,NA,NA,NA,dead,0,No,NA,yes
FS6,8/26/16,Bsal_ONLY,ALKL1,ALKL1,4_Experiment2,4_Experiment2,3,NA,NA,44733.2,137.5600414,0,yes,dark_fingertips,NA,NA,NA,dead,0,No,NA,yes
FS8,8/1/2016,Bsal_ONLY,None,None,3_Experiment1,3_Experiment1,7,NA,NA,0,0,0,notvisible,NA,NA,NA,NA,alive,0,No,NA,no
FS9,8/1/2016,Bd_Bsal,ALKL1,None,3_Experiment1,3_Experiment1,7,NA,NA,130.8,0,0,notvisible,NA,NA,NA,NA,,0,No,NA,yes
GP1,8/1/2016,CONTROL_noitraconazole,control,CONTROL_noitraconazole,3_Experiment1,3_Experiment1,7,NA,NA,2.76,2.666482089,0,notvisible,NA,NA,NA,NA,,0,completed_coinfectionexp1,SurvivedExp1,yes
FS6,8/30/16,Bsal_ONLY,ALKL1,ALKL1,4_Experiment2,4_Experiment2,7,NA,2.01,44733.2,20.24682555,0,notvisible,NA,NA,red_extremities,NA,dead,0,No,NA,yes
GP11,8/1/2016,Bd_Bsal,None,None,3_Experiment1,3_Experiment1,7,NA,NA,0,0,0,notvisible,NA,NA,NA,NA,,0,No,NA,no
GP12,8/1/2016,Bd_Bsal,None,None,3_Experiment1,3_Experiment1,7,NA,NA,6.42,0,0,notvisible,NA,NA,NA,NA,,0,completed_coinfectionexp1,DiedExp1,yes
GP13,8/1/2016,Bd_Bsal,None,None,3_Experiment1,3_Experiment1,7,NA,NA,78.35,0,27.04444499,notvisible,NA,NA,NA,NA,,0,completed_coinfectionexp1,DiedExp1,yes
GP14,8/1/2016,Bd_BsalLater,None,None,3_Experiment1,3_Experiment1,7,NA,NA,18.71,0,65.75212979,notvisible,NA,NA,NA,NA,,0,completed_coinfectionexp1,SurvivedExp1,yes
GP15,8/1/2016,Bd_BsalLater,None,None,3_Experiment1,3_Experiment1,7,NA,NA,23.2,0.897008773,19.33117619,notvisible,NA,NA,NA,NA,,0,completed_coinfectionexp1,SurvivedExp1,yes
GP16,8/1/2016,Bsal_BdLater,None,None,3_Experiment1,3_Experiment1,7,NA,NA,13.5,0,0,notvisible,NA,NA,NA,NA,,0,completed_coinfectionexp1,DiedExp1,yes
GP17,8/1/2016,Bsal_BdLater,None,None,3_Experiment1,3_Experiment1,7,NA,NA,56.7,0,7.621633698,notvisible,NA,NA,NA,NA,,0,completed_coinfectionexp1,SurvivedExp1,yes
GP18,8/1/2016,Bsal_ONLY,None,None,3_Experiment1,3_Experiment1,7,NA,NA,75.1,0,56.49014231,notvisible,NA,NA,NA,NA,alive,0,completed_coinfectionexp1,SurvivedExp1,yes
GP19,8/1/2016,Bd_Bsal,None,None,3_Experiment1,3_Experiment1,7,NA,NA,0,6.950221323,155.834191,notvisible,NA,NA,NA,NA,,0,completed_coinfectionexp1,DiedExp1,no
GP2,8/1/2016,CONTROL_noitraconazole,control,CONTROL_noitraconazole,3_Experiment1,3_Experiment1,7,NA,NA,0,1.69166054,0,notvisible,NA,NA,NA,NA,,0,completed_coinfectionexp1,DiedExp1,no
GP20,8/1/2016,Bd_BsalLater,None,None,3_Experiment1,3_Experiment1,7,NA,NA,3.91,0,5.293996537,notvisible,NA,NA,NA,NA,,0,completed_coinfectionexp1,SurvivedExp1,yes
GP21,8/1/2016,Bsal_BdLater,ALKL1,None,3_Experiment1,3_Experiment1,7,NA,NA,0,0,0,notvisible,NA,NA,NA,NA,,0,No,NA,no
GP22,8/1/2016,Bd_ONLY,ALKL1,None,3_Experiment1,3_Experiment1,7,NA,NA,0,0,0,notvisible,NA,NA,NA,NA,,0,No,NA,no
GP23,8/1/2016,CONTROL_noitraconazole,control,CONTROL_noitraconazole,3_Experiment1,3_Experiment1,7,NA,NA,7.4,0,0,notvisible,NA,NA,NA,NA,,0,completed_coinfectionexp1,SurvivedExp1,yes
GP24,8/1/2016,CONTROL_noitraconazole,control,CONTROL_noitraconazole,3_Experiment1,3_Experiment1,7,NA,NA,184.1006118,0,0,notvisible,NA,NA,NA,NA,,0,completed_coinfectionexp1,DiedExp1,yes
GP25,8/1/2016,Bd_ONLY,None,None,3_Experiment1,3_Experiment1,7,NA,NA,0,1.752650379,0,notvisible,NA,NA,NA,NA,,0,completed_coinfectionexp1,SurvivedExp1,no
FS6,9/2/2016,Bsal_ONLY,ALKL1,ALKL1,4_Experiment2,4_Experiment2,10,NA,NA,44733.2,0,0,notvisible,NA,NA,NA,NA,dead,0,No,NA,yes
GP27,8/1/2016,CONTROL_negative,control,CONTROL_negative,3_Experiment1,3_Experiment1,7,NA,1.99,20.53,0,0,notvisible,NA,NA,NA,NA,,0,completed_coinfectionexp1,SurvivedExp1,yes
GP28,8/1/2016,Bd_ONLY,None,None,3_Experiment1,3_Experiment1,7,NA,NA,86.2,0,0,notvisible,NA,NA,NA,NA,,0,No,NA,yes
GP29,8/1/2016,CONTROL_negative,control,CONTROL_negative,3_Experiment1,3_Experiment1,7,NA,1.81,0,0,0,notvisible,NA,NA,NA,NA,,0,completed_coinfectionexp1,SurvivedExp1,no
GP3,8/1/2016,CONTROL_negative,control,CONTROL_negative,3_Experiment1,3_Experiment1,7,NA,2.54,9.6,0,0,notvisible,NA,NA,NA,NA,,0,completed_coinfectionexp1,SurvivedExp1,yes
GP30,8/1/2016,Bd_ONLY,None,None,3_Experiment1,3_Experiment1,7,NA,NA,6.5,0,0,notvisible,NA,NA,NA,NA,,0,No,NA,yes
FS6,9/5/2016,Bsal_ONLY,ALKL1,ALKL1,4_Experiment2,4_Experiment2,13,NA,2.18,44733.2,0,0,notvisible,NA,NA,NA,NA,dead,0,No,NA,yes
GP32,8/1/2016,Bd_Bsal,None,None,3_Experiment1,3_Experiment1,7,NA,NA,0,0,0,notvisible,NA,NA,NA,NA,,0,No,NA,no
FS6,9/9/2016,Bsal_ONLY,ALKL1,ALKL1,4_Experiment2,4_Experiment2,17,NA,NA,44733.2,0,NA,notvisible,NA,NA,NA,NA,dead,0,No,NA,yes
GP34,8/1/2016,Bd_Bsal,None,None,3_Experiment1,3_Experiment1,7,NA,NA,6.8,15.63143649,6.320075124,notvisible,NA,NA,NA,NA,,0,completed_coinfectionexp1,DiedExp1,yes
GP35,8/1/2016,Bd_Bsal,None,None,3_Experiment1,3_Experiment1,7,NA,NA,12.97797083,0,0,notvisible,NA,NA,NA,NA,,0,completed_coinfectionexp1,DiedExp1,yes
GP36,8/1/2016,Bd_BsalLater,None,None,3_Experiment1,3_Experiment1,7,NA,NA,15.5,0,0,notvisible,NA,NA,NA,NA,,0,No,NA,yes
GP37,8/1/2016,Bd_BsalLater,None,None,3_Experiment1,3_Experiment1,7,NA,NA,0,0,0,notvisible,NA,NA,NA,NA,,0,No,NA,no
GP38,8/1/2016,Bd_BsalLater,None,None,3_Experiment1,3_Experiment1,7,NA,NA,0,0,37.20026538,notvisible,NA,NA,NA,NA,,0,completed_coinfectionexp1,DiedExp1,no
GP39,8/1/2016,Bsal_BdLater,None,None,3_Experiment1,3_Experiment1,7,NA,NA,0,0.264611979,0,notvisible,NA,NA,NA,NA,,0,completed_coinfectionexp1,SurvivedExp1,no
GP4,8/1/2016,Bd_ONLY,None,None,3_Experiment1,3_Experiment1,7,NA,NA,12.2,2.470963763,0,notvisible,NA,NA,NA,NA,,0,completed_coinfectionexp1,SurvivedExp1,yes
GP40,8/1/2016,Bd_BsalLater,None,None,3_Experiment1,3_Experiment1,7,NA,NA,12.24,0,43.82915247,notvisible,NA,NA,NA,NA,,0,completed_coinfectionexp1,SurvivedExp1,yes
GP41,8/1/2016,Bsal_BdLater,None,None,3_Experiment1,3_Experiment1,7,NA,NA,30.3,7.039459051,15.93209842,notvisible,NA,NA,NA,NA,,0,completed_coinfectionexp1,DiedExp1,yes
GP42,8/1/2016,Bsal_BdLater,None,None,3_Experiment1,3_Experiment1,7,NA,NA,2.83,6.361495604,0,notvisible,NA,NA,NA,NA,,0,completed_coinfectionexp1,DiedExp1,yes
GP5,8/1/2016,Bd_ONLY,None,None,3_Experiment1,3_Experiment1,7,NA,NA,85.8,0,0,notvisible,NA,NA,NA,NA,,0,No,NA,yes
FS6,9/12/2016,Bsal_ONLY,ALKL1,ALKL1,4_Experiment2,4_Experiment2,20,NA,2.22,44733.2,0,NA,notvisible,NA,NA,NA,NA,dead,0,No,NA,yes
GP7,8/1/2016,CONTROL_negative,control,CONTROL_negative,3_Experiment1,3_Experiment1,7,NA,NA,0,0,0,notvisible,NA,NA,NA,NA,,0,completed_coinfectionexp1,SurvivedExp1,no
GP8,8/1/2016,Bd_ONLY,None,None,3_Experiment1,3_Experiment1,7,NA,NA,0,0,0,notvisible,NA,NA,NA,NA,,0,No,NA,no
GP9,8/1/2016,Bd_BsalLater,None,None,3_Experiment1,3_Experiment1,7,NA,NA,0,0,24.76678809,notvisible,NA,NA,NA,NA,,0,completed_coinfectionexp1,SurvivedExp1,no
SD1,8/1/2016,Bd_ONLY,None,None,3_Experiment1,3_Experiment1,7,NA,NA,0,0,0,notvisible,NA,NA,NA,NA,,0,No,NA,no
SD10,8/1/2016,Bsal_ONLY,None,None,3_Experiment1,3_Experiment1,7,NA,NA,5.91,0,4.1433934,notvisible,NA,NA,NA,NA,alive,0,completed_coinfectionexp1,SurvivedExp1,yes
SD2,8/1/2016,CONTROL_noitraconazole,control,CONTROL_noitraconazole,3_Experiment1,3_Experiment1,7,NA,NA,52.32,0,0,notvisible,NA,NA,NA,NA,,0,completed_coinfectionexp1,SurvivedExp1,yes
FS6,9/16/16,Bsal_ONLY,ALKL1,ALKL1,4_Experiment2,4_Experiment2,24,NA,NA,44733.2,0,0,notvisible,NA,NA,NA,NA,dead,0,No,NA,yes
SD4,8/1/2016,Bd_Bsal,None,None,3_Experiment1,3_Experiment1,7,NA,NA,0,0,0,notvisible,NA,NA,NA,NA,,0,No,NA,no
SD5,8/1/2016,Bd_BsalLater,None,None,3_Experiment1,3_Experiment1,7,NA,NA,0,0,99.36294152,notvisible,NA,NA,NA,NA,,0,completed_coinfectionexp1,DiedExp1,no
SD6,8/1/2016,Bsal_BdLater,None,None,3_Experiment1,3_Experiment1,7,NA,NA,0,1.907294053,0,notvisible,NA,NA,NA,NA,,0,completed_coinfectionexp1,SurvivedExp1,no
SD7,8/1/2016,Bd_ONLY,None,None,3_Experiment1,3_Experiment1,7,NA,NA,0,0.481274749,0,notvisible,NA,NA,NA,NA,,0,completed_coinfectionexp1,SurvivedExp1,no
SD8,8/1/2016,Bd_Bsal,None,None,3_Experiment1,3_Experiment1,7,NA,NA,0,0.892594825,0,notvisible,NA,NA,NA,NA,,0,completed_coinfectionexp1,SurvivedExp1,no
SD9,8/1/2016,Bsal_BdLater,None,None,3_Experiment1,3_Experiment1,7,NA,NA,0,5.548772359,0,notvisible,NA,NA,NA,NA,,0,completed_coinfectionexp1,DiedExp1,no
FS1,8/8/2016,CONTROL_noitraconazole,control,CONTROL_noitraconazole,3_Experiment1,3_Experiment1,14,NA,2.44,196.63,0,0,notvisible,NA,NA,NA,NA,,0,completed_coinfectionexp1,SurvivedExp1,yes
FS10,8/8/2016,Bd_Bsal,None,None,3_Experiment1,3_Experiment1,14,NA,2.4,379.04,0,24.3354194,notvisible,NA,yes,NA,NA,,0,completed_coinfectionexp1,DiedExp1,yes
FS11,8/8/2016,Bd_BsalLater,None,None,3_Experiment1,3_Experiment1,14,NA,2.25,2261.44,1.042141715,0,yes,pieces,NA,NA,NA,,0,completed_coinfectionexp1,SurvivedExp1,yes
FS12,8/8/2016,Bd_BsalLater,None,None,3_Experiment1,3_Experiment1,14,NA,2.62,27.8,0,0,notvisible,NA,NA,NA,NA,,0,completed_coinfectionexp1,DiedExp1,yes
FS13,8/8/2016,Bsal_BdLater,None,None,3_Experiment1,3_Experiment1,14,NA,1.69,293.45,0,0,notvisible,NA,NA,NA,NA,,0,completed_coinfectionexp1,SurvivedExp1,yes
FS14,8/8/2016,Bsal_BdLater,None,None,3_Experiment1,3_Experiment1,14,NA,2.9,0,0,0,notvisible,NA,3_crickets,NA,NA,,0,completed_coinfectionexp1,SurvivedExp1,no
FS15,8/8/2016,Bd_ONLY,None,None,3_Experiment1,3_Experiment1,14,NA,2.65,2763.1,0,0,notvisible,NA,1_cricket_left,NA,NA,,0,completed_coinfectionexp1,SurvivedExp1,yes
FS6,9/19/16,Bsal_ONLY,ALKL1,ALKL1,4_Experiment2,4_Experiment2,27,NA,2.16,44733.2,0,0,notvisible,NA,NA,NA,NA,dead,0,No,NA,yes
FS17,8/8/2016,Bd_Bsal,None,None,3_Experiment1,3_Experiment1,14,NA,2.47,2071.6,0,0,notvisible,NA,NA,NA,NA,,0,No,NA,yes
FS18,8/8/2016,Bd_BsalLater,None,None,3_Experiment1,3_Experiment1,14,NA,2.74,178.5,0,0,notvisible,NA,NA,"2_red_dots_ventral,_lumpy",NA,,0,No,NA,yes
FS19,8/8/2016,Bsal_BdLater,None,None,3_Experiment1,3_Experiment1,14,NA,2.1,9147.3,1.984814667,0,yes,complete,NA,NA,NA,,0,completed_coinfectionexp1,SurvivedExp1,yes
FS2,8/8/2016,CONTROL_negative,control,CONTROL_negative,3_Experiment1,3_Experiment1,14,NA,2.25,168.62,0,0,notvisible,NA,yes,NA,NA,,0,completed_coinfectionexp1,SurvivedExp1,yes
FS20,8/8/2016,Bsal_BdLater,None,None,3_Experiment1,3_Experiment1,14,NA,3.34,15.5,0,74.30991707,notvisible,NA,crickets,NA,NA,,0,No,NA,yes
FS3,8/8/2016,Bd_ONLY,ALKL1,None,3_Experiment1,3_Experiment1,14,NA,2.9,0,0,0,yes,shedding,yes,NA,NA,,0,No,NA,no
FS4,8/8/2016,CONTROL_negative,control,CONTROL_negative,3_Experiment1,3_Experiment1,14,NA,3.21,0,0,0,notvisible,NA,NA,NA,NA,,0,No,NA,no
FS5,8/8/2016,Bd_ONLY,None,None,3_Experiment1,3_Experiment1,14,NA,2.82,6.6,0,0,yes,shedding,yes,slow,NA,,0,No,NA,yes
FS6,9/23/16,Bsal_ONLY,ALKL1,ALKL1,5_BeforeExp3,4_Experiment2,31,NA,NA,44733.2,0,0,notvisible,NA,NA,NA,NA,dead,0,No,NA,yes
FS6,10/14/16,Bsal_ONLY,ALKL1,ALKL1,6_Experiment3,6_Experiment3,4,NA,1.94,44733.2,1626.207853,0,notvisible,NA,NA,NA,NA,dead,0,No,NA,yes
FS8,8/8/2016,Bsal_ONLY,None,None,3_Experiment1,3_Experiment1,14,NA,2.16,0,0,0,yes,complete,NA,NA,NA,alive,0,No,NA,no
FS9,8/8/2016,Bd_Bsal,ALKL1,None,3_Experiment1,3_Experiment1,14,NA,3.46,130.8,0,0,notvisible,NA,NA,NA,NA,,0,No,NA,yes
GP1,8/8/2016,CONTROL_noitraconazole,control,CONTROL_noitraconazole,3_Experiment1,3_Experiment1,14,NA,2.43,2.76,0,0,notvisible,NA,NA,NA,NA,,0,completed_coinfectionexp1,SurvivedExp1,yes
FS6,10/17/16,Bsal_ONLY,ALKL1,ALKL1,6_Experiment3,6_Experiment3,7,NA,2.1,44733.2,55.88214745,0,notvisible,NA,NA,NA,NA,dead,0,No,NA,yes
GP11,8/8/2016,Bd_Bsal,None,None,3_Experiment1,3_Experiment1,14,NA,2.51,0,0,0,notvisible,NA,yes,NA,NA,,0,No,NA,no
GP12,8/8/2016,Bd_Bsal,None,None,3_Experiment1,3_Experiment1,14,NA,2.09,6.42,0,54.20813095,notvisible,NA,NA,NA,NA,,0,completed_coinfectionexp1,DiedExp1,yes
GP13,8/8/2016,Bd_Bsal,None,None,3_Experiment1,3_Experiment1,14,NA,1.8,78.35,0,568.1371867,notvisible,NA,NA,NA,NA,,0,completed_coinfectionexp1,DiedExp1,yes
GP14,8/8/2016,Bd_BsalLater,None,None,3_Experiment1,3_Experiment1,14,NA,2.23,18.71,0,0,notvisible,NA,NA,NA,NA,,0,completed_coinfectionexp1,SurvivedExp1,yes
GP15,8/8/2016,Bd_BsalLater,None,None,3_Experiment1,3_Experiment1,14,NA,2.51,23.2,0,0,notvisible,NA,yes,NA,NA,,0,completed_coinfectionexp1,SurvivedExp1,yes
GP16,8/8/2016,Bsal_BdLater,None,None,3_Experiment1,3_Experiment1,14,NA,2.65,13.5,0,81.42610884,yes,dark_limbs,NA,NA,NA,,0,completed_coinfectionexp1,DiedExp1,yes
GP17,8/8/2016,Bsal_BdLater,None,None,3_Experiment1,3_Experiment1,14,NA,2.38,56.7,0,0,yes,shedding,NA,NA,NA,,0,completed_coinfectionexp1,SurvivedExp1,yes
GP18,8/8/2016,Bsal_ONLY,None,None,3_Experiment1,3_Experiment1,14,NA,2.46,75.1,0,7.838709965,yes,dark_hands,NA,NA,NA,alive,0,completed_coinfectionexp1,SurvivedExp1,yes
GP19,8/8/2016,Bd_Bsal,None,None,3_Experiment1,3_Experiment1,14,NA,2.05,0,0,106.6053003,yes,dark_hands_feet,NA,NA,NA,,0,completed_coinfectionexp1,DiedExp1,no
GP2,8/8/2016,CONTROL_noitraconazole,control,CONTROL_noitraconazole,3_Experiment1,3_Experiment1,14,NA,2.04,0,0,0,notvisible,NA,NA,NA,NA,,0,completed_coinfectionexp1,DiedExp1,no
GP20,8/8/2016,Bd_BsalLater,None,None,3_Experiment1,3_Experiment1,14,NA,2.43,3.91,0,6.179135081,yes,dark_hands,NA,NA,NA,,0,completed_coinfectionexp1,SurvivedExp1,yes
GP21,8/8/2016,Bsal_BdLater,ALKL1,None,3_Experiment1,3_Experiment1,14,NA,2.25,0,0,0,notvisible,NA,NA,NA,NA,,0,No,NA,no
GP22,8/8/2016,Bd_ONLY,ALKL1,None,3_Experiment1,3_Experiment1,14,NA,2.41,0,0,0,notvisible,NA,NA,NA,NA,,0,No,NA,no
GP23,8/8/2016,CONTROL_noitraconazole,control,CONTROL_noitraconazole,3_Experiment1,3_Experiment1,14,NA,2.68,7.4,13.36642934,0,notvisible,NA,NA,NA,NA,,0,completed_coinfectionexp1,SurvivedExp1,yes
GP24,8/8/2016,CONTROL_noitraconazole,control,CONTROL_noitraconazole,3_Experiment1,3_Experiment1,14,NA,2.45,184.1006118,157.79528,0,notvisible,NA,NA,NA,NA,,0,completed_coinfectionexp1,DiedExp1,yes
GP25,8/8/2016,Bd_ONLY,None,None,3_Experiment1,3_Experiment1,14,NA,2.44,0,0,0,notvisible,NA,NA,NA,NA,,0,completed_coinfectionexp1,SurvivedExp1,no
FS6,10/24/16,Bsal_ONLY,ALKL1,ALKL1,6_Experiment3,6_Experiment3,14,NA,2.16,44733.2,0,5.708487466,notvisible,NA,NA,NA,NA,dead,0,No,NA,yes
GP27,8/8/2016,CONTROL_negative,control,CONTROL_negative,3_Experiment1,3_Experiment1,14,NA,1.96,20.53,0,0,notvisible,NA,NA,NA,NA,,0,completed_coinfectionexp1,SurvivedExp1,yes
GP28,8/8/2016,Bd_ONLY,None,None,3_Experiment1,3_Experiment1,14,NA,1.9,86.2,0,0,notvisible,NA,NA,NA,NA,,0,No,NA,yes
GP29,8/8/2016,CONTROL_negative,control,CONTROL_negative,3_Experiment1,3_Experiment1,14,NA,1.84,0,0,0,notvisible,NA,NA,NA,NA,,0,completed_coinfectionexp1,SurvivedExp1,no
GP3,8/8/2016,CONTROL_negative,control,CONTROL_negative,3_Experiment1,3_Experiment1,14,NA,2.42,9.6,0,0,notvisible,NA,NA,NA,NA,,0,completed_coinfectionexp1,SurvivedExp1,yes
GP30,8/8/2016,Bd_ONLY,None,None,3_Experiment1,3_Experiment1,14,NA,2.05,6.5,0,0,notvisible,NA,NA,NA,NA,,0,No,NA,yes
FS6,10/28/16,Bsal_ONLY,ALKL1,ALKL1,6_Experiment3,6_Experiment3,18,NA,2.37,44733.2,0,0,notvisible,NA,NA,NA,NA,dead,0,No,NA,yes
GP32,8/8/2016,Bd_Bsal,None,None,3_Experiment1,3_Experiment1,14,NA,2.14,0,0,18.15752775,notvisible,NA,NA,NA,NA,,0,No,NA,no
FS6,10/31/16,Bsal_ONLY,ALKL1,ALKL1,6_Experiment3,6_Experiment3,21,NA,2.16,44733.2,0,2103.299811,notvisible,NA,NA,NA,NA,dead,0,No,NA,yes
GP34,8/8/2016,Bd_Bsal,None,None,3_Experiment1,3_Experiment1,14,NA,1.88,6.8,0,123.3351406,notvisible,NA,NA,NA,NA,,0,completed_coinfectionexp1,DiedExp1,yes
GP35,8/8/2016,Bd_Bsal,None,None,3_Experiment1,3_Experiment1,14,NA,1.91,12.97797083,0,3527.803544,notvisible,NA,NA,NA,NA,,0,completed_coinfectionexp1,DiedExp1,yes
GP36,8/8/2016,Bd_BsalLater,None,None,3_Experiment1,3_Experiment1,14,NA,2.49,15.5,0,0,yes,shedding,NA,NA,NA,,0,No,NA,yes
GP37,8/8/2016,Bd_BsalLater,None,None,3_Experiment1,3_Experiment1,14,NA,2.16,0,12.26082353,0,notvisible,NA,yes,NA,NA,,0,No,NA,no
GP38,8/8/2016,Bd_BsalLater,None,None,3_Experiment1,3_Experiment1,14,NA,2.45,0,0,16.55638239,notvisible,NA,NA,NA,NA,,0,completed_coinfectionexp1,DiedExp1,no
GP39,8/8/2016,Bsal_BdLater,None,None,3_Experiment1,3_Experiment1,14,NA,2.17,0,0,0,yes,shedding,NA,NA,NA,,0,completed_coinfectionexp1,SurvivedExp1,no
GP4,8/8/2016,Bd_ONLY,None,None,3_Experiment1,3_Experiment1,14,NA,2.31,12.2,0,0,notvisible,NA,NA,NA,NA,,0,completed_coinfectionexp1,SurvivedExp1,yes
GP40,8/8/2016,Bd_BsalLater,None,None,3_Experiment1,3_Experiment1,14,NA,2.06,12.24,0,0,notvisible,NA,NA,NA,NA,,0,completed_coinfectionexp1,SurvivedExp1,yes
GP41,8/8/2016,Bsal_BdLater,None,None,3_Experiment1,3_Experiment1,14,NA,2.01,30.3,0,132.7004237,notvisible,NA,NA,NA,NA,,0,completed_coinfectionexp1,DiedExp1,yes
GP42,8/8/2016,Bsal_BdLater,None,None,3_Experiment1,3_Experiment1,14,NA,2.42,2.83,0,1979.30567,yes,super_shedding,NA,NA,NA,,0,completed_coinfectionexp1,DiedExp1,yes
GP5,8/8/2016,Bd_ONLY,None,None,3_Experiment1,3_Experiment1,14,NA,2.53,85.8,0,0,yes,black_hands,yes,NA,NA,,0,No,NA,yes
FS6,11/7/2016,Bsal_ONLY,ALKL1,ALKL1,6_Experiment3,6_Experiment3,28,NA,2.03,44733.2,0,1790.036397,notvisible,NA,NA,NA,NA,dead,0,No,NA,yes
GP7,8/8/2016,CONTROL_negative,control,CONTROL_negative,3_Experiment1,3_Experiment1,14,NA,2.81,0,0,0,notvisible,NA,NA,NA,NA,,0,completed_coinfectionexp1,SurvivedExp1,no
GP8,8/8/2016,Bd_ONLY,None,None,3_Experiment1,3_Experiment1,14,NA,2.27,0,0,0,notvisible,NA,NA,NA,NA,,0,No,NA,no
GP9,8/8/2016,Bd_BsalLater,None,None,3_Experiment1,3_Experiment1,14,NA,2.1,0,0,0,notvisible,NA,all_crickets_left,NA,NA,,0,completed_coinfectionexp1,SurvivedExp1,no
SD1,8/8/2016,Bd_ONLY,None,None,3_Experiment1,3_Experiment1,14,NA,1.76,0,0,0,notvisible,NA,NA,NA,NA,,0,No,NA,no
SD10,8/8/2016,Bsal_ONLY,None,None,3_Experiment1,3_Experiment1,14,NA,2.28,5.91,0,0,notvisible,NA,NA,NA,NA,alive,0,completed_coinfectionexp1,SurvivedExp1,yes
SD2,8/8/2016,CONTROL_noitraconazole,control,CONTROL_noitraconazole,3_Experiment1,3_Experiment1,14,NA,2.61,52.32,0,0,notvisible,NA,NA,NA,NA,,0,completed_coinfectionexp1,SurvivedExp1,yes
FS6,11/14/16,Bsal_ONLY,ALKL1,ALKL1,6_Experiment3,6_Experiment3,35,NA,2.1,44733.2,0,728.9995972,yes,shedding,yes,NA,NA,dead,0,No,NA,yes
SD4,8/8/2016,Bd_Bsal,None,None,3_Experiment1,3_Experiment1,14,NA,1.73,0,0,0,notvisible,NA,NA,NA,NA,,0,No,NA,no
SD5,8/8/2016,Bd_BsalLater,None,None,3_Experiment1,3_Experiment1,14,NA,2.21,0,0,0,notvisible,NA,NA,NA,NA,,0,completed_coinfectionexp1,DiedExp1,no
SD6,8/8/2016,Bsal_BdLater,None,None,3_Experiment1,3_Experiment1,14,NA,2.4,0,0,0,notvisible,NA,yes,NA,NA,,0,completed_coinfectionexp1,SurvivedExp1,no
SD7,8/8/2016,Bd_ONLY,None,None,3_Experiment1,3_Experiment1,14,NA,2,0,0,0,notvisible,NA,NA,NA,NA,,0,completed_coinfectionexp1,SurvivedExp1,no
SD8,8/8/2016,Bd_Bsal,None,None,3_Experiment1,3_Experiment1,14,NA,1.63,0,0,0,notvisible,NA,yes,NA,NA,,0,completed_coinfectionexp1,SurvivedExp1,no
SD9,8/8/2016,Bsal_BdLater,None,None,3_Experiment1,3_Experiment1,14,NA,2.85,0,0,0,notvisible,NA,NA,NA,NA,,0,completed_coinfectionexp1,DiedExp1,no
FS10,8/10/2016,Bd_Bsal,None,None,3_Experiment1,3_Experiment1,16,NA,NA,379.04,0,0,notvisible,NA,NA,NA,NA,,0,completed_coinfectionexp1,DiedExp1,yes
FS17,8/10/2016,Bd_Bsal,None,None,3_Experiment1,3_Experiment1,16,NA,NA,2071.6,0,0,notvisible,NA,NA,NA,NA,,0,No,NA,yes
FS9,8/10/2016,Bd_Bsal,ALKL1,None,3_Experiment1,3_Experiment1,16,NA,NA,130.8,0,0,notvisible,NA,NA,NA,NA,,0,No,NA,yes
GP11,8/10/2016,Bd_Bsal,None,None,3_Experiment1,3_Experiment1,16,NA,NA,0,0,0,notvisible,NA,NA,NA,NA,,0,No,NA,no
GP12,8/10/2016,Bd_Bsal,None,None,3_Experiment1,3_Experiment1,16,NA,NA,6.42,0,90.6135658,notvisible,NA,NA,NA,NA,,0,completed_coinfectionexp1,DiedExp1,yes
GP13,8/10/2016,Bd_Bsal,None,None,3_Experiment1,3_Experiment1,16,NA,NA,78.35,0,9069.658905,notvisible,NA,NA,NA,NA,,0,completed_coinfectionexp1,DiedExp1,yes
GP19,8/10/2016,Bd_Bsal,None,None,3_Experiment1,3_Experiment1,16,NA,NA,0,0,13.76614306,notvisible,NA,NA,NA,NA,,0,completed_coinfectionexp1,DiedExp1,no
GP32,8/10/2016,Bd_Bsal,None,None,3_Experiment1,3_Experiment1,16,NA,NA,0,0,19.74427269,notvisible,NA,NA,NA,NA,,0,No,NA,no
GP34,8/10/2016,Bd_Bsal,None,None,3_Experiment1,3_Experiment1,16,NA,NA,6.8,0,225.7142276,notvisible,NA,NA,NA,NA,,0,completed_coinfectionexp1,DiedExp1,yes
GP35,8/10/2016,Bd_Bsal,None,None,3_Experiment1,3_Experiment1,16,NA,NA,12.97797083,0,5003.543507,notvisible,NA,NA,NA,NA,,0,completed_coinfectionexp1,DiedExp1,yes
SD4,8/10/2016,Bd_Bsal,None,None,3_Experiment1,3_Experiment1,16,NA,NA,0,0,0,notvisible,NA,NA,NA,NA,,0,No,NA,no
SD8,8/10/2016,Bd_Bsal,None,None,3_Experiment1,3_Experiment1,16,NA,NA,0,0,0,notvisible,NA,NA,NA,NA,,0,completed_coinfectionexp1,SurvivedExp1,no
FS11,8/10/2016,Bd_BsalLater,None,None,3_Experiment1,3_Experiment1,16,NA,NA,2261.44,0.97636,0,notvisible,NA,NA,NA,NA,,0,completed_coinfectionexp1,SurvivedExp1,yes
FS12,8/10/2016,Bd_BsalLater,None,None,3_Experiment1,3_Experiment1,16,NA,NA,27.8,0,6.790043131,notvisible,NA,NA,NA,NA,,0,completed_coinfectionexp1,DiedExp1,yes
FS18,8/10/2016,Bd_BsalLater,None,None,3_Experiment1,3_Experiment1,16,NA,NA,178.5,0,0,notvisible,NA,NA,NA,NA,,0,No,NA,yes
GP14,8/10/2016,Bd_BsalLater,None,None,3_Experiment1,3_Experiment1,16,NA,NA,18.71,0,0,notvisible,NA,NA,NA,NA,,0,completed_coinfectionexp1,SurvivedExp1,yes
GP15,8/10/2016,Bd_BsalLater,None,None,3_Experiment1,3_Experiment1,16,NA,NA,23.2,0,0,notvisible,NA,NA,NA,NA,,0,completed_coinfectionexp1,SurvivedExp1,yes
GP20,8/10/2016,Bd_BsalLater,None,None,3_Experiment1,3_Experiment1,16,NA,NA,3.91,0,0,notvisible,NA,NA,NA,NA,,0,completed_coinfectionexp1,SurvivedExp1,yes
GP36,8/10/2016,Bd_BsalLater,None,None,3_Experiment1,3_Experiment1,16,NA,NA,15.5,0,0,notvisible,NA,NA,NA,NA,,0,No,NA,yes
GP37,8/10/2016,Bd_BsalLater,None,None,3_Experiment1,3_Experiment1,16,NA,NA,0,0,0,notvisible,NA,NA,NA,NA,,0,No,NA,no
GP38,8/10/2016,Bd_BsalLater,None,None,3_Experiment1,3_Experiment1,16,NA,NA,0,0,191.1044059,notvisible,NA,NA,NA,NA,,0,completed_coinfectionexp1,DiedExp1,no
GP40,8/10/2016,Bd_BsalLater,None,None,3_Experiment1,3_Experiment1,16,NA,NA,12.24,0,0,notvisible,NA,NA,NA,NA,,0,completed_coinfectionexp1,SurvivedExp1,yes
GP9,8/10/2016,Bd_BsalLater,None,None,3_Experiment1,3_Experiment1,16,NA,NA,0,0,0,notvisible,NA,NA,NA,NA,,0,completed_coinfectionexp1,SurvivedExp1,no
SD5,8/10/2016,Bd_BsalLater,None,None,3_Experiment1,3_Experiment1,16,NA,NA,0,0,0,notvisible,NA,NA,NA,NA,,0,completed_coinfectionexp1,DiedExp1,no
FS15,8/10/2016,Bd_ONLY,None,None,3_Experiment1,3_Experiment1,16,NA,NA,2763.1,0,0,notvisible,NA,NA,NA,NA,,0,completed_coinfectionexp1,SurvivedExp1,yes
FS3,8/10/2016,Bd_ONLY,ALKL1,None,3_Experiment1,3_Experiment1,16,NA,NA,0,0,0,notvisible,NA,NA,NA,NA,,0,No,NA,no
FS5,8/10/2016,Bd_ONLY,None,None,3_Experiment1,3_Experiment1,16,NA,NA,6.6,0,0,notvisible,NA,NA,NA,NA,,0,No,NA,yes
GP22,8/10/2016,Bd_ONLY,ALKL1,None,3_Experiment1,3_Experiment1,16,NA,NA,0,0,0,notvisible,NA,NA,NA,NA,,0,No,NA,no
GP25,8/10/2016,Bd_ONLY,None,None,3_Experiment1,3_Experiment1,16,NA,NA,0,0,0,notvisible,NA,NA,NA,NA,,0,completed_coinfectionexp1,SurvivedExp1,no
GP28,8/10/2016,Bd_ONLY,None,None,3_Experiment1,3_Experiment1,16,NA,NA,86.2,0,0,notvisible,NA,NA,NA,NA,,0,No,NA,yes
GP30,8/10/2016,Bd_ONLY,None,None,3_Experiment1,3_Experiment1,16,NA,NA,6.5,0,0,notvisible,NA,NA,NA,NA,,0,No,NA,yes
GP4,8/10/2016,Bd_ONLY,None,None,3_Experiment1,3_Experiment1,16,NA,NA,12.2,0,0,notvisible,NA,NA,NA,NA,,0,completed_coinfectionexp1,SurvivedExp1,yes
GP5,8/10/2016,Bd_ONLY,None,None,3_Experiment1,3_Experiment1,16,NA,NA,85.8,0,0,notvisible,NA,NA,NA,NA,,0,No,NA,yes
GP8,8/10/2016,Bd_ONLY,None,None,3_Experiment1,3_Experiment1,16,NA,NA,0,0,0,notvisible,NA,NA,NA,NA,,0,No,NA,no
SD1,8/10/2016,Bd_ONLY,None,None,3_Experiment1,3_Experiment1,16,NA,NA,0,0,0,notvisible,NA,NA,NA,NA,,0,No,NA,no
SD7,8/10/2016,Bd_ONLY,None,None,3_Experiment1,3_Experiment1,16,NA,NA,0,0,0,notvisible,NA,NA,NA,NA,,0,completed_coinfectionexp1,SurvivedExp1,no
FS13,8/10/2016,Bsal_BdLater,None,None,3_Experiment1,3_Experiment1,16,NA,NA,293.45,0,0,notvisible,NA,NA,NA,NA,,0,completed_coinfectionexp1,SurvivedExp1,yes
FS14,8/10/2016,Bsal_BdLater,None,None,3_Experiment1,3_Experiment1,16,NA,NA,0,0,0,notvisible,NA,NA,NA,NA,,0,completed_coinfectionexp1,SurvivedExp1,no
FS19,8/10/2016,Bsal_BdLater,None,None,3_Experiment1,3_Experiment1,16,NA,NA,9147.3,0,0,notvisible,NA,NA,NA,NA,,0,completed_coinfectionexp1,SurvivedExp1,yes
FS20,8/10/2016,Bsal_BdLater,None,None,3_Experiment1,3_Experiment1,16,NA,NA,15.5,0,275.6666202,notvisible,NA,NA,NA,NA,,0,No,NA,yes
GP16,8/10/2016,Bsal_BdLater,None,None,3_Experiment1,3_Experiment1,16,NA,NA,13.5,0,261.046705,notvisible,NA,NA,NA,NA,,0,completed_coinfectionexp1,DiedExp1,yes
GP17,8/10/2016,Bsal_BdLater,None,None,3_Experiment1,3_Experiment1,16,NA,NA,56.7,0,0,notvisible,NA,NA,NA,NA,,0,completed_coinfectionexp1,SurvivedExp1,yes
GP21,8/10/2016,Bsal_BdLater,ALKL1,None,3_Experiment1,3_Experiment1,16,NA,NA,0,0,0,notvisible,NA,NA,NA,NA,,0,No,NA,no
GP39,8/10/2016,Bsal_BdLater,None,None,3_Experiment1,3_Experiment1,16,NA,NA,0,0,0,notvisible,NA,NA,NA,NA,,0,completed_coinfectionexp1,SurvivedExp1,no
GP41,8/10/2016,Bsal_BdLater,None,None,3_Experiment1,3_Experiment1,16,NA,NA,30.3,0,185.4585278,notvisible,NA,NA,NA,NA,,0,completed_coinfectionexp1,DiedExp1,yes
GP42,8/10/2016,Bsal_BdLater,None,None,3_Experiment1,3_Experiment1,16,NA,NA,2.83,5.7547,15613.20306,notvisible,NA,NA,NA,NA,,0,completed_coinfectionexp1,DiedExp1,yes
SD6,8/10/2016,Bsal_BdLater,None,None,3_Experiment1,3_Experiment1,16,NA,NA,0,0,0,notvisible,NA,NA,NA,NA,,0,completed_coinfectionexp1,SurvivedExp1,no
SD9,8/10/2016,Bsal_BdLater,None,None,3_Experiment1,3_Experiment1,16,NA,NA,0,0,0,notvisible,NA,NA,NA,NA,,0,completed_coinfectionexp1,DiedExp1,no
FS6,11/21/16,Bsal_ONLY,ALKL1,ALKL1,6_Experiment3,6_Experiment3,42,NA,1.99,44733.2,0,975.2027594,yes,shedding,yes,NA,found_dead_11/21/2016,dead,1,No,NA,yes
FS7,16-Jun,Bsal_ONLY,None,None,1_Capture,1_Capture,0,NA,NA,597.4,597.4,0,notvisible,NA,NA,NA,NA,dead,0,No,NA,yes
FS7,16-Jul,Bsal_ONLY,None,None,2_After_itra,2_After_itra,0,NA,NA,0,0,0,notvisible,NA,NA,NA,NA,dead,0,No,NA,yes
FS8,8/10/2016,Bsal_ONLY,None,None,3_Experiment1,3_Experiment1,16,NA,NA,0,0,0,notvisible,NA,NA,NA,NA,alive,0,No,NA,no
FS7,8/1/2016,Bsal_ONLY,None,None,3_Experiment1,3_Experiment1,7,NA,NA,597.4,0,19.68341735,notvisible,NA,NA,NA,NA,dead,0,No,NA,yes
GP18,8/10/2016,Bsal_ONLY,None,None,3_Experiment1,3_Experiment1,16,NA,NA,75.1,0,0,notvisible,NA,NA,NA,NA,alive,0,completed_coinfectionexp1,SurvivedExp1,yes
FS7,8/8/2016,Bsal_ONLY,None,None,3_Experiment1,3_Experiment1,14,NA,2.35,597.4,0,0,notvisible,NA,NA,NA,NA,dead,0,No,NA,yes
FS7,8/10/2016,Bsal_ONLY,None,None,3_Experiment1,3_Experiment1,16,NA,NA,597.4,0,0,notvisible,NA,NA,NA,NA,dead,0,No,NA,yes
FS7,8/15/16,Bsal_ONLY,None,None,3_Experiment1,3_Experiment1,21,NA,2.47,597.4,0,0,notvisible,NA,NA,NA,NA,dead,0,No,NA,yes
FS7,8/23/16,Bsal_ONLY,None,None,3_Experiment1,3_Experiment1,29,NA,2.15,597.4,0,0,yes,shedding_,yes,NA,NA,dead,0,No,NA,yes
SD10,8/10/2016,Bsal_ONLY,None,None,3_Experiment1,3_Experiment1,16,NA,NA,5.91,0,0,notvisible,NA,NA,NA,NA,alive,0,completed_coinfectionexp1,SurvivedExp1,yes
FS7,8/30/16,Bsal_ONLY,None,None,3_Experiment1,3_Experiment1,36,NA,2.27,597.4,0,0,yes,dark_fingertips,NA,NA,NA,dead,0,No,NA,yes
FS2,8/10/2016,CONTROL_negative,control,CONTROL_negative,3_Experiment1,3_Experiment1,16,NA,NA,168.62,0,0,notvisible,NA,NA,NA,NA,,0,completed_coinfectionexp1,SurvivedExp1,yes
FS4,8/10/2016,CONTROL_negative,control,CONTROL_negative,3_Experiment1,3_Experiment1,16,NA,NA,0,0,0,notvisible,NA,NA,NA,NA,,0,No,NA,no
GP27,8/10/2016,CONTROL_negative,control,CONTROL_negative,3_Experiment1,3_Experiment1,16,NA,NA,20.53,0,0,notvisible,NA,NA,NA,NA,,0,completed_coinfectionexp1,SurvivedExp1,yes
GP29,8/10/2016,CONTROL_negative,control,CONTROL_negative,3_Experiment1,3_Experiment1,16,NA,NA,0,0,0,notvisible,NA,NA,NA,NA,,0,completed_coinfectionexp1,SurvivedExp1,no
GP3,8/10/2016,CONTROL_negative,control,CONTROL_negative,3_Experiment1,3_Experiment1,16,NA,NA,9.6,0,0,notvisible,NA,NA,NA,NA,,0,completed_coinfectionexp1,SurvivedExp1,yes
GP7,8/10/2016,CONTROL_negative,control,CONTROL_negative,3_Experiment1,3_Experiment1,16,NA,NA,0,0,0,notvisible,NA,NA,NA,NA,,0,completed_coinfectionexp1,SurvivedExp1,no
FS1,8/10/2016,CONTROL_noitraconazole,control,CONTROL_noitraconazole,3_Experiment1,3_Experiment1,16,NA,NA,196.63,0,0,notvisible,NA,NA,NA,NA,,0,completed_coinfectionexp1,SurvivedExp1,yes
GP1,8/10/2016,CONTROL_noitraconazole,control,CONTROL_noitraconazole,3_Experiment1,3_Experiment1,16,NA,NA,2.76,25.40293,0,notvisible,NA,NA,NA,NA,,0,completed_coinfectionexp1,SurvivedExp1,yes
GP2,8/10/2016,CONTROL_noitraconazole,control,CONTROL_noitraconazole,3_Experiment1,3_Experiment1,16,NA,NA,0,0,0,notvisible,NA,NA,NA,NA,,0,completed_coinfectionexp1,DiedExp1,no
GP23,8/10/2016,CONTROL_noitraconazole,control,CONTROL_noitraconazole,3_Experiment1,3_Experiment1,16,NA,NA,7.4,0,0,notvisible,NA,NA,NA,NA,,0,completed_coinfectionexp1,SurvivedExp1,yes
GP24,8/10/2016,CONTROL_noitraconazole,control,CONTROL_noitraconazole,3_Experiment1,3_Experiment1,16,NA,NA,184.1006118,82.36349,0,notvisible,NA,NA,NA,NA,,0,completed_coinfectionexp1,DiedExp1,yes
SD2,8/10/2016,CONTROL_noitraconazole,control,CONTROL_noitraconazole,3_Experiment1,3_Experiment1,16,NA,NA,52.32,0,0,notvisible,NA,NA,NA,NA,,0,completed_coinfectionexp1,SurvivedExp1,yes
FS10,8/15/16,Bd_Bsal,None,None,3_Experiment1,3_Experiment1,21,NA,2.25,379.04,0,0,notvisible,NA,NA,NA,NA,,0,completed_coinfectionexp1,DiedExp1,yes
FS17,8/15/16,Bd_Bsal,None,None,3_Experiment1,3_Experiment1,21,NA,2.33,2071.6,0,0,notvisible,NA,NA,NA,NA,,0,No,NA,yes
FS9,8/15/16,Bd_Bsal,ALKL1,None,3_Experiment1,3_Experiment1,21,NA,3.26,130.8,0,0,notvisible,NA,NA,NA,NA,,0,No,NA,yes
GP11,8/15/16,Bd_Bsal,None,None,3_Experiment1,3_Experiment1,21,NA,NA,0,0,0,notvisible,NA,NA,NA,NA,,0,No,NA,no
GP12,8/15/16,Bd_Bsal,None,None,3_Experiment1,3_Experiment1,21,NA,2.04,6.42,0,5226.79937,notvisible,NA,NA,NA,NA,,0,completed_coinfectionexp1,DiedExp1,yes
GP13,8/15/16,Bd_Bsal,None,None,3_Experiment1,3_Experiment1,21,NA,1.73,78.35,0,521.41422,notvisible,NA,NA,NA,NA,,0,completed_coinfectionexp1,DiedExp1,yes
GP19,8/15/16,Bd_Bsal,None,None,3_Experiment1,3_Experiment1,21,NA,1.91,0,0,307.54637,notvisible,NA,NA,NA,NA,,0,completed_coinfectionexp1,DiedExp1,no
GP32,8/15/16,Bd_Bsal,None,None,3_Experiment1,3_Experiment1,21,NA,1.95,0,0,119.4102,notvisible,NA,NA,NA,NA,,0,No,NA,no
GP34,8/15/16,Bd_Bsal,None,None,3_Experiment1,3_Experiment1,21,NA,1.84,6.8,0,28.19931,notvisible,NA,NA,NA,NA,,0,completed_coinfectionexp1,DiedExp1,yes
GP35,8/15/16,Bd_Bsal,None,None,3_Experiment1,3_Experiment1,21,NA,1.94,12.97797083,0,4973.18334,notvisible,NA,NA,NA,NA,,0,completed_coinfectionexp1,DiedExp1,yes
SD4,8/15/16,Bd_Bsal,None,None,3_Experiment1,3_Experiment1,21,NA,1.6,0,0,0,notvisible,NA,NA,NA,NA,,0,No,NA,no
SD8,8/15/16,Bd_Bsal,None,None,3_Experiment1,3_Experiment1,21,NA,1.62,0,0,0,notvisible,NA,NA,NA,NA,,0,completed_coinfectionexp1,SurvivedExp1,no
FS11,8/15/16,Bd_BsalLater,None,None,3_Experiment1,3_Experiment1,21,NA,2.12,2261.44,0,0,notvisible,NA,NA,NA,NA,,0,completed_coinfectionexp1,SurvivedExp1,yes
FS12,8/15/16,Bd_BsalLater,None,None,3_Experiment1,3_Experiment1,21,NA,2.46,27.8,0,0,notvisible,NA,NA,NA,NA,,0,completed_coinfectionexp1,DiedExp1,yes
FS18,8/15/16,Bd_BsalLater,None,None,3_Experiment1,3_Experiment1,21,NA,2.83,178.5,0,0,notvisible,NA,NA,NA,euthanized_on_8/15/2016,,0,No,NA,yes
GP14,8/15/16,Bd_BsalLater,None,None,3_Experiment1,3_Experiment1,21,NA,2.26,18.71,0,0,notvisible,NA,NA,NA,NA,,0,completed_coinfectionexp1,SurvivedExp1,yes
GP15,8/15/16,Bd_BsalLater,None,None,3_Experiment1,3_Experiment1,21,NA,2.46,23.2,0,0,notvisible,NA,NA,NA,NA,,0,completed_coinfectionexp1,SurvivedExp1,yes
GP20,8/15/16,Bd_BsalLater,None,None,3_Experiment1,3_Experiment1,21,NA,2.48,3.91,0,0,notvisible,NA,NA,NA,NA,,0,completed_coinfectionexp1,SurvivedExp1,yes
GP36,8/15/16,Bd_BsalLater,None,None,3_Experiment1,3_Experiment1,21,NA,2.24,15.5,0,0,notvisible,NA,NA,NA,NA,,0,No,NA,yes
GP37,8/15/16,Bd_BsalLater,None,None,3_Experiment1,3_Experiment1,21,NA,2.29,0,0,0,notvisible,NA,NA,NA,NA,,0,No,NA,no
GP38,8/15/16,Bd_BsalLater,None,None,3_Experiment1,3_Experiment1,21,NA,2.41,0,0,18072.73087,notvisible,NA,NA,NA,NA,,0,completed_coinfectionexp1,DiedExp1,no
GP40,8/15/16,Bd_BsalLater,None,None,3_Experiment1,3_Experiment1,21,NA,1.85,12.24,0,0,notvisible,NA,NA,NA,NA,,0,completed_coinfectionexp1,SurvivedExp1,yes
GP9,8/15/16,Bd_BsalLater,None,None,3_Experiment1,3_Experiment1,21,NA,2.08,0,0,0,notvisible,NA,NA,NA,NA,,0,completed_coinfectionexp1,SurvivedExp1,no
SD5,8/15/16,Bd_BsalLater,None,None,3_Experiment1,3_Experiment1,21,NA,2.11,0,0,11.94234,notvisible,NA,NA,NA,NA,,0,completed_coinfectionexp1,DiedExp1,no
FS15,8/15/16,Bd_ONLY,None,None,3_Experiment1,3_Experiment1,21,NA,2.28,2763.1,0,0,notvisible,NA,NA,NA,NA,,0,completed_coinfectionexp1,SurvivedExp1,yes
FS3,8/15/16,Bd_ONLY,ALKL1,None,3_Experiment1,3_Experiment1,21,NA,2.81,0,0,0,notvisible,NA,NA,NA,NA,,0,No,NA,no
FS5,8/15/16,Bd_ONLY,None,None,3_Experiment1,3_Experiment1,21,NA,2.69,6.6,1.72,0,notvisible,NA,NA,NA,euthanized_on_8/15/2016,,0,No,NA,yes
GP22,8/15/16,Bd_ONLY,ALKL1,None,3_Experiment1,3_Experiment1,21,NA,2.13,0,0,0,notvisible,NA,NA,NA,NA,,0,No,NA,no
GP25,8/15/16,Bd_ONLY,None,None,3_Experiment1,3_Experiment1,21,NA,2.45,0,0,0,notvisible,NA,NA,NA,NA,,0,completed_coinfectionexp1,SurvivedExp1,no
GP28,8/15/16,Bd_ONLY,None,None,3_Experiment1,3_Experiment1,21,NA,1.74,86.2,0,0,notvisible,NA,NA,NA,NA,,0,No,NA,yes
GP30,8/15/16,Bd_ONLY,None,None,3_Experiment1,3_Experiment1,21,NA,2.01,6.5,0,0,notvisible,NA,NA,NA,NA,,0,No,NA,yes
GP4,8/15/16,Bd_ONLY,None,None,3_Experiment1,3_Experiment1,21,NA,2.23,12.2,0,0,notvisible,NA,NA,NA,NA,,0,completed_coinfectionexp1,SurvivedExp1,yes
GP5,8/15/16,Bd_ONLY,None,None,3_Experiment1,3_Experiment1,21,NA,2.31,85.8,0,0,notvisible,NA,NA,NA,NA,,0,No,NA,yes
GP8,8/15/16,Bd_ONLY,None,None,3_Experiment1,3_Experiment1,21,NA,2.32,0,0,0,notvisible,NA,NA,NA,NA,,0,No,NA,no
SD1,8/15/16,Bd_ONLY,None,None,3_Experiment1,3_Experiment1,21,NA,1.74,0,0,0,notvisible,NA,NA,NA,NA,,0,No,NA,no
SD7,8/15/16,Bd_ONLY,None,None,3_Experiment1,3_Experiment1,21,NA,1.99,0,0,0,notvisible,NA,NA,NA,NA,,0,completed_coinfectionexp1,SurvivedExp1,no
FS13,8/15/16,Bsal_BdLater,None,None,3_Experiment1,3_Experiment1,21,NA,1.61,293.45,0,0,notvisible,NA,NA,NA,NA,,0,completed_coinfectionexp1,SurvivedExp1,yes
FS14,8/15/16,Bsal_BdLater,None,None,3_Experiment1,3_Experiment1,21,NA,2.83,0,0,0,notvisible,NA,NA,NA,NA,,0,completed_coinfectionexp1,SurvivedExp1,no
FS19,8/15/16,Bsal_BdLater,None,None,3_Experiment1,3_Experiment1,21,NA,1.88,9147.3,0,0,notvisible,NA,NA,NA,NA,,0,completed_coinfectionexp1,SurvivedExp1,yes
FS20,8/15/16,Bsal_BdLater,None,None,3_Experiment1,3_Experiment1,21,NA,3.34,15.5,0,14.44028,notvisible,NA,NA,NA,NA,,0,No,NA,yes
GP16,8/15/16,Bsal_BdLater,None,None,3_Experiment1,3_Experiment1,21,NA,2.38,13.5,0,0,notvisible,NA,NA,NA,NA,,0,completed_coinfectionexp1,DiedExp1,yes
GP17,8/15/16,Bsal_BdLater,None,None,3_Experiment1,3_Experiment1,21,NA,2.06,56.7,0,0,notvisible,NA,NA,NA,NA,,0,completed_coinfectionexp1,SurvivedExp1,yes
GP21,8/15/16,Bsal_BdLater,ALKL1,None,3_Experiment1,3_Experiment1,21,NA,2.12,0,0,0,notvisible,NA,NA,NA,NA,,0,No,NA,no
GP39,8/15/16,Bsal_BdLater,None,None,3_Experiment1,3_Experiment1,21,NA,2.08,0,0,0,notvisible,NA,NA,NA,NA,,0,completed_coinfectionexp1,SurvivedExp1,no
GP41,8/15/16,Bsal_BdLater,None,None,3_Experiment1,3_Experiment1,21,NA,1.94,30.3,0,2488.66087,notvisible,NA,NA,NA,NA,,0,completed_coinfectionexp1,DiedExp1,yes
GP42,8/15/16,Bsal_BdLater,None,None,3_Experiment1,3_Experiment1,21,NA,2.39,2.83,0,1467.08421,notvisible,NA,NA,NA,NA,,0,completed_coinfectionexp1,DiedExp1,yes
SD6,8/15/16,Bsal_BdLater,None,None,3_Experiment1,3_Experiment1,21,NA,2.32,0,0,0,notvisible,NA,NA,NA,NA,,0,completed_coinfectionexp1,SurvivedExp1,no
SD9,8/15/16,Bsal_BdLater,None,None,3_Experiment1,3_Experiment1,21,NA,2.7,0,0,0,notvisible,NA,NA,NA,NA,,0,completed_coinfectionexp1,DiedExp1,no
FS7,9/5/2016,Bsal_ONLY,None,None,3_Experiment1,3_Experiment1,41,NA,2.22,597.4,0,0,notvisible,NA,NA,NA,NA,dead,0,No,NA,yes
FS7,9/12/2016,Bsal_ONLY,None,None,3_Experiment1,3_Experiment1,48,NA,2.45,597.4,0,0,notvisible,NA,NA,NA,NA,dead,0,No,NA,yes
FS7,9/19/16,Bsal_ONLY,None,None,3_Experiment1,3_Experiment1,55,NA,2.11,597.4,0,0,notvisible,NA,NA,NA,NA,dead,0,No,NA,yes
FS8,8/15/16,Bsal_ONLY,None,None,3_Experiment1,3_Experiment1,21,NA,2.03,0,0,0,notvisible,NA,NA,NA,NA,alive,0,No,NA,no
FS7,9/29/16,Bsal_ONLY,None,None,3_Experiment1,3_Experiment1,67,NA,NA,597.4,0,0,notvisible,NA,NA,NA,Euthanized_9/29/16,dead,0,No,NA,yes
GP18,8/15/16,Bsal_ONLY,None,None,3_Experiment1,3_Experiment1,21,NA,2.54,75.1,0,0,notvisible,NA,NA,NA,NA,alive,0,completed_coinfectionexp1,SurvivedExp1,yes
GP10,16-Jun,Bsal_ONLY,None,None,1_Capture,1_Capture,0,NA,NA,0,0,0,notvisible,NA,NA,NA,NA,dead,0,No,NA,no
GP10,16-Jul,Bsal_ONLY,None,None,2_After_itra,2_After_itra,0,NA,NA,0,0,0,notvisible,NA,NA,NA,NA,dead,0,No,NA,no
GP10,8/1/2016,Bsal_ONLY,None,None,3_Experiment1,3_Experiment1,7,NA,NA,0,0,9.072977149,notvisible,NA,NA,NA,NA,dead,0,No,NA,no
GP10,8/8/2016,Bsal_ONLY,None,None,3_Experiment1,3_Experiment1,14,NA,2.27,0,0,0,yes,pieces,NA,NA,NA,dead,0,No,NA,no
SD10,8/15/16,Bsal_ONLY,None,None,3_Experiment1,3_Experiment1,21,NA,2.15,5.91,0,0,notvisible,NA,NA,NA,NA,alive,0,completed_coinfectionexp1,SurvivedExp1,yes
GP10,8/10/2016,Bsal_ONLY,None,None,3_Experiment1,3_Experiment1,16,NA,NA,0,0,0,notvisible,NA,NA,NA,NA,dead,0,No,NA,no
FS2,8/15/16,CONTROL_negative,control,CONTROL_negative,3_Experiment1,3_Experiment1,21,NA,2.3,168.62,0,0,notvisible,NA,NA,NA,NA,,0,completed_coinfectionexp1,SurvivedExp1,yes
FS4,8/15/16,CONTROL_negative,control,CONTROL_negative,3_Experiment1,3_Experiment1,21,NA,3.19,0,0,0,notvisible,NA,NA,NA,NA,,0,No,NA,no
GP27,8/15/16,CONTROL_negative,control,CONTROL_negative,3_Experiment1,3_Experiment1,21,NA,1.89,20.53,0,0,notvisible,NA,NA,NA,NA,,0,completed_coinfectionexp1,SurvivedExp1,yes
GP29,8/15/16,CONTROL_negative,control,CONTROL_negative,3_Experiment1,3_Experiment1,21,NA,1.76,0,0,0,notvisible,NA,NA,NA,NA,,0,completed_coinfectionexp1,SurvivedExp1,no
GP3,8/15/16,CONTROL_negative,control,CONTROL_negative,3_Experiment1,3_Experiment1,21,NA,2.39,9.6,0,0,notvisible,NA,NA,NA,NA,,0,completed_coinfectionexp1,SurvivedExp1,yes
GP7,8/15/16,CONTROL_negative,control,CONTROL_negative,3_Experiment1,3_Experiment1,21,NA,3.03,0,0,0,notvisible,NA,NA,NA,NA,,0,completed_coinfectionexp1,SurvivedExp1,no
FS1,8/15/16,CONTROL_noitraconazole,control,CONTROL_noitraconazole,3_Experiment1,3_Experiment1,21,NA,2.3,196.63,3.32,0,notvisible,NA,NA,NA,NA,,0,completed_coinfectionexp1,SurvivedExp1,yes
GP1,8/15/16,CONTROL_noitraconazole,control,CONTROL_noitraconazole,3_Experiment1,3_Experiment1,21,NA,2.21,2.76,1.75,0,notvisible,NA,NA,NA,NA,,0,completed_coinfectionexp1,SurvivedExp1,yes
GP2,8/15/16,CONTROL_noitraconazole,control,CONTROL_noitraconazole,3_Experiment1,3_Experiment1,21,NA,2.08,0,0,0,notvisible,NA,NA,NA,NA,,0,completed_coinfectionexp1,DiedExp1,no
GP23,8/15/16,CONTROL_noitraconazole,control,CONTROL_noitraconazole,3_Experiment1,3_Experiment1,21,NA,2.5,7.4,72.55365588,0,notvisible,NA,NA,NA,NA,,0,completed_coinfectionexp1,SurvivedExp1,yes
GP24,8/15/16,CONTROL_noitraconazole,control,CONTROL_noitraconazole,3_Experiment1,3_Experiment1,21,NA,2.32,184.1006118,299.56,0,notvisible,NA,NA,NA,NA,,0,completed_coinfectionexp1,DiedExp1,yes
SD2,8/15/16,CONTROL_noitraconazole,control,CONTROL_noitraconazole,3_Experiment1,3_Experiment1,21,NA,2.49,52.32,0,0,notvisible,NA,NA,NA,NA,,0,completed_coinfectionexp1,SurvivedExp1,yes
FS1,8/23/16,CONTROL_noitraconazole,control,CONTROL_noitraconazole,3_Experiment1,3_Experiment1,29,NA,2.36,196.63,0,0,yes,dark_fingertips,NA,reddening,NA,,0,completed_coinfectionexp1,SurvivedExp1,yes
FS10,8/23/16,Bd_Bsal,None,None,3_Experiment1,3_Experiment1,29,NA,2.29,379.04,0,61.65917737,yes,shedding_head,yes,reddening,NA,,0,completed_coinfectionexp1,DiedExp1,yes
FS11,8/23/16,Bd_BsalLater,None,None,3_Experiment1,3_Experiment1,29,NA,2.17,2261.44,0,0,yes,shedding,yes,reddening,NA,,0,completed_coinfectionexp1,SurvivedExp1,yes
FS12,8/23/16,Bd_BsalLater,None,None,3_Experiment1,3_Experiment1,29,NA,2.32,27.8,0,0,yes,shedding,NA,NA,NA,,0,completed_coinfectionexp1,DiedExp1,yes
FS13,8/23/16,Bsal_BdLater,None,None,3_Experiment1,3_Experiment1,29,NA,1.6,293.45,0,0,notvisible,NA,NA,NA,NA,,0,completed_coinfectionexp1,SurvivedExp1,yes
FS14,8/23/16,Bsal_BdLater,None,None,3_Experiment1,3_Experiment1,29,NA,2.55,0,0,0,notvisible,NA,yes,NA,NA,,0,completed_coinfectionexp1,SurvivedExp1,no
FS15,8/23/16,Bd_ONLY,None,None,3_Experiment1,3_Experiment1,29,NA,2.45,2763.1,0,0,notvisible,NA,yes,NA,NA,,0,completed_coinfectionexp1,SurvivedExp1,yes
GP10,8/15/16,Bsal_ONLY,None,None,3_Experiment1,3_Experiment1,21,NA,2.06,0,0,0,notvisible,NA,NA,NA,NA,dead,0,No,NA,no
FS17,8/23/16,Bd_Bsal,None,None,3_Experiment1,3_Experiment1,29,NA,2.45,2071.6,0,0,notvisible,NA,yes,NA,NA,,0,No,NA,yes
FS19,8/23/16,Bsal_BdLater,None,None,3_Experiment1,3_Experiment1,29,NA,1.89,9147.3,0,0,notvisible,NA,NA,very_green,NA,,0,completed_coinfectionexp1,SurvivedExp1,yes
FS2,8/23/16,CONTROL_negative,control,CONTROL_negative,3_Experiment1,3_Experiment1,29,NA,2.06,168.62,0,0,notvisible,NA,yes,dark_hands,NA,,0,completed_coinfectionexp1,SurvivedExp1,yes
FS3,8/23/16,Bd_ONLY,ALKL1,None,3_Experiment1,3_Experiment1,29,NA,2.88,0,0,0,yes,shedding,yes,NA,NA,,0,No,NA,no
FS4,8/23/16,CONTROL_negative,control,CONTROL_negative,3_Experiment1,3_Experiment1,29,NA,3.12,0,0,0,yes,shedding_,NA,big,NA,,0,No,NA,no
GP10,8/23/16,Bsal_ONLY,None,None,3_Experiment1,3_Experiment1,29,NA,1.95,0,0,0,notvisible,NA,NA,NA,NA,dead,0,No,NA,no
GP10,8/30/16,Bsal_ONLY,None,None,3_Experiment1,3_Experiment1,36,NA,1.97,0,0,0,yes,darkening_hand/feet,NA,NA,NA,dead,0,No,NA,no
FS8,8/23/16,Bsal_ONLY,None,None,3_Experiment1,3_Experiment1,29,NA,2.17,0,0,0,yes,shedding,NA,also_shed_tapeworm,NA,alive,0,No,NA,no
FS9,8/23/16,Bd_Bsal,ALKL1,None,3_Experiment1,3_Experiment1,29,NA,3.16,130.8,0,0,yes,shedding,NA,NA,NA,,0,No,NA,yes
GP1,8/23/16,CONTROL_noitraconazole,control,CONTROL_noitraconazole,3_Experiment1,3_Experiment1,29,NA,2.11,2.76,0,0,notvisible,NA,yes,NA,NA,,0,completed_coinfectionexp1,SurvivedExp1,yes
GP10,9/5/2016,Bsal_ONLY,None,None,3_Experiment1,3_Experiment1,41,NA,1.75,0,0,0,yes,dark_hands,NA,NA,NA,dead,0,No,NA,no
GP11,8/23/16,Bd_Bsal,None,None,3_Experiment1,3_Experiment1,29,NA,2.41,0,0,0,notvisible,NA,NA,NA,NA,,0,No,NA,no
GP12,8/23/16,Bd_Bsal,None,None,3_Experiment1,3_Experiment1,29,NA,1.98,6.42,0,8949.107508,notvisible,NA,NA,reddening,NA,,0,completed_coinfectionexp1,DiedExp1,yes
GP13,8/23/16,Bd_Bsal,None,None,3_Experiment1,3_Experiment1,29,NA,1.69,78.35,0,7324.66142,yes,shedding_dark_hands/feet,NA,slow,NA,,0,completed_coinfectionexp1,DiedExp1,yes
GP14,8/23/16,Bd_BsalLater,None,None,3_Experiment1,3_Experiment1,29,NA,2.13,18.71,0,0,notvisible,NA,NA,reddening,NA,,0,completed_coinfectionexp1,SurvivedExp1,yes
GP15,8/23/16,Bd_BsalLater,None,None,3_Experiment1,3_Experiment1,29,NA,2.47,23.2,0,0,yes,dark_fingertips,yes,reddening,NA,,0,completed_coinfectionexp1,SurvivedExp1,yes
GP16,8/23/16,Bsal_BdLater,None,None,3_Experiment1,3_Experiment1,29,NA,2.43,13.5,0,158.3039218,notvisible,NA,yes,pink,NA,,0,completed_coinfectionexp1,DiedExp1,yes
GP17,8/23/16,Bsal_BdLater,None,None,3_Experiment1,3_Experiment1,29,NA,2.19,56.7,0,0,notvisible,NA,NA,reddening,NA,,0,completed_coinfectionexp1,SurvivedExp1,yes
GP18,8/23/16,Bsal_ONLY,None,None,3_Experiment1,3_Experiment1,29,NA,2.39,75.1,0,0,yes,shedding_dark_hands/feet,NA,NA,NA,alive,0,completed_coinfectionexp1,SurvivedExp1,yes
GP19,8/23/16,Bd_Bsal,None,None,3_Experiment1,3_Experiment1,29,NA,1.84,0,0,816.6038742,notvisible,NA,yes,NA,NA,,0,completed_coinfectionexp1,DiedExp1,no
GP2,8/23/16,CONTROL_noitraconazole,control,CONTROL_noitraconazole,3_Experiment1,3_Experiment1,29,NA,2.06,0,0,0,notvisible,NA,NA,NA,NA,,0,completed_coinfectionexp1,DiedExp1,no
GP20,8/23/16,Bd_BsalLater,None,None,3_Experiment1,3_Experiment1,29,NA,2.4,3.91,0,0,yes,dark_fingertips,NA,NA,NA,,0,completed_coinfectionexp1,SurvivedExp1,yes
GP21,8/23/16,Bsal_BdLater,ALKL1,None,3_Experiment1,3_Experiment1,29,NA,2.03,0,0,0,yes,darkening_hands,NA,NA,NA,,0,No,NA,no
GP22,8/23/16,Bd_ONLY,ALKL1,None,3_Experiment1,3_Experiment1,29,NA,2.23,0,0,0,yes,dark_hands,yes,NA,NA,,0,No,NA,no
GP23,8/23/16,CONTROL_noitraconazole,control,CONTROL_noitraconazole,3_Experiment1,3_Experiment1,29,NA,2.7,7.4,199.879469,0,notvisible,NA,one,NA,NA,,0,completed_coinfectionexp1,SurvivedExp1,yes
GP24,8/23/16,CONTROL_noitraconazole,control,CONTROL_noitraconazole,3_Experiment1,3_Experiment1,29,NA,2.36,184.1006118,360.9704201,0,notvisible,NA,NA,NA,NA,,0,completed_coinfectionexp1,DiedExp1,yes
GP25,8/23/16,Bd_ONLY,None,None,3_Experiment1,3_Experiment1,29,NA,2.37,0,0,0,notvisible,NA,NA,NA,NA,,0,completed_coinfectionexp1,SurvivedExp1,no
GP10,9/12/2016,Bsal_ONLY,None,None,3_Experiment1,3_Experiment1,48,NA,2.04,0,0,0,notvisible,NA,NA,NA,NA,dead,0,No,NA,no
GP27,8/23/16,CONTROL_negative,control,CONTROL_negative,3_Experiment1,3_Experiment1,29,NA,1.71,20.53,0,0,notvisible,NA,NA,NA,NA,,0,completed_coinfectionexp1,SurvivedExp1,yes
FS20,8/19/16,Bsal_BdLater,None,None,3_Experiment1,3_Experiment1,29,NA,NA,15.5,0,0,yes,lots_,NA,NA,Euthanized_8/19/16,,0,No,NA,yes
GP28,8/23/16,Bd_ONLY,None,None,3_Experiment1,3_Experiment1,29,NA,1.74,86.2,0,0,yes,dark_hands/feet,yes,NA,NA,,0,No,NA,yes
GP29,8/23/16,CONTROL_negative,control,CONTROL_negative,3_Experiment1,3_Experiment1,29,NA,1.89,0,0,0,yes,complete_skin_shed,NA,NA,NA,,0,completed_coinfectionexp1,SurvivedExp1,no
GP3,8/23/16,CONTROL_negative,control,CONTROL_negative,3_Experiment1,3_Experiment1,29,NA,2.33,9.6,0,0,notvisible,NA,NA,NA,NA,,0,completed_coinfectionexp1,SurvivedExp1,yes
GP30,8/23/16,Bd_ONLY,None,None,3_Experiment1,3_Experiment1,29,NA,1.87,6.5,0,0,notvisible,NA,yes,NA,NA,,0,No,NA,yes
GP32,8/23/16,Bd_Bsal,None,None,3_Experiment1,3_Experiment1,29,NA,2.02,0,0,44.86802834,yes,dark_hands/feet,NA,reddening,NA,,0,No,NA,no
GP10,9/19/16,Bsal_ONLY,None,None,3_Experiment1,3_Experiment1,55,NA,1.69,0,0,0,notvisible,NA,NA,NA,NA,dead,0,No,NA,no
GP34,8/23/16,Bd_Bsal,None,None,3_Experiment1,3_Experiment1,29,NA,1.79,6.8,0,113.2939201,yes,dark_fingertips,NA,thin,NA,,0,completed_coinfectionexp1,DiedExp1,yes
GP35,8/23/16,Bd_Bsal,None,None,3_Experiment1,3_Experiment1,29,NA,1.79,12.97797083,0,16053.09549,yes,dark_tip_tail,NA,ulcers_snout,NA,,0,completed_coinfectionexp1,DiedExp1,yes
GP36,8/23/16,Bd_BsalLater,None,None,3_Experiment1,3_Experiment1,29,NA,2.26,15.5,0,0,yes,dark_fingertips,yes,NA,NA,,0,No,NA,yes
GP37,8/23/16,Bd_BsalLater,None,None,3_Experiment1,3_Experiment1,29,NA,2.1,0,0,0,notvisible,NA,yes,NA,NA,,0,No,NA,no
GP38,8/23/16,Bd_BsalLater,None,None,3_Experiment1,3_Experiment1,29,NA,2.43,0,0,4188.300593,notvisible,NA,NA,NA,NA,,0,completed_coinfectionexp1,DiedExp1,no
GP39,8/23/16,Bsal_BdLater,None,None,3_Experiment1,3_Experiment1,29,NA,2.02,0,0,0,notvisible,NA,NA,NA,NA,,0,completed_coinfectionexp1,SurvivedExp1,no
GP4,8/23/16,Bd_ONLY,None,None,3_Experiment1,3_Experiment1,29,NA,2.41,12.2,0,0,yes,shedding_neck,NA,NA,NA,,0,completed_coinfectionexp1,SurvivedExp1,yes
GP40,8/23/16,Bd_BsalLater,None,None,3_Experiment1,3_Experiment1,29,NA,1.79,12.24,0,0,notvisible,NA,NA,NA,NA,,0,completed_coinfectionexp1,SurvivedExp1,yes
GP41,8/23/16,Bsal_BdLater,None,None,3_Experiment1,3_Experiment1,29,NA,1.78,30.3,0,740.2787736,yes,shedding,NA,NA,NA,,0,completed_coinfectionexp1,DiedExp1,yes
GP10,9/29/16,Bsal_ONLY,None,None,3_Experiment1,3_Experiment1,67,NA,NA,0,0,0,notvisible,NA,NA,NA,Euthanized_9/29/16,dead,0,No,NA,no
GP42,8/23/16,Bsal_BdLater,None,None,3_Experiment1,3_Experiment1,29,NA,2.09,2.83,0,29498.22418,yes,shedding_lots,NA,"skin_doesnêt_look_good,_very_red",NA,,0,completed_coinfectionexp1,DiedExp1,yes
GP5,8/23/16,Bd_ONLY,None,None,3_Experiment1,3_Experiment1,29,NA,2.62,85.8,0,0,notvisible,NA,NA,NA,NA,,0,No,NA,yes
GP26,16-Jun,Bsal_ONLY,None,None,1_Capture,1_Capture,0,NA,NA,0,0,0,notvisible,NA,NA,NA,NA,dead,0,No,NA,no
GP7,8/23/16,CONTROL_negative,control,CONTROL_negative,3_Experiment1,3_Experiment1,29,NA,2.69,0,0,0,notvisible,NA,NA,NA,NA,,0,completed_coinfectionexp1,SurvivedExp1,no
GP8,8/23/16,Bd_ONLY,None,None,3_Experiment1,3_Experiment1,29,NA,2.11,0,0,0,notvisible,NA,NA,NA,NA,,0,No,NA,no
GP9,8/23/16,Bd_BsalLater,None,None,3_Experiment1,3_Experiment1,29,NA,2.08,0,0,0,notvisible,NA,one,NA,NA,,0,completed_coinfectionexp1,SurvivedExp1,no
SD1,8/23/16,Bd_ONLY,None,None,3_Experiment1,3_Experiment1,29,NA,1.65,0,0,0,notvisible,NA,yes,NA,NA,,0,No,NA,no
SD10,8/23/16,Bsal_ONLY,None,None,3_Experiment1,3_Experiment1,29,NA,2.2,5.91,0,0,notvisible,NA,NA,NA,NA,alive,0,completed_coinfectionexp1,SurvivedExp1,yes
SD2,8/23/16,CONTROL_noitraconazole,control,CONTROL_noitraconazole,3_Experiment1,3_Experiment1,29,NA,2.66,52.32,0,0,notvisible,NA,NA,dark_hands_and_feet,NA,,0,completed_coinfectionexp1,SurvivedExp1,yes
GP26,16-Jul,Bsal_ONLY,None,None,2_After_itra,2_After_itra,0,NA,NA,0,0,0,notvisible,NA,NA,NA,NA,dead,0,No,NA,no
SD4,8/23/16,Bd_Bsal,None,None,3_Experiment1,3_Experiment1,29,NA,1.58,0,0,0,notvisible,NA,NA,NA,NA,,0,No,NA,no
SD5,8/23/16,Bd_BsalLater,None,None,3_Experiment1,3_Experiment1,29,NA,2.12,0,0,100.9085352,notvisible,NA,NA,pink,NA,,0,completed_coinfectionexp1,DiedExp1,no
SD6,8/23/16,Bsal_BdLater,None,None,3_Experiment1,3_Experiment1,29,NA,2.32,0,0,0,yes,dark_hands/feet,NA,reddening,NA,,0,completed_coinfectionexp1,SurvivedExp1,no
SD7,8/23/16,Bd_ONLY,None,None,3_Experiment1,3_Experiment1,29,NA,1.96,0,0,0,notvisible,NA,NA,NA,NA,,0,completed_coinfectionexp1,SurvivedExp1,no
SD8,8/23/16,Bd_Bsal,None,None,3_Experiment1,3_Experiment1,29,NA,1.54,0,0,0,notvisible,NA,yes,NA,NA,,0,completed_coinfectionexp1,SurvivedExp1,no
SD9,8/23/16,Bsal_BdLater,None,None,3_Experiment1,3_Experiment1,29,NA,2.73,0,0,0,notvisible,NA,NA,reddening,NA,,0,completed_coinfectionexp1,DiedExp1,no
GP3,8/26/16,CONTROL_negative,control,CONTROL_negative,3_Experiment1,3_Experiment1,32,NA,NA,9.6,0,0,notvisible,NA,NA,NA,NA,,0,completed_coinfectionexp1,SurvivedExp1,yes
GP7,8/26/16,CONTROL_negative,control,CONTROL_negative,3_Experiment1,3_Experiment1,32,NA,NA,0,0,0,notvisible,NA,NA,NA,NA,,0,completed_coinfectionexp1,SurvivedExp1,no
SD2,8/26/16,CONTROL_noitraconazole,control,CONTROL_noitraconazole,3_Experiment1,3_Experiment1,32,NA,NA,52.32,0,0,notvisible,NA,NA,red,NA,,0,completed_coinfectionexp1,SurvivedExp1,yes
GP2,8/26/16,CONTROL_noitraconazole,control,CONTROL_noitraconazole,3_Experiment1,3_Experiment1,32,NA,NA,0,0,0,notvisible,NA,NA,NA,NA,,0,completed_coinfectionexp1,DiedExp1,no
GP23,8/26/16,CONTROL_noitraconazole,control,CONTROL_noitraconazole,3_Experiment1,3_Experiment1,32,NA,NA,7.4,895.2,0,notvisible,NA,NA,NA,NA,,0,completed_coinfectionexp1,SurvivedExp1,yes
GP5,8/26/16,Bd_ONLY,JEL648,JEL648,4_Experiment2,4_Experiment2,3,NA,NA,85.8,53.94,0,notvisible,NA,NA,reddening,NA,,0,No,NA,yes
GP36,8/26/16,Bd_BsalLater,JEL648,JEL648,4_Experiment2,4_Experiment2,3,NA,NA,15.5,271.99,0,yes,"shedding_trunk,_dark_hands",NA,NA,NA,,0,No,NA,yes
GP8,8/26/16,Bd_ONLY,JEL648,JEL648,4_Experiment2,4_Experiment2,3,NA,NA,0,108.04,0,notvisible,NA,NA,NA,NA,,0,No,NA,no
SD4,8/26/16,Bd_Bsal,JEL648,JEL648,4_Experiment2,4_Experiment2,3,NA,NA,0,223.3439071,0,notvisible,NA,NA,NA,NA,,0,No,NA,no
GP26,8/1/2016,Bsal_ONLY,None,None,3_Experiment1,3_Experiment1,7,NA,NA,0,0,68.06348581,notvisible,NA,NA,NA,NA,dead,0,No,NA,no
GP21,8/26/16,Bsal_BdLater,ALKL1,ALKL1,4_Experiment2,4_Experiment2,3,NA,NA,0,109.7683701,0,yes,dark_skin,NA,NA,NA,,0,No,NA,no
FS3,8/26/16,Bd_ONLY,ALKL1,ALKL1,4_Experiment2,4_Experiment2,3,NA,NA,0,1324.528749,0,yes,shedding_lots,NA,NA,NA,,0,No,NA,no
GP26,8/8/2016,Bsal_ONLY,None,None,3_Experiment1,3_Experiment1,14,NA,1.59,0,0,239.382527,notvisible,NA,crickets,NA,NA,dead,0,No,NA,no
GP22,8/26/16,Bd_ONLY,ALKL1,ALKL1,4_Experiment2,4_Experiment2,3,NA,NA,0,739.445149,0,notvisible,NA,NA,NA,NA,,0,No,NA,no
FS9,8/26/16,Bd_Bsal,ALKL1,ALKL1,4_Experiment2,4_Experiment2,3,NA,NA,130.8,49.17522487,0,notvisible,NA,NA,NA,NA,,0,No,NA,yes
GP30,8/26/16,Bd_ONLY,JEL423,JEL423,4_Experiment2,4_Experiment2,3,NA,NA,6.5,2076.627742,0,notvisible,NA,NA,NA,NA,,0,No,NA,yes
FS8,8/26/16,Bsal_ONLY,JEL423,JEL423,4_Experiment2,4_Experiment2,3,NA,NA,0,2365.782219,0,notvisible,NA,NA,NA,NA,alive,0,No,NA,no
GP28,8/26/16,Bd_ONLY,JEL423,JEL423,4_Experiment2,4_Experiment2,3,NA,NA,86.2,386.0963294,0,notvisible,NA,NA,NA,NA,,0,No,NA,yes
SD1,8/26/16,Bd_ONLY,JEL423,JEL423,4_Experiment2,4_Experiment2,3,NA,NA,0,2616.484688,0,notvisible,NA,NA,very_red,NA,,0,No,NA,no
GP11,8/26/16,Bd_Bsal,JEL423,JEL423,4_Experiment2,4_Experiment2,3,NA,NA,0,213.0492746,0,notvisible,NA,NA,NA,NA,,0,No,NA,no
GP42,8/28/16,Bsal_BdLater,None,None,3_Experiment1,3_Experiment1,34,NA,NA,2.83,0,380596.8195,notvisible,NA,NA,NA,Found_dead_8/28/2016,,1,completed_coinfectionexp1,DiedExp1,yes
GP3,8/30/16,CONTROL_negative,control,CONTROL_negative,3_Experiment1,3_Experiment1,32,NA,2.3,9.6,0,0,yes,black_thumbs,NA,NA,NA,,0,completed_coinfectionexp1,SurvivedExp1,yes
GP7,8/30/16,CONTROL_negative,control,CONTROL_negative,3_Experiment1,3_Experiment1,36,NA,2.66,0,0,0,notvisible,NA,NA,NA,NA,,0,completed_coinfectionexp1,SurvivedExp1,no
SD2,8/30/16,CONTROL_noitraconazole,control,CONTROL_noitraconazole,3_Experiment1,3_Experiment1,36,NA,2.48,52.32,0,0,notvisible,NA,NA,very_red,NA,,0,completed_coinfectionexp1,SurvivedExp1,yes
GP2,8/30/16,CONTROL_noitraconazole,control,CONTROL_noitraconazole,3_Experiment1,3_Experiment1,36,NA,1.9,0,53.14486022,0,notvisible,NA,NA,thin,NA,,0,completed_coinfectionexp1,DiedExp1,no
GP23,8/30/16,CONTROL_noitraconazole,control,CONTROL_noitraconazole,3_Experiment1,3_Experiment1,36,NA,2.37,7.4,20344.47537,0,yes,shedding_pieces,NA,NA,NA,,0,completed_coinfectionexp1,SurvivedExp1,yes
FS8,8/30/16,Bsal_ONLY,JEL423,JEL423,4_Experiment2,4_Experiment2,7,NA,1.98,0,0,0,yes,shedding_pieces,NA,NA,NA,alive,0,No,NA,no
GP30,8/30/16,Bd_ONLY,JEL423,JEL423,4_Experiment2,4_Experiment2,7,NA,1.93,6.5,433.2571669,0,notvisible,NA,NA,NA,NA,,0,No,NA,yes
GP28,8/30/16,Bd_ONLY,JEL423,JEL423,4_Experiment2,4_Experiment2,7,NA,1.78,86.2,849.7492483,0,notvisible,NA,NA,NA,NA,,0,No,NA,yes
SD1,8/30/16,Bd_ONLY,JEL423,JEL423,4_Experiment2,4_Experiment2,7,NA,1.71,0,1605.528455,0,notvisible,NA,NA,red,NA,,0,No,NA,no
GP11,8/30/16,Bd_Bsal,JEL423,JEL423,4_Experiment2,4_Experiment2,7,NA,2.34,0,26.97665597,0,notvisible,NA,NA,NA,NA,,0,No,NA,no
GP8,8/30/16,Bd_ONLY,JEL648,JEL648,4_Experiment2,4_Experiment2,7,NA,2.03,0,0,0,notvisible,NA,NA,NA,NA,,0,No,NA,no
SD4,8/30/16,Bd_Bsal,JEL648,JEL648,4_Experiment2,4_Experiment2,7,NA,1.56,0,119.5671765,0,notvisible,NA,NA,red,NA,,0,No,NA,no
GP5,8/30/16,Bd_ONLY,JEL648,JEL648,4_Experiment2,4_Experiment2,7,NA,2.34,85.8,83.59041135,0,notvisible,NA,one,reddening_extremities,NA,,0,No,NA,yes
GP26,8/10/2016,Bsal_ONLY,None,None,3_Experiment1,3_Experiment1,16,NA,NA,0,0,253.0158259,notvisible,NA,NA,NA,NA,dead,0,No,NA,no
GP36,8/30/16,Bd_BsalLater,JEL648,JEL648,4_Experiment2,4_Experiment2,7,NA,2.23,15.5,73.15310737,0,yes,shedding_pieces,one,NA,NA,,0,No,NA,yes
GP26,8/15/16,Bsal_ONLY,None,None,3_Experiment1,3_Experiment1,21,NA,1.66,0,0,4893.27321,notvisible,NA,NA,NA,NA,dead,0,No,NA,no
GP21,8/30/16,Bsal_BdLater,ALKL1,ALKL1,4_Experiment2,4_Experiment2,7,NA,2.09,0,32.95348021,0,notvisible,NA,NA,NA,NA,,0,No,NA,no
FS3,8/30/16,Bd_ONLY,ALKL1,ALKL1,4_Experiment2,4_Experiment2,7,NA,2.99,0,580.6424119,0,yes,shedding_lots,yes,lumpy,NA,,0,No,NA,no
GP22,8/30/16,Bd_ONLY,ALKL1,ALKL1,4_Experiment2,4_Experiment2,7,NA,2,0,344.2737078,0,notvisible,NA,NA,NA,NA,,0,No,NA,no
FS9,8/30/16,Bd_Bsal,ALKL1,ALKL1,4_Experiment2,4_Experiment2,7,NA,3.25,130.8,59.78860635,0,notvisible,NA,NA,NA,NA,,0,No,NA,yes
GP27,8/30/16,CONTROL_negative,control,CONTROL_negative,3_Experiment1,3_Experiment1,36,NA,1.91,20.53,0,0,notvisible,NA,NA,NA,NA,,0,completed_coinfectionexp1,SurvivedExp1,yes
FS4,8/30/16,CONTROL_negative,control,CONTROL_negative,3_Experiment1,3_Experiment1,36,NA,3.31,0,0,0,yes,shedding_pieces,NA,very_big!_Pink_venter,NA,,0,No,NA,no
FS2,8/30/16,CONTROL_negative,control,CONTROL_negative,3_Experiment1,3_Experiment1,36,NA,2.21,168.62,0,0,yes,complete_skin_shed,yes,NA,NA,,0,completed_coinfectionexp1,SurvivedExp1,yes
GP29,8/30/16,CONTROL_negative,control,CONTROL_negative,3_Experiment1,3_Experiment1,36,NA,1.77,0,0,0,yes,shedding_pieces,NA,looks_thin,NA,,0,completed_coinfectionexp1,SurvivedExp1,no
GP24,8/30/16,CONTROL_noitraconazole,control,CONTROL_noitraconazole,3_Experiment1,3_Experiment1,36,NA,2.33,184.1006118,1050,0,notvisible,NA,NA,NA,NA,,0,completed_coinfectionexp1,DiedExp1,yes
GP1,8/30/16,CONTROL_noitraconazole,control,CONTROL_noitraconazole,3_Experiment1,3_Experiment1,36,NA,2.18,2.76,62,0,notvisible,NA,NA,NA,NA,,0,completed_coinfectionexp1,SurvivedExp1,yes
FS1,8/30/16,CONTROL_noitraconazole,control,CONTROL_noitraconazole,3_Experiment1,3_Experiment1,36,NA,2.22,196.63,16,0,yes,shedding_pieces,NA,very_red,NA,,0,completed_coinfectionexp1,SurvivedExp1,yes
GP26,8/23/16,Bsal_ONLY,None,None,3_Experiment1,3_Experiment1,29,NA,1.7,0,0,2710.754835,yes,"dark_tip_tail,_shedding",NA,NA,NA,dead,0,No,NA,no
GP26,8/30/16,Bsal_ONLY,None,None,3_Experiment1,3_Experiment1,36,NA,1.6,0,0,1771.979546,notvisible,dry,NA,NA,NA,dead,0,No,NA,no
GP26,9/5/2016,Bsal_ONLY,None,None,3_Experiment1,3_Experiment1,41,NA,1.71,0,0,25259.69332,notvisible,NA,NA,more_lesions_face,NA,dead,0,No,NA,no
GP26,9/12/2016,Bsal_ONLY,None,None,3_Experiment1,3_Experiment1,48,NA,1.7,0,0,13951.95194,notvisible,NA,NA,NA,NA,dead,0,No,NA,no
GP26,9/19/16,Bsal_ONLY,None,None,3_Experiment1,3_Experiment1,55,NA,1.58,0,0,9618.58117,notvisible,NA,NA,NA,NA,dead,0,No,NA,no
GP26,9/26/16,Bsal_ONLY,None,None,3_Experiment1,3_Experiment1,64,NA,1.57,0,0,81.574,notvisible,NA,NA,NA,NA,dead,0,No,NA,no
SD10,8/30/16,Bsal_ONLY,None,None,3_Experiment1,3_Experiment1,36,NA,1.86,5.91,0,0,notvisible,NA,NA,reddening,NA,alive,0,completed_coinfectionexp1,SurvivedExp1,yes
GP18,8/30/16,Bsal_ONLY,None,None,3_Experiment1,3_Experiment1,36,NA,2.31,75.1,0,0,yes,super_dark_hands/feet,NA,reddening,NA,alive,0,completed_coinfectionexp1,SurvivedExp1,yes
SD8,8/30/16,Bd_Bsal,None,None,3_Experiment1,3_Experiment1,36,NA,1.23,0,0,0,notvisible,NA,yes,slow,NA,,0,completed_coinfectionexp1,SurvivedExp1,no
FS17,8/30/16,Bd_Bsal,None,None,3_Experiment1,3_Experiment1,36,NA,2.2,2071.6,0,0,notvisible,NA,NA,NA,NA,,0,No,NA,yes
GP13,8/30/16,Bd_Bsal,None,None,3_Experiment1,3_Experiment1,36,NA,1.65,78.35,0,32253.96444,yes,shedding_lots,NA,"looks_weak,_reddening",NA,,0,completed_coinfectionexp1,DiedExp1,yes
GP35,8/30/16,Bd_Bsal,None,None,3_Experiment1,3_Experiment1,36,NA,1.73,12.97797083,0,31595.89496,yes,shedding_lots_from_hands,NA,NA,NA,,0,completed_coinfectionexp1,DiedExp1,yes
GP40,8/30/16,Bd_BsalLater,None,None,3_Experiment1,3_Experiment1,36,NA,1.9,12.24,0,0,yes,shedding_dark_fingertips,NA,reddening,NA,,0,completed_coinfectionexp1,SurvivedExp1,yes
FS11,8/30/16,Bd_BsalLater,None,None,3_Experiment1,3_Experiment1,36,NA,2.07,2261.44,0,0,yes,complete_skin_shed,NA,reddening,NA,,0,completed_coinfectionexp1,SurvivedExp1,yes
GP9,8/30/16,Bd_BsalLater,None,None,3_Experiment1,3_Experiment1,36,NA,2.01,0,0,0,notvisible,NA,NA,reddening,NA,,0,completed_coinfectionexp1,SurvivedExp1,no
FS10,8/30/16,Bd_Bsal,None,None,3_Experiment1,3_Experiment1,36,NA,2.22,379.04,0,0,yes,shedding_pieces,NA,reddening,NA,,0,completed_coinfectionexp1,DiedExp1,yes
GP34,8/30/16,Bd_Bsal,None,None,3_Experiment1,3_Experiment1,36,NA,1.77,6.8,0,3.654678268,notvisible,NA,NA,thin,NA,,0,completed_coinfectionexp1,DiedExp1,yes
GP12,8/30/16,Bd_Bsal,None,None,3_Experiment1,3_Experiment1,36,NA,2.11,6.42,0,9202.110798,yes,dark_tip_tail,NA,reddening_extremities,NA,,0,completed_coinfectionexp1,DiedExp1,yes
GP19,8/30/16,Bd_Bsal,None,None,3_Experiment1,3_Experiment1,36,NA,1.73,0,0,2203.7915,yes,shedding_neck,NA,reddening,NA,,0,completed_coinfectionexp1,DiedExp1,no
GP32,8/30/16,Bd_Bsal,None,None,3_Experiment1,3_Experiment1,36,NA,2,0,0,75.26507787,yes,dark_hands,NA,reddening,NA,,0,No,NA,no
GP25,8/30/16,Bd_ONLY,None,None,3_Experiment1,3_Experiment1,36,NA,2.24,0,0,0,notvisible,NA,NA,NA,NA,,0,completed_coinfectionexp1,SurvivedExp1,no
FS15,8/30/16,Bd_ONLY,None,None,3_Experiment1,3_Experiment1,36,NA,2.25,2763.1,0,0,notvisible,NA,NA,NA,NA,,0,completed_coinfectionexp1,SurvivedExp1,yes
GP4,8/30/16,Bd_ONLY,None,None,3_Experiment1,3_Experiment1,36,NA,2.21,12.2,0,0,yes,shedding,NA,NA,NA,,0,completed_coinfectionexp1,SurvivedExp1,yes
SD7,8/30/16,Bd_ONLY,None,None,3_Experiment1,3_Experiment1,36,NA,1.86,0,0,0,notvisible,NA,NA,NA,NA,,0,completed_coinfectionexp1,SurvivedExp1,no
GP37,8/30/16,Bd_BsalLater,None,None,3_Experiment1,3_Experiment1,36,NA,2.14,0,0,0,yes,shedding_lots,NA,discoloration_snout,NA,,0,No,NA,no
GP20,8/30/16,Bd_BsalLater,None,None,3_Experiment1,3_Experiment1,36,NA,2.38,3.91,0,0,yes,dark_hands/feet,NA,NA,NA,,0,completed_coinfectionexp1,SurvivedExp1,yes
GP38,8/30/16,Bd_BsalLater,None,None,3_Experiment1,3_Experiment1,36,NA,2.22,0,0,97753.74867,yes,shedding_lots,NA,skin_looks_dark,euthanized_on_9/2/2016,,1,completed_coinfectionexp1,DiedExp1,no
SD5,8/30/16,Bd_BsalLater,None,None,3_Experiment1,3_Experiment1,36,NA,2.14,0,0,40.87405846,yes,dark_fingertips,NA,reddening,NA,,0,completed_coinfectionexp1,DiedExp1,no
FS12,8/30/16,Bd_BsalLater,None,None,3_Experiment1,3_Experiment1,36,NA,2.23,27.8,0,26.69635324,notvisible,NA,NA,NA,NA,,0,completed_coinfectionexp1,DiedExp1,yes
GP15,8/30/16,Bd_BsalLater,None,None,3_Experiment1,3_Experiment1,36,NA,2.56,23.2,0,0,yes,dark_fingertips,NA,reddening,NA,,0,completed_coinfectionexp1,SurvivedExp1,yes
GP14,8/30/16,Bd_BsalLater,None,None,3_Experiment1,3_Experiment1,36,NA,2.15,18.71,0,0,yes,shedding_neck,NA,NA,NA,,0,completed_coinfectionexp1,SurvivedExp1,yes
FS14,8/30/16,Bsal_BdLater,None,None,3_Experiment1,3_Experiment1,36,NA,2.42,0,0,0,yes,shedding_pieces,NA,NA,NA,,0,completed_coinfectionexp1,SurvivedExp1,no
GP17,8/30/16,Bsal_BdLater,None,None,3_Experiment1,3_Experiment1,36,NA,2.1,56.7,0,0,yes,shedding_pieces,NA,reddening,NA,,0,completed_coinfectionexp1,SurvivedExp1,yes
FS13,8/30/16,Bsal_BdLater,None,None,3_Experiment1,3_Experiment1,36,NA,1.64,293.45,0,0,notvisible,NA,NA,NA,NA,,0,completed_coinfectionexp1,SurvivedExp1,yes
GP39,8/30/16,Bsal_BdLater,None,None,3_Experiment1,3_Experiment1,36,NA,1.9,0,0,0,notvisible,NA,NA,NA,NA,,0,completed_coinfectionexp1,SurvivedExp1,no
GP41,8/30/16,Bsal_BdLater,None,None,3_Experiment1,3_Experiment1,36,NA,1.75,30.3,0,6807.375674,yes,shedding,NA,NA,NA,,0,completed_coinfectionexp1,DiedExp1,yes
SD6,8/30/16,Bsal_BdLater,None,None,3_Experiment1,3_Experiment1,36,NA,2.13,0,0,0,yes,shedding_dark_skin,NA,reddening,NA,,0,completed_coinfectionexp1,SurvivedExp1,no
SD9,8/30/16,Bsal_BdLater,None,None,3_Experiment1,3_Experiment1,36,NA,2.61,0,0,0,yes,reddening,NA,NA,NA,,0,completed_coinfectionexp1,DiedExp1,no
GP16,8/30/16,Bsal_BdLater,None,None,3_Experiment1,3_Experiment1,36,NA,2.3,13.5,0,155.1036005,yes,shedding,NA,NA,NA,,0,completed_coinfectionexp1,DiedExp1,yes
FS19,8/30/16,Bsal_BdLater,None,None,3_Experiment1,3_Experiment1,36,NA,1.8,9147.3,0,0,notvisible,NA,NA,NA,NA,,0,completed_coinfectionexp1,SurvivedExp1,yes
FS4,9/2/2016,CONTROL_negative,control,CONTROL_negative,3_Experiment1,3_Experiment1,38,NA,NA,0,0,0,notvisible,NA,NA,NA,NA,,0,No,NA,no
GP3,9/2/2016,CONTROL_negative,control,CONTROL_negative,3_Experiment1,3_Experiment1,38,NA,NA,9.6,0,0,notvisible,NA,NA,NA,NA,,0,completed_coinfectionexp1,SurvivedExp1,yes
GP7,9/2/2016,CONTROL_negative,control,CONTROL_negative,3_Experiment1,3_Experiment1,38,NA,NA,0,0,0,notvisible,NA,NA,NA,NA,,0,completed_coinfectionexp1,SurvivedExp1,no
SD2,9/2/2016,CONTROL_noitraconazole,control,CONTROL_noitraconazole,3_Experiment1,3_Experiment1,38,NA,NA,52.32,0,0,notvisible,NA,NA,NA,NA,,0,completed_coinfectionexp1,SurvivedExp1,yes
GP2,9/2/2016,CONTROL_noitraconazole,control,CONTROL_noitraconazole,3_Experiment1,3_Experiment1,38,NA,NA,0,18.17,0,notvisible,NA,NA,NA,NA,,0,completed_coinfectionexp1,DiedExp1,no
GP23,9/2/2016,CONTROL_noitraconazole,control,CONTROL_noitraconazole,3_Experiment1,3_Experiment1,38,NA,NA,7.4,415.9,0,notvisible,NA,NA,NA,NA,,0,completed_coinfectionexp1,SurvivedExp1,yes
GP26,9/29/16,Bsal_ONLY,None,None,3_Experiment1,3_Experiment1,67,NA,NA,0,0,705.14,notvisible,NA,NA,NA,Euthanized_9/29/16,dead,0,No,NA,no
GP21,9/2/2016,Bsal_BdLater,ALKL1,ALKL1,4_Experiment2,4_Experiment2,10,NA,NA,0,0,0,notvisible,NA,NA,NA,NA,,0,No,NA,no
GP22,9/2/2016,Bd_ONLY,ALKL1,ALKL1,4_Experiment2,4_Experiment2,10,NA,NA,0,18.35,0,yes,shedding_pieces,NA,NA,NA,,0,No,NA,no
FS3,9/2/2016,Bd_ONLY,ALKL1,ALKL1,4_Experiment2,4_Experiment2,10,NA,NA,0,8.67,0,yes,shedding_pieces,yes,NA,NA,,0,No,NA,no
FS9,9/2/2016,Bd_Bsal,ALKL1,ALKL1,4_Experiment2,4_Experiment2,10,NA,NA,130.8,0,0,notvisible,NA,NA,NA,NA,,0,No,NA,yes
GP5,9/2/2016,Bd_ONLY,JEL648,JEL648,4_Experiment2,4_Experiment2,10,NA,NA,85.8,48.1,0,notvisible,NA,NA,NA,NA,,0,No,NA,yes
GP31,16-Jun,Bsal_ONLY,None,None,1_Capture,1_Capture,0,NA,NA,193.3,193.3,0,notvisible,NA,NA,NA,NA,dead,0,completed_coinfectionexp1,DiedExp1,yes
SD4,9/2/2016,Bd_Bsal,JEL648,JEL648,4_Experiment2,4_Experiment2,10,NA,NA,0,22.53,0,notvisible,NA,NA,NA,NA,,0,No,NA,no
GP36,9/2/2016,Bd_BsalLater,JEL648,JEL648,4_Experiment2,4_Experiment2,10,NA,NA,15.5,6.75,0,yes,shedding_piecies,NA,NA,NA,,0,No,NA,yes
GP8,9/2/2016,Bd_ONLY,JEL648,JEL648,4_Experiment2,4_Experiment2,10,NA,NA,0,18.7,0,notvisible,NA,yes,NA,NA,,0,No,NA,no
GP28,9/2/2016,Bd_ONLY,JEL423,JEL423,4_Experiment2,4_Experiment2,10,NA,NA,86.2,194.5,0,notvisible,NA,NA,NA,NA,,0,No,NA,yes
GP30,9/2/2016,Bd_ONLY,JEL423,JEL423,4_Experiment2,4_Experiment2,10,NA,NA,6.5,17.8,0,notvisible,NA,NA,NA,NA,,0,No,NA,yes
SD1,9/2/2016,Bd_ONLY,JEL423,JEL423,4_Experiment2,4_Experiment2,10,NA,NA,0,333.87,0,notvisible,NA,NA,NA,NA,,0,No,NA,no
FS8,9/2/2016,Bsal_ONLY,JEL423,JEL423,4_Experiment2,4_Experiment2,10,NA,NA,0,87.2,0,yes,shedding_pieces,NA,NA,NA,alive,0,No,NA,no
GP11,9/2/2016,Bd_Bsal,JEL423,JEL423,4_Experiment2,4_Experiment2,10,NA,NA,0,32.41,0,notvisible,NA,NA,NA,NA,,0,No,NA,no
GP18,9/5/2016,Bsal_ONLY,None,None,3_Experiment1,3_Experiment1,41,NA,2.41,75.1,0,0,yes,dark_fingertips,NA,NA,NA,alive,0,completed_coinfectionexp1,SurvivedExp1,yes
SD10,9/5/2016,Bsal_ONLY,None,None,3_Experiment1,3_Experiment1,41,NA,2.18,5.91,0,0,notvisible,NA,NA,NA,NA,alive,0,completed_coinfectionexp1,SurvivedExp1,yes
GP31,16-Jul,Bsal_ONLY,None,None,2_After_itra,2_After_itra,0,NA,NA,0,0,0,notvisible,NA,NA,NA,NA,dead,0,completed_coinfectionexp1,DiedExp1,yes
GP31,8/1/2016,Bsal_ONLY,None,None,3_Experiment1,3_Experiment1,7,NA,NA,193.3,0,0,notvisible,NA,NA,NA,NA,dead,0,completed_coinfectionexp1,DiedExp1,yes
GP31,8/8/2016,Bsal_ONLY,None,None,3_Experiment1,3_Experiment1,14,NA,2.06,193.3,0,69711.3921,yes,shedding_dark_hands_dark_tip_tail,NA,NA,NA,dead,0,completed_coinfectionexp1,DiedExp1,yes
GP31,8/10/2016,Bsal_ONLY,None,None,3_Experiment1,3_Experiment1,16,NA,NA,193.3,0,49967.19604,notvisible,NA,NA,NA,NA,dead,0,completed_coinfectionexp1,DiedExp1,yes
GP31,8/15/16,Bsal_ONLY,None,None,3_Experiment1,3_Experiment1,21,NA,2.07,193.3,0,16545.14529,notvisible,NA,NA,NA,NA,dead,0,completed_coinfectionexp1,DiedExp1,yes
GP31,8/21/16,Bsal_ONLY,None,None,3_Experiment1,3_Experiment1,29,NA,NA,193.3,0,268366.259,notvisible,NA,NA,NA,Found_dead_8/21/2016,dead,1,completed_coinfectionexp1,DiedExp1,yes
FS10,9/5/2016,Bd_Bsal,None,None,3_Experiment1,3_Experiment1,41,NA,2.09,379.04,0,161.8392844,notvisible,NA,NA,reddening,NA,,0,completed_coinfectionexp1,DiedExp1,yes
GP40,9/5/2016,Bd_BsalLater,None,None,3_Experiment1,3_Experiment1,41,NA,1.79,12.24,0,0,notvisible,NA,NA,reddening,NA,,0,completed_coinfectionexp1,SurvivedExp1,yes
GP35,9/5/2016,Bd_Bsal,None,None,3_Experiment1,3_Experiment1,41,NA,1.71,12.97797083,0,127877.1265,yes,"shedding_lots,_skin_tangled_on_arms",NA,NA,NA,,0,completed_coinfectionexp1,DiedExp1,yes
SD8,9/5/2016,Bd_Bsal,None,None,3_Experiment1,3_Experiment1,41,NA,1.62,0,0,20.98305142,notvisible,NA,yes,NA,NA,,0,completed_coinfectionexp1,SurvivedExp1,no
FS17,9/5/2016,Bd_Bsal,None,None,3_Experiment1,3_Experiment1,41,NA,2.22,2071.6,0,0,notvisible,NA,NA,NA,NA,,0,No,NA,yes
FS11,9/5/2016,Bd_BsalLater,None,None,3_Experiment1,3_Experiment1,41,NA,2.12,2261.44,0,0,yes,dark_fingertips,NA,reddening,NA,,0,completed_coinfectionexp1,SurvivedExp1,yes
GP19,9/5/2016,Bd_Bsal,None,None,3_Experiment1,3_Experiment1,41,NA,1.76,0,0,27845.29102,yes,"shedding_lots,_dark_hands",NA,NA,NA,,0,completed_coinfectionexp1,DiedExp1,no
GP32,9/5/2016,Bd_Bsal,None,None,3_Experiment1,3_Experiment1,41,NA,2.01,0,0,1703.362417,yes,dark_hands,NA,very_red,NA,,0,No,NA,no
GP13,9/5/2016,Bd_Bsal,None,None,3_Experiment1,3_Experiment1,41,NA,1.81,78.35,0,107215.8649,yes,"shedding_lots,_dark_hands",yes,"very_dry,_lesions_face,_slow",NA,,0,completed_coinfectionexp1,DiedExp1,yes
GP34,9/5/2016,Bd_Bsal,None,None,3_Experiment1,3_Experiment1,41,NA,1.81,6.8,0,44.86520459,notvisible,NA,NA,NA,NA,,0,completed_coinfectionexp1,DiedExp1,yes
GP9,9/5/2016,Bd_BsalLater,None,None,3_Experiment1,3_Experiment1,41,NA,2.21,0,0,0,notvisible,NA,NA,NA,NA,,0,completed_coinfectionexp1,SurvivedExp1,no
GP12,9/5/2016,Bd_Bsal,None,None,3_Experiment1,3_Experiment1,41,NA,2.07,6.42,0,54694.54721,yes,skin_darkening_hands,NA,very_red,NA,,0,completed_coinfectionexp1,DiedExp1,yes
GP37,9/5/2016,Bd_BsalLater,None,None,3_Experiment1,3_Experiment1,41,NA,2.08,0,0,2.834350502,notvisible,NA,NA,NA,NA,,0,No,NA,no
FS12,9/5/2016,Bd_BsalLater,None,None,3_Experiment1,3_Experiment1,41,NA,2.27,27.8,0,0,notvisible,NA,NA,NA,NA,,0,completed_coinfectionexp1,DiedExp1,yes
GP20,9/5/2016,Bd_BsalLater,None,None,3_Experiment1,3_Experiment1,41,NA,2.37,3.91,0,6.338329613,yes,dark_fingertips,NA,NA,NA,,0,completed_coinfectionexp1,SurvivedExp1,yes
GP15,9/5/2016,Bd_BsalLater,None,None,3_Experiment1,3_Experiment1,41,NA,2.61,23.2,0,0,yes,dark_fingertips,yes,reddening,NA,,0,completed_coinfectionexp1,SurvivedExp1,yes
SD5,9/5/2016,Bd_BsalLater,None,None,3_Experiment1,3_Experiment1,41,NA,2.17,0,0,29.82147902,yes,dark_fingertips,NA,reddening,NA,,0,completed_coinfectionexp1,DiedExp1,no
GP14,9/5/2016,Bd_BsalLater,None,None,3_Experiment1,3_Experiment1,41,NA,2.24,18.71,0,0,notvisible,NA,NA,NA,NA,,0,completed_coinfectionexp1,SurvivedExp1,yes
GP40,9/5/2016,Bd_BsalLater,None,None,3_Experiment1,3_Experiment1,41,NA,1.79,12.24,0,0,notvisible,NA,NA,reddening,NA,,0,completed_coinfectionexp1,SurvivedExp1,yes
FS15,9/5/2016,Bd_ONLY,None,None,3_Experiment1,3_Experiment1,41,NA,2.37,2763.1,0,0,notvisible,NA,yes,NA,NA,,0,completed_coinfectionexp1,SurvivedExp1,yes
SD7,9/5/2016,Bd_ONLY,None,None,3_Experiment1,3_Experiment1,41,NA,2.08,0,0,0,notvisible,NA,NA,NA,NA,,0,completed_coinfectionexp1,SurvivedExp1,no
GP25,9/5/2016,Bd_ONLY,None,None,3_Experiment1,3_Experiment1,41,NA,2.3,0,0,0,notvisible,NA,NA,NA,NA,,0,completed_coinfectionexp1,SurvivedExp1,no
GP16,9/5/2016,Bsal_BdLater,None,None,3_Experiment1,3_Experiment1,41,NA,2.38,13.5,0,709.3720433,notvisible,NA,NA,NA,NA,,0,completed_coinfectionexp1,DiedExp1,yes
GP39,9/5/2016,Bsal_BdLater,None,None,3_Experiment1,3_Experiment1,41,NA,1.98,0,0,0,notvisible,NA,NA,NA,NA,,0,completed_coinfectionexp1,SurvivedExp1,no
FS13,9/5/2016,Bsal_BdLater,None,None,3_Experiment1,3_Experiment1,41,NA,1.61,293.45,0,0,notvisible,NA,NA,NA,NA,,0,completed_coinfectionexp1,SurvivedExp1,yes
SD9,9/5/2016,Bsal_BdLater,None,None,3_Experiment1,3_Experiment1,41,NA,2.64,0,0,0.06720335,yes,dark_tip_tail,NA,NA,NA,,0,completed_coinfectionexp1,DiedExp1,no
SD6,9/5/2016,Bsal_BdLater,None,None,3_Experiment1,3_Experiment1,41,NA,2.32,0,0,0,notvisible,NA,yes,NA,NA,,0,completed_coinfectionexp1,SurvivedExp1,no
FS19,9/5/2016,Bsal_BdLater,None,None,3_Experiment1,3_Experiment1,41,NA,1.91,9147.3,0,0,notvisible,NA,NA,very_green,NA,,0,completed_coinfectionexp1,SurvivedExp1,yes
FS14,9/5/2016,Bsal_BdLater,None,None,3_Experiment1,3_Experiment1,41,NA,2.64,0,0,0,notvisible,NA,NA,NA,NA,,0,completed_coinfectionexp1,SurvivedExp1,no
GP17,9/5/2016,Bsal_BdLater,None,None,3_Experiment1,3_Experiment1,41,NA,2.31,56.7,0,0,notvisible,NA,NA,NA,NA,,0,completed_coinfectionexp1,SurvivedExp1,yes
GP41,9/5/2016,Bsal_BdLater,None,None,3_Experiment1,3_Experiment1,41,NA,1.84,30.3,0,51410.51298,notvisible,NA,NA,NA,NA,,0,completed_coinfectionexp1,DiedExp1,yes
FS1,9/5/2016,CONTROL_noitraconazole,control,CONTROL_noitraconazole,3_Experiment1,3_Experiment1,41,NA,2.18,196.63,5.14,0,notvisible,NA,NA,"very_red,_dark_fingertips",NA,,0,completed_coinfectionexp1,SurvivedExp1,yes
FS2,9/5/2016,CONTROL_negative,control,CONTROL_negative,3_Experiment1,3_Experiment1,41,NA,2,168.62,0,0,notvisible,NA,yes,NA,NA,,0,completed_coinfectionexp1,SurvivedExp1,yes
FS4,9/5/2016,CONTROL_negative,control,CONTROL_negative,3_Experiment1,3_Experiment1,41,NA,3.26,0,0,0,yes,shedding,NA,NA,NA,,0,No,NA,no
GP1,9/5/2016,CONTROL_noitraconazole,control,CONTROL_noitraconazole,3_Experiment1,3_Experiment1,41,NA,2.06,2.76,1387.11,0,notvisible,NA,NA,some_red,NA,,0,completed_coinfectionexp1,SurvivedExp1,yes
GP24,9/5/2016,CONTROL_noitraconazole,control,CONTROL_noitraconazole,3_Experiment1,3_Experiment1,41,NA,2.09,184.1006118,2548.8,0,notvisible,NA,NA,NA,NA,,0,completed_coinfectionexp1,DiedExp1,yes
GP27,9/5/2016,CONTROL_negative,control,CONTROL_negative,3_Experiment1,3_Experiment1,41,NA,1.82,20.53,0,0,notvisible,NA,NA,NA,NA,,0,completed_coinfectionexp1,SurvivedExp1,yes
GP29,9/5/2016,CONTROL_negative,control,CONTROL_negative,3_Experiment1,3_Experiment1,41,NA,1.66,0,0,0,notvisible,NA,NA,thin,NA,,0,completed_coinfectionexp1,SurvivedExp1,no
SD4,9/5/2016,Bd_Bsal,JEL648,JEL648,4_Experiment2,4_Experiment2,13,NA,1.62,0,0,0,notvisible,NA,NA,NA,NA,,0,No,NA,no
GP5,9/5/2016,Bd_ONLY,JEL648,JEL648,4_Experiment2,4_Experiment2,13,NA,2.45,85.8,0,0,notvisible,NA,NA,pink_extremities,NA,,0,No,NA,yes
GP33,16-Jun,Bsal_ONLY,None,None,1_Capture,1_Capture,0,NA,NA,42.3,42.3,0,notvisible,NA,NA,NA,NA,dead,0,completed_coinfectionexp1,DiedExp1,yes
GP8,9/5/2016,Bd_ONLY,JEL648,JEL648,4_Experiment2,4_Experiment2,13,NA,2.18,0,227.77,0,yes,skin_shed,NA,NA,NA,,0,No,NA,no
GP36,9/5/2016,Bd_BsalLater,JEL648,JEL648,4_Experiment2,4_Experiment2,13,NA,2.31,15.5,0,0,notvisible,NA,NA,NA,NA,,0,No,NA,yes
GP21,9/5/2016,Bsal_BdLater,ALKL1,ALKL1,4_Experiment2,4_Experiment2,13,NA,2.05,0,15.06,0,notvisible,NA,NA,red,NA,,0,No,NA,no
FS3,9/5/2016,Bd_ONLY,ALKL1,ALKL1,4_Experiment2,4_Experiment2,13,NA,2.86,0,21.32,0,yes,shedding,yes,NA,NA,,0,No,NA,no
FS9,9/5/2016,Bd_Bsal,ALKL1,ALKL1,4_Experiment2,4_Experiment2,13,NA,3.17,130.8,19.7,0,notvisible,NA,NA,pink,NA,,0,No,NA,yes
GP22,9/5/2016,Bd_ONLY,ALKL1,ALKL1,4_Experiment2,4_Experiment2,13,NA,2.1,0,0,0,notvisible,NA,NA,NA,NA,,0,No,NA,no
GP33,16-Jul,Bsal_ONLY,None,None,2_After_itra,2_After_itra,0,NA,NA,0,0,0,notvisible,NA,NA,NA,NA,dead,0,completed_coinfectionexp1,DiedExp1,yes
GP11,9/5/2016,Bd_Bsal,JEL423,JEL423,4_Experiment2,4_Experiment2,13,NA,2.4,0,0,0,yes,shedding_pieces,NA,NA,NA,,0,No,NA,no
GP30,9/5/2016,Bd_ONLY,JEL423,JEL423,4_Experiment2,4_Experiment2,13,NA,1.86,6.5,97.86,0,notvisible,NA,NA,"thin,_reddening_",NA,,0,No,NA,yes
GP28,9/5/2016,Bd_ONLY,JEL423,JEL423,4_Experiment2,4_Experiment2,13,NA,1.7,86.2,0,0,yes,skin_shed_from_hand,NA,NA,NA,,0,No,NA,yes
SD1,9/5/2016,Bd_ONLY,JEL423,JEL423,4_Experiment2,4_Experiment2,13,NA,1.87,0,396.63,0,yes,complete_skin_shed,NA,very_red,NA,,0,No,NA,no
FS8,9/5/2016,Bsal_ONLY,JEL423,JEL423,4_Experiment2,4_Experiment2,13,NA,2.17,0,0,0,notvisible,NA,NA,NA,NA,alive,0,No,NA,no
GP3,9/5/2016,CONTROL_negative,control,CONTROL_negative,3_Experiment1,3_Experiment1,41,NA,2.1,9.6,0,0,yes,dark_fingertips,NA,reddening,NA,,0,completed_coinfectionexp1,SurvivedExp1,yes
GP7,9/5/2016,CONTROL_negative,control,CONTROL_negative,3_Experiment1,3_Experiment1,41,NA,2.49,0,0,0,notvisible,NA,NA,NA,NA,,0,completed_coinfectionexp1,SurvivedExp1,no
GP23,9/5/2016,CONTROL_noitraconazole,control,CONTROL_noitraconazole,3_Experiment1,3_Experiment1,41,NA,2.5,7.4,257.6,0,notvisible,NA,NA,NA,NA,,0,completed_coinfectionexp1,SurvivedExp1,yes
SD2,9/5/2016,CONTROL_noitraconazole,control,CONTROL_noitraconazole,3_Experiment1,3_Experiment1,41,NA,2.45,52.32,0,0,notvisible,NA,NA,red,NA,,0,completed_coinfectionexp1,SurvivedExp1,yes
GP2,9/5/2016,CONTROL_noitraconazole,control,CONTROL_noitraconazole,3_Experiment1,3_Experiment1,41,NA,2.03,0,0,0,notvisible,NA,NA,reddening,NA,,0,completed_coinfectionexp1,DiedExp1,no
GP2,9/9/2016,CONTROL_noitraconazole,control,CONTROL_noitraconazole,3_Experiment1,3_Experiment1,45,NA,NA,0,0,NA,notvisible,NA,NA,NA,NA,,0,completed_coinfectionexp1,DiedExp1,no
GP7,9/9/2016,CONTROL_negative,control,CONTROL_negative,3_Experiment1,3_Experiment1,45,NA,NA,0,0,NA,notvisible,NA,NA,NA,NA,,0,completed_coinfectionexp1,SurvivedExp1,no
GP3,9/9/2016,CONTROL_negative,control,CONTROL_negative,3_Experiment1,3_Experiment1,45,NA,NA,9.6,0,NA,notvisible,NA,NA,NA,NA,,0,completed_coinfectionexp1,SurvivedExp1,yes
GP23,9/9/2016,CONTROL_noitraconazole,control,CONTROL_noitraconazole,3_Experiment1,3_Experiment1,45,NA,NA,7.4,26.24017,0,notvisible,NA,NA,NA,NA,,0,completed_coinfectionexp1,SurvivedExp1,yes
SD2,9/9/2016,CONTROL_noitraconazole,control,CONTROL_noitraconazole,3_Experiment1,3_Experiment1,45,NA,NA,52.32,0,0,notvisible,NA,NA,NA,NA,,0,completed_coinfectionexp1,SurvivedExp1,yes
FS3,9/9/2016,Bd_ONLY,ALKL1,ALKL1,4_Experiment2,4_Experiment2,17,NA,NA,0,0,NA,notvisible,NA,NA,NA,NA,,0,No,NA,no
GP28,9/9/2016,Bd_ONLY,JEL423,JEL423,4_Experiment2,4_Experiment2,17,NA,NA,86.2,0,NA,notvisible,NA,NA,NA,NA,,0,No,NA,yes
GP22,9/9/2016,Bd_ONLY,ALKL1,ALKL1,4_Experiment2,4_Experiment2,17,NA,NA,0,0,NA,notvisible,NA,NA,NA,NA,,0,No,NA,no
GP33,8/1/2016,Bsal_ONLY,None,None,3_Experiment1,3_Experiment1,7,NA,NA,42.3,0,0,notvisible,NA,NA,NA,NA,dead,0,completed_coinfectionexp1,DiedExp1,yes
GP11,9/9/2016,Bd_Bsal,JEL423,JEL423,4_Experiment2,4_Experiment2,17,NA,NA,0,0,NA,notvisible,NA,NA,NA,NA,,0,No,NA,no
GP5,9/9/2016,Bd_ONLY,JEL648,JEL648,4_Experiment2,4_Experiment2,17,NA,NA,85.8,0,NA,notvisible,NA,NA,NA,NA,,0,No,NA,yes
GP21,9/9/2016,Bsal_BdLater,ALKL1,ALKL1,4_Experiment2,4_Experiment2,17,NA,NA,0,0,NA,notvisible,NA,NA,NA,NA,,0,No,NA,no
FS8,9/9/2016,Bsal_ONLY,JEL423,JEL423,4_Experiment2,4_Experiment2,17,NA,NA,0,0,NA,notvisible,NA,NA,NA,NA,alive,0,No,NA,no
GP8,9/9/2016,Bd_ONLY,JEL648,JEL648,4_Experiment2,4_Experiment2,17,NA,NA,0,0,NA,notvisible,NA,NA,NA,NA,,0,No,NA,no
FS9,9/9/2016,Bd_Bsal,ALKL1,ALKL1,4_Experiment2,4_Experiment2,17,NA,NA,130.8,0,NA,notvisible,NA,NA,NA,NA,,0,No,NA,yes
GP36,9/9/2016,Bd_BsalLater,JEL648,JEL648,4_Experiment2,4_Experiment2,17,NA,NA,15.5,0,NA,notvisible,NA,NA,NA,NA,,0,No,NA,yes
SD1,9/9/2016,Bd_ONLY,JEL423,JEL423,4_Experiment2,4_Experiment2,17,NA,NA,0,0,NA,notvisible,NA,NA,NA,NA,,0,No,NA,no
SD4,9/9/2016,Bd_Bsal,JEL648,JEL648,4_Experiment2,4_Experiment2,17,NA,NA,0,0,NA,notvisible,NA,NA,NA,NA,,0,No,NA,no
GP33,8/8/2016,Bsal_ONLY,None,None,3_Experiment1,3_Experiment1,14,NA,1.74,42.3,0,0,notvisible,NA,NA,NA,NA,dead,0,completed_coinfectionexp1,DiedExp1,yes
GP30,9/9/2016,Bd_ONLY,JEL423,JEL423,4_Experiment2,4_Experiment2,17,NA,NA,6.5,0,NA,notvisible,NA,NA,NA,NA,,0,No,NA,yes
GP29,9/12/2016,CONTROL_negative,control,CONTROL_negative,3_Experiment1,3_Experiment1,48,NA,1.59,0,0,0,notvisible,NA,NA,NA,NA,,0,completed_coinfectionexp1,SurvivedExp1,no
FS15,9/12/2016,Bd_ONLY,None,None,3_Experiment1,3_Experiment1,48,NA,2.26,2763.1,0,0,notvisible,NA,NA,NA,NA,,0,completed_coinfectionexp1,SurvivedExp1,yes
GP25,9/12/2016,Bd_ONLY,None,None,3_Experiment1,3_Experiment1,48,NA,2.32,0,0,0,notvisible,NA,NA,NA,NA,,0,completed_coinfectionexp1,SurvivedExp1,no
GP33,8/10/2016,Bsal_ONLY,None,None,3_Experiment1,3_Experiment1,16,NA,NA,42.3,0,668.8002863,notvisible,NA,NA,NA,NA,dead,0,completed_coinfectionexp1,DiedExp1,yes
SD8,9/12/2016,Bd_Bsal,None,None,3_Experiment1,3_Experiment1,48,NA,1.56,0,0,0,notvisible,NA,NA,NA,NA,,0,completed_coinfectionexp1,SurvivedExp1,no
GP15,9/12/2016,Bd_BsalLater,None,None,3_Experiment1,3_Experiment1,48,NA,2.41,23.2,0,0,notvisible,NA,NA,NA,NA,,0,completed_coinfectionexp1,SurvivedExp1,yes
SD9,9/12/2016,Bsal_BdLater,None,None,3_Experiment1,3_Experiment1,48,NA,2.63,0,0,0,notvisible,NA,NA,red,NA,,0,completed_coinfectionexp1,DiedExp1,no
GP24,9/12/2016,CONTROL_noitraconazole,control,CONTROL_noitraconazole,3_Experiment1,3_Experiment1,48,NA,2.18,184.1006118,1314.566777,0,notvisible,NA,NA,NA,NA,,0,completed_coinfectionexp1,DiedExp1,yes
SD7,9/12/2016,Bd_ONLY,None,None,3_Experiment1,3_Experiment1,48,NA,2.13,0,0,0,notvisible,NA,NA,NA,NA,,0,completed_coinfectionexp1,SurvivedExp1,no
GP33,8/15/16,Bsal_ONLY,None,None,3_Experiment1,3_Experiment1,21,NA,1.69,42.3,0,831.04353,notvisible,NA,NA,NA,NA,dead,0,completed_coinfectionexp1,DiedExp1,yes
FS17,9/12/2016,Bd_Bsal,None,None,3_Experiment1,3_Experiment1,48,NA,2.23,2071.6,0,0,notvisible,NA,NA,NA,NA,,0,No,NA,yes
GP37,9/12/2016,Bd_BsalLater,None,None,3_Experiment1,3_Experiment1,48,NA,2.26,0,0,0,notvisible,NA,NA,NA,NA,,0,No,NA,no
SD6,9/12/2016,Bsal_BdLater,None,None,3_Experiment1,3_Experiment1,48,NA,2.24,0,0,0,notvisible,NA,NA,NA,NA,,0,completed_coinfectionexp1,SurvivedExp1,no
FS1,9/12/2016,CONTROL_noitraconazole,control,CONTROL_noitraconazole,3_Experiment1,3_Experiment1,48,NA,2.23,196.63,1638.226732,0,notvisible,NA,NA,red,NA,,0,completed_coinfectionexp1,SurvivedExp1,yes
GP4,9/12/2016,Bd_ONLY,None,None,3_Experiment1,3_Experiment1,48,NA,2.41,12.2,0,0,notvisible,NA,NA,NA,NA,,0,completed_coinfectionexp1,SurvivedExp1,yes
GP33,8/23/16,Bsal_ONLY,None,None,3_Experiment1,3_Experiment1,29,NA,1.61,42.3,0,10508.88859,notvisible,NA,NA,NA,NA,dead,0,completed_coinfectionexp1,DiedExp1,yes
GP32,9/12/2016,Bd_Bsal,None,None,3_Experiment1,3_Experiment1,48,NA,2.03,0,0,276.1065243,notvisible,NA,NA,NA,NA,,0,No,NA,no
FS14,9/12/2016,Bsal_BdLater,None,None,3_Experiment1,3_Experiment1,48,NA,2.67,0,0,0,notvisible,NA,NA,NA,NA,,0,completed_coinfectionexp1,SurvivedExp1,no
FS13,9/12/2016,Bsal_BdLater,None,None,3_Experiment1,3_Experiment1,48,NA,1.67,293.45,0,0,notvisible,NA,NA,NA,NA,,0,completed_coinfectionexp1,SurvivedExp1,yes
GP1,9/12/2016,CONTROL_noitraconazole,control,CONTROL_noitraconazole,3_Experiment1,3_Experiment1,48,NA,2.24,2.76,233.629736,0,notvisible,NA,NA,NA,NA,,0,completed_coinfectionexp1,SurvivedExp1,yes
GP33,8/30/16,Bsal_ONLY,None,None,3_Experiment1,3_Experiment1,36,NA,1.65,42.3,0,4582.595135,notvisible,NA,NA,reddening,NA,dead,0,completed_coinfectionexp1,DiedExp1,yes
FS10,9/12/2016,Bd_Bsal,None,None,3_Experiment1,3_Experiment1,48,NA,2.37,379.04,0,115.5182615,notvisible,NA,NA,NA,NA,,0,completed_coinfectionexp1,DiedExp1,yes
GP40,9/12/2016,Bd_BsalLater,None,None,3_Experiment1,3_Experiment1,48,NA,1.85,12.24,0,0,notvisible,NA,NA,NA,NA,,0,completed_coinfectionexp1,SurvivedExp1,yes
FS12,9/12/2016,Bd_BsalLater,None,None,3_Experiment1,3_Experiment1,48,NA,2.16,27.8,0,5.137810931,notvisible,NA,NA,NA,NA,,0,completed_coinfectionexp1,DiedExp1,yes
GP41,9/12/2016,Bsal_BdLater,None,None,3_Experiment1,3_Experiment1,48,NA,1.83,30.3,0,13328.60586,notvisible,NA,NA,shedding_lots,NA,,0,completed_coinfectionexp1,DiedExp1,yes
GP27,9/12/2016,CONTROL_negative,control,CONTROL_negative,3_Experiment1,3_Experiment1,48,NA,1.82,20.53,0,0,notvisible,NA,NA,NA,NA,,0,completed_coinfectionexp1,SurvivedExp1,yes
SD10,9/12/2016,Bsal_ONLY,None,None,3_Experiment1,3_Experiment1,48,NA,2.18,5.91,0,0,notvisible,NA,NA,NA,NA,alive,0,completed_coinfectionexp1,SurvivedExp1,yes
FS11,9/12/2016,Bd_BsalLater,None,None,3_Experiment1,3_Experiment1,48,NA,2.12,2261.44,0,0,notvisible,NA,NA,NA,NA,,0,completed_coinfectionexp1,SurvivedExp1,yes
GP12,9/12/2016,Bd_Bsal,None,None,3_Experiment1,3_Experiment1,48,NA,2.19,6.42,0,4601.374896,notvisible,NA,NA,NA,NA,,0,completed_coinfectionexp1,DiedExp1,yes
GP16,9/12/2016,Bsal_BdLater,None,None,3_Experiment1,3_Experiment1,48,NA,2.36,13.5,0,30.82882904,notvisible,NA,NA,NA,NA,,0,completed_coinfectionexp1,DiedExp1,yes
GP35,9/12/2016,Bd_Bsal,None,None,3_Experiment1,3_Experiment1,48,NA,1.71,12.97797083,0,29150.40006,notvisible,NA,NA,NA,NA,,0,completed_coinfectionexp1,DiedExp1,yes
FS2,9/12/2016,CONTROL_negative,control,CONTROL_negative,3_Experiment1,3_Experiment1,48,NA,2.14,168.62,0,0,notvisible,NA,NA,NA,NA,,0,completed_coinfectionexp1,SurvivedExp1,yes
GP18,9/12/2016,Bsal_ONLY,None,None,3_Experiment1,3_Experiment1,48,NA,2.47,75.1,0,0,notvisible,NA,NA,NA,NA,alive,0,completed_coinfectionexp1,SurvivedExp1,yes
GP34,9/12/2016,Bd_Bsal,None,None,3_Experiment1,3_Experiment1,48,NA,1.81,6.8,0,225.1717878,notvisible,NA,NA,NA,NA,,0,completed_coinfectionexp1,DiedExp1,yes
GP14,9/12/2016,Bd_BsalLater,None,None,3_Experiment1,3_Experiment1,48,NA,2.29,18.71,0,0,notvisible,NA,NA,NA,NA,,0,completed_coinfectionexp1,SurvivedExp1,yes
FS19,9/12/2016,Bsal_BdLater,None,None,3_Experiment1,3_Experiment1,48,NA,2.03,9147.3,0,0,notvisible,NA,NA,NA,NA,,0,completed_coinfectionexp1,SurvivedExp1,yes
GP13,9/12/2016,Bd_Bsal,None,None,3_Experiment1,3_Experiment1,48,NA,1.66,78.35,0,1254.372212,yes,shedding_lots,NA,"bleeding_from_hand,_dark_skin_stucked",euthanized_9/12/2016,,1,completed_coinfectionexp1,DiedExp1,yes
FS4,9/12/2016,CONTROL_negative,control,CONTROL_negative,3_Experiment1,3_Experiment1,48,NA,3.39,0,0,0,notvisible,NA,NA,NA,NA,,0,No,NA,no
GP33,9/5/2016,Bsal_ONLY,None,None,3_Experiment1,3_Experiment1,41,NA,1.64,42.3,0,159121.922,notvisible,NA,NA,NA,NA,dead,0,completed_coinfectionexp1,DiedExp1,yes
GP9,9/12/2016,Bd_BsalLater,None,None,3_Experiment1,3_Experiment1,48,NA,2.13,0,0,27.49986,notvisible,NA,NA,NA,NA,,0,completed_coinfectionexp1,SurvivedExp1,no
SD5,9/12/2016,Bd_BsalLater,None,None,3_Experiment1,3_Experiment1,48,NA,2.18,0,0,82.92303,notvisible,NA,NA,NA,NA,,0,completed_coinfectionexp1,DiedExp1,no
GP17,9/12/2016,Bsal_BdLater,None,None,3_Experiment1,3_Experiment1,48,NA,2.23,56.7,0,0,notvisible,NA,NA,NA,NA,,0,completed_coinfectionexp1,SurvivedExp1,yes
GP25,9/12/2016,Bd_ONLY,None,None,3_Experiment1,3_Experiment1,48,NA,2.32,0,0,0,notvisible,NA,NA,NA,NA,,0,completed_coinfectionexp1,SurvivedExp1,no
GP33,9/12/2016,Bsal_ONLY,None,None,3_Experiment1,3_Experiment1,48,NA,1.63,42.3,0,1017.242185,notvisible,NA,NA,NA,NA,dead,0,completed_coinfectionexp1,DiedExp1,yes
GP19,9/12/2016,Bd_Bsal,None,None,3_Experiment1,3_Experiment1,48,NA,1.79,0,0,8523.468364,notvisible,NA,NA,"shedding_lots,_dark_skin",NA,,0,completed_coinfectionexp1,DiedExp1,no
GP20,9/12/2016,Bd_BsalLater,None,None,3_Experiment1,3_Experiment1,48,NA,2.5,3.91,0,0,notvisible,NA,NA,dark_hands_feet,NA,,0,completed_coinfectionexp1,SurvivedExp1,yes
GP39,9/12/2016,Bsal_BdLater,None,None,3_Experiment1,3_Experiment1,48,NA,2,0,0,0,notvisible,NA,NA,NA,NA,,0,completed_coinfectionexp1,SurvivedExp1,no
GP2,9/12/2016,CONTROL_noitraconazole,control,CONTROL_noitraconazole,3_Experiment1,3_Experiment1,48,NA,1.98,0,0,NA,notvisible,NA,NA,NA,NA,,0,completed_coinfectionexp1,DiedExp1,no
GP7,9/12/2016,CONTROL_negative,control,CONTROL_negative,3_Experiment1,3_Experiment1,48,NA,2.87,0,0,NA,notvisible,NA,NA,red,NA,,0,completed_coinfectionexp1,SurvivedExp1,no
GP3,9/12/2016,CONTROL_negative,control,CONTROL_negative,3_Experiment1,3_Experiment1,48,NA,2.44,9.6,0,NA,notvisible,NA,NA,NA,NA,,0,completed_coinfectionexp1,SurvivedExp1,yes
GP23,9/12/2016,CONTROL_noitraconazole,control,CONTROL_noitraconazole,3_Experiment1,3_Experiment1,48,NA,2.55,7.4,0,0,notvisible,NA,NA,NA,NA,,0,completed_coinfectionexp1,SurvivedExp1,yes
SD2,9/12/2016,CONTROL_noitraconazole,control,CONTROL_noitraconazole,3_Experiment1,3_Experiment1,48,NA,2.6,52.32,0,0,notvisible,NA,NA,super_red,NA,,0,completed_coinfectionexp1,SurvivedExp1,yes
GP33,9/19/16,Bsal_ONLY,None,None,3_Experiment1,3_Experiment1,55,NA,NA,42.3,0,103125.0576,yes,shedding_lots,yes,NA,found_dead_9/19/2016,dead,1,completed_coinfectionexp1,DiedExp1,yes
FS3,9/12/2016,Bd_ONLY,ALKL1,ALKL1,4_Experiment2,4_Experiment2,20,NA,3,0,21.88016127,NA,notvisible,NA,NA,NA,NA,,0,No,NA,no
GP22,9/12/2016,Bd_ONLY,ALKL1,ALKL1,4_Experiment2,4_Experiment2,20,NA,2.25,0,0,NA,notvisible,NA,NA,NA,NA,,0,No,NA,no
FS9,9/12/2016,Bd_Bsal,ALKL1,ALKL1,4_Experiment2,4_Experiment2,20,NA,3.37,130.8,0,NA,notvisible,NA,NA,NA,NA,,0,No,NA,yes
GP21,9/12/2016,Bsal_BdLater,ALKL1,ALKL1,4_Experiment2,4_Experiment2,20,NA,2.12,0,0,NA,notvisible,NA,NA,NA,NA,,0,No,NA,no
GP30,9/12/2016,Bd_ONLY,JEL423,JEL423,4_Experiment2,4_Experiment2,20,NA,2.01,6.5,0,NA,notvisible,NA,NA,NA,NA,,0,No,NA,yes
SD4,9/12/2016,Bd_Bsal,JEL648,JEL648,4_Experiment2,4_Experiment2,20,NA,1.72,0,0,NA,notvisible,NA,NA,NA,NA,,0,No,NA,no
GP8,9/12/2016,Bd_ONLY,JEL648,JEL648,4_Experiment2,4_Experiment2,20,NA,2.3,0,0,NA,notvisible,NA,NA,NA,NA,,0,No,NA,no
FS8,9/12/2016,Bsal_ONLY,JEL423,JEL423,4_Experiment2,4_Experiment2,20,NA,2.21,0,0,NA,notvisible,NA,NA,NA,NA,alive,0,No,NA,no
SD1,9/12/2016,Bd_ONLY,JEL423,JEL423,4_Experiment2,4_Experiment2,20,NA,1.84,0,0,NA,notvisible,NA,NA,NA,NA,,0,No,NA,no
GP36,9/12/2016,Bd_BsalLater,JEL648,JEL648,4_Experiment2,4_Experiment2,20,NA,2.21,15.5,0,NA,notvisible,NA,NA,NA,NA,,0,No,NA,yes
GP11,9/12/2016,Bd_Bsal,JEL423,JEL423,4_Experiment2,4_Experiment2,20,NA,2.48,0,0,NA,notvisible,NA,NA,NA,NA,,0,No,NA,no
GP5,9/12/2016,Bd_ONLY,JEL648,JEL648,4_Experiment2,4_Experiment2,20,NA,2.45,85.8,0,NA,notvisible,NA,NA,NA,NA,,0,No,NA,yes
GP28,9/12/2016,Bd_ONLY,JEL423,JEL423,4_Experiment2,4_Experiment2,20,NA,1.72,86.2,0,NA,notvisible,NA,NA,NA,NA,,0,No,NA,yes
GP6,16-Jun,Bsal_ONLY,None,None,1_Capture,1_Capture,0,NA,NA,67.60672214,67.60672214,0,notvisible,NA,NA,NA,NA,dead,0,No,NA,yes
GP3,9/16/16,CONTROL_negative,control,CONTROL_negative,3_Experiment1,3_Experiment1,52,NA,NA,9.6,0,0,notvisible,NA,NA,NA,NA,,0,completed_coinfectionexp1,SurvivedExp1,yes
GP23,9/16/16,CONTROL_noitraconazole,control,CONTROL_noitraconazole,3_Experiment1,3_Experiment1,52,NA,NA,7.4,0,0,notvisible,NA,NA,NA,NA,,0,completed_coinfectionexp1,SurvivedExp1,yes
GP7,9/16/16,CONTROL_negative,control,CONTROL_negative,3_Experiment1,3_Experiment1,52,NA,NA,0,0,0,notvisible,NA,NA,NA,NA,,0,completed_coinfectionexp1,SurvivedExp1,no
SD2,9/16/16,CONTROL_noitraconazole,control,CONTROL_noitraconazole,3_Experiment1,3_Experiment1,52,NA,NA,52.32,0,0,notvisible,NA,NA,NA,NA,,0,completed_coinfectionexp1,SurvivedExp1,yes
GP2,9/16/16,CONTROL_noitraconazole,control,CONTROL_noitraconazole,3_Experiment1,3_Experiment1,52,NA,NA,0,0,0,notvisible,NA,NA,NA,NA,,0,completed_coinfectionexp1,DiedExp1,no
GP21,9/16/16,Bsal_BdLater,ALKL1,ALKL1,4_Experiment2,4_Experiment2,24,NA,NA,0,0,0,notvisible,NA,NA,NA,NA,,0,No,NA,no
GP5,9/16/16,Bd_ONLY,JEL648,JEL648,4_Experiment2,4_Experiment2,24,NA,NA,85.8,0,0,notvisible,NA,NA,NA,NA,,0,No,NA,yes
GP22,9/16/16,Bd_ONLY,ALKL1,ALKL1,4_Experiment2,4_Experiment2,24,NA,NA,0,0,0,notvisible,NA,NA,NA,NA,,0,No,NA,no
GP6,16-Jul,Bsal_ONLY,None,None,2_After_itra,2_After_itra,0,NA,NA,0,0,0,notvisible,NA,NA,NA,NA,dead,0,No,NA,yes
GP11,9/16/16,Bd_Bsal,JEL423,JEL423,4_Experiment2,4_Experiment2,24,NA,NA,0,0,0,notvisible,NA,NA,NA,NA,,0,No,NA,no
GP30,9/16/16,Bd_ONLY,JEL423,JEL423,4_Experiment2,4_Experiment2,24,NA,NA,6.5,0,0,notvisible,NA,NA,NA,NA,,0,No,NA,yes
FS3,9/16/16,Bd_ONLY,ALKL1,ALKL1,4_Experiment2,4_Experiment2,24,NA,NA,0,51.1333323,0,notvisible,NA,NA,very_slow,NA,,0,No,NA,no
GP8,9/16/16,Bd_ONLY,JEL648,JEL648,4_Experiment2,4_Experiment2,24,NA,NA,0,0,0,notvisible,NA,NA,NA,NA,,0,No,NA,no
SD4,9/16/16,Bd_Bsal,JEL648,JEL648,4_Experiment2,4_Experiment2,24,NA,NA,0,0,0,notvisible,NA,NA,NA,NA,,0,No,NA,no
FS8,9/16/16,Bsal_ONLY,JEL423,JEL423,4_Experiment2,4_Experiment2,24,NA,NA,0,0,0,notvisible,NA,NA,NA,NA,alive,0,No,NA,no
GP36,9/16/16,Bd_BsalLater,JEL648,JEL648,4_Experiment2,4_Experiment2,24,NA,NA,15.5,0,0,notvisible,NA,NA,NA,NA,,0,No,NA,yes
GP6,8/1/2016,Bsal_ONLY,None,None,3_Experiment1,3_Experiment1,7,NA,NA,67.60672214,0,0,notvisible,NA,NA,NA,NA,dead,0,No,NA,yes
GP28,9/16/16,Bd_ONLY,JEL423,JEL423,4_Experiment2,4_Experiment2,24,NA,NA,86.2,0,0,notvisible,NA,NA,NA,NA,,0,No,NA,yes
FS9,9/16/16,Bd_Bsal,ALKL1,ALKL1,4_Experiment2,4_Experiment2,24,NA,NA,130.8,0,0,notvisible,NA,NA,NA,NA,,0,No,NA,yes
SD1,9/16/16,Bd_ONLY,JEL423,JEL423,4_Experiment2,4_Experiment2,24,NA,NA,0,0,0,notvisible,NA,NA,NA,NA,,0,No,NA,no
GP35,9/16/16,Bd_Bsal,None,None,3_Experiment1,3_Experiment1,53,NA,NA,12.97797083,0,12340,notvisible,NA,NA,"dark_skin_under_chin_and_around_eye,_hands,_tail",euthanized_9/16/16,,1,completed_coinfectionexp1,DiedExp1,yes
GP27,9/19/16,CONTROL_negative,control,CONTROL_negative,3_Experiment1,3_Experiment1,55,NA,1.81,20.53,0,0,notvisible,NA,NA,NA,NA,,0,completed_coinfectionexp1,SurvivedExp1,yes
GP25,9/19/16,Bd_ONLY,None,None,3_Experiment1,3_Experiment1,55,NA,2.04,0,0,0,notvisible,NA,NA,NA,NA,,0,completed_coinfectionexp1,SurvivedExp1,no
GP6,8/8/2016,Bsal_ONLY,None,None,3_Experiment1,3_Experiment1,14,NA,1.92,67.60672214,0,0,notvisible,NA,NA,NA,NA,dead,0,No,NA,yes
GP40,9/19/16,Bd_BsalLater,None,None,3_Experiment1,3_Experiment1,55,NA,1.81,12.24,0,1.65693,notvisible,NA,NA,NA,NA,,0,completed_coinfectionexp1,SurvivedExp1,yes
GP20,9/19/16,Bd_BsalLater,None,None,3_Experiment1,3_Experiment1,55,NA,2.15,3.91,0,0,notvisible,NA,NA,NA,NA,,0,completed_coinfectionexp1,SurvivedExp1,yes
GP41,9/19/16,Bsal_BdLater,None,None,3_Experiment1,3_Experiment1,55,NA,NA,30.3,0,43009.43222,yes,shedding_lots,yes,NA,NA,,0,completed_coinfectionexp1,DiedExp1,yes
GP1,9/19/16,CONTROL_noitraconazole,control,CONTROL_noitraconazole,3_Experiment1,3_Experiment1,55,NA,2.1,2.76,0,0,notvisible,NA,NA,NA,NA,,0,completed_coinfectionexp1,SurvivedExp1,yes
FS15,9/19/16,Bd_ONLY,None,None,3_Experiment1,3_Experiment1,55,NA,2.1,2763.1,0,0,notvisible,NA,NA,NA,NA,,0,completed_coinfectionexp1,SurvivedExp1,yes
GP6,8/10/2016,Bsal_ONLY,None,None,3_Experiment1,3_Experiment1,16,NA,NA,67.60672214,0,0,notvisible,NA,NA,NA,NA,dead,0,No,NA,yes
GP19,9/19/16,Bd_Bsal,None,None,3_Experiment1,3_Experiment1,55,NA,1.63,0,0,0,yes,shedding_dark_skin,NA,NA,NA,,0,completed_coinfectionexp1,DiedExp1,no
GP14,9/19/16,Bd_BsalLater,None,None,3_Experiment1,3_Experiment1,55,NA,2.22,18.71,0,0,notvisible,NA,NA,NA,NA,,0,completed_coinfectionexp1,SurvivedExp1,yes
FS14,9/19/16,Bsal_BdLater,None,None,3_Experiment1,3_Experiment1,55,NA,2.64,0,0,0,notvisible,NA,NA,NA,NA,,0,completed_coinfectionexp1,SurvivedExp1,no
FS1,9/19/16,CONTROL_noitraconazole,control,CONTROL_noitraconazole,3_Experiment1,3_Experiment1,55,NA,2.3,196.63,0,0,notvisible,NA,NA,NA,NA,,0,completed_coinfectionexp1,SurvivedExp1,yes
GP4,9/19/16,Bd_ONLY,None,None,3_Experiment1,3_Experiment1,55,NA,2.1,12.2,0,0,notvisible,NA,NA,NA,NA,,0,completed_coinfectionexp1,SurvivedExp1,yes
GP6,8/15/16,Bsal_ONLY,None,None,3_Experiment1,3_Experiment1,21,NA,1.87,67.60672214,0,0,notvisible,NA,NA,NA,NA,dead,0,No,NA,yes
GP9,9/19/16,Bd_BsalLater,None,None,3_Experiment1,3_Experiment1,55,NA,2.1,0,0,75770.44246,notvisible,NA,NA,NA,NA,,0,completed_coinfectionexp1,SurvivedExp1,no
FS12,9/19/16,Bd_BsalLater,None,None,3_Experiment1,3_Experiment1,55,NA,2.24,27.8,0,142.42437,notvisible,NA,NA,NA,NA,,0,completed_coinfectionexp1,DiedExp1,yes
GP16,9/19/16,Bsal_BdLater,None,None,3_Experiment1,3_Experiment1,55,NA,2.42,13.5,0,128.75202,notvisible,NA,NA,NA,NA,,0,completed_coinfectionexp1,DiedExp1,yes
FS2,9/19/16,CONTROL_negative,control,CONTROL_negative,3_Experiment1,3_Experiment1,55,NA,2.05,168.62,0,0,notvisible,NA,NA,NA,NA,,0,completed_coinfectionexp1,SurvivedExp1,yes
GP18,9/19/16,Bsal_ONLY,None,None,3_Experiment1,3_Experiment1,55,NA,2.35,75.1,0,0,notvisible,NA,NA,NA,NA,alive,0,completed_coinfectionexp1,SurvivedExp1,yes
GP34,9/19/16,Bd_Bsal,None,None,3_Experiment1,3_Experiment1,55,NA,1.65,6.8,0,4535.66658,notvisible,NA,NA,NA,NA,,0,completed_coinfectionexp1,DiedExp1,yes
FS17,9/19/16,Bd_Bsal,None,None,3_Experiment1,3_Experiment1,55,NA,2.12,2071.6,0,0,notvisible,NA,NA,NA,NA,,0,No,NA,yes
FS13,9/19/16,Bsal_BdLater,None,None,3_Experiment1,3_Experiment1,55,NA,1.63,293.45,0,0,notvisible,NA,NA,NA,NA,,0,completed_coinfectionexp1,SurvivedExp1,yes
GP39,9/19/16,Bsal_BdLater,None,None,3_Experiment1,3_Experiment1,55,NA,1.97,0,0,0,notvisible,NA,NA,NA,NA,,0,completed_coinfectionexp1,SurvivedExp1,no
FS4,9/19/16,CONTROL_negative,control,CONTROL_negative,3_Experiment1,3_Experiment1,55,NA,3.17,0,0,0,yes,shedding_lots,NA,very_big_due_to_*parasites,NA,,0,No,NA,no
GP6,8/23/16,Bsal_ONLY,None,None,3_Experiment1,3_Experiment1,29,NA,1.88,67.60672214,0,0,yes,dark_fingertips,NA,NA,NA,dead,0,No,NA,yes
FS10,9/19/16,Bd_Bsal,None,None,3_Experiment1,3_Experiment1,55,NA,2.25,379.04,0,1749.83327,notvisible,NA,NA,NA,NA,,0,completed_coinfectionexp1,DiedExp1,yes
GP32,9/19/16,Bd_Bsal,None,None,3_Experiment1,3_Experiment1,55,NA,1.85,0,0,13348.41238,yes,shedding_pieces,NA,NA,NA,,0,No,NA,no
FS19,9/19/16,Bsal_BdLater,None,None,3_Experiment1,3_Experiment1,55,NA,1.76,9147.3,0,0,notvisible,NA,NA,NA,NA,,0,completed_coinfectionexp1,SurvivedExp1,yes
GP24,9/19/16,CONTROL_noitraconazole,control,CONTROL_noitraconazole,3_Experiment1,3_Experiment1,55,NA,2.18,184.1006118,17.676,0,notvisible,NA,NA,NA,NA,,0,completed_coinfectionexp1,DiedExp1,yes
GP6,8/26/16,Bsal_ONLY,JEL648,JEL648,4_Experiment2,4_Experiment2,3,NA,NA,67.60672214,527.8055341,0,yes,dark_fingertips,NA,NA,NA,dead,0,No,NA,yes
SD8,9/19/16,Bd_Bsal,None,None,3_Experiment1,3_Experiment1,55,NA,1.46,0,0,0,notvisible,NA,NA,NA,NA,,0,completed_coinfectionexp1,SurvivedExp1,no
SD5,9/19/16,Bd_BsalLater,None,None,3_Experiment1,3_Experiment1,55,NA,1.99,0,0,26938.1679,notvisible,NA,NA,NA,NA,,0,completed_coinfectionexp1,DiedExp1,no
GP17,9/19/16,Bsal_BdLater,None,None,3_Experiment1,3_Experiment1,55,NA,1.98,56.7,0,0,notvisible,NA,NA,NA,NA,,0,completed_coinfectionexp1,SurvivedExp1,yes
GP29,9/19/16,CONTROL_negative,control,CONTROL_negative,3_Experiment1,3_Experiment1,55,NA,1.75,0,0,0,notvisible,skinny,NA,NA,NA,,0,completed_coinfectionexp1,SurvivedExp1,no
SD10,9/19/16,Bsal_ONLY,None,None,3_Experiment1,3_Experiment1,55,NA,2.18,5.91,0,0,notvisible,NA,NA,NA,NA,alive,0,completed_coinfectionexp1,SurvivedExp1,yes
FS11,9/19/16,Bd_BsalLater,None,None,3_Experiment1,3_Experiment1,55,NA,2.02,2261.44,0,0,notvisible,NA,NA,NA,NA,,0,completed_coinfectionexp1,SurvivedExp1,yes
GP37,9/19/16,Bd_BsalLater,None,None,3_Experiment1,3_Experiment1,55,NA,1.99,0,0,0,notvisible,NA,NA,NA,NA,,0,No,NA,no
SD6,9/19/16,Bsal_BdLater,None,None,3_Experiment1,3_Experiment1,55,NA,2.27,0,0,0,notvisible,NA,NA,NA,NA,,0,completed_coinfectionexp1,SurvivedExp1,no
SD7,9/19/16,Bd_ONLY,None,None,3_Experiment1,3_Experiment1,55,NA,1.8,0,0,0,notvisible,NA,NA,NA,NA,,0,completed_coinfectionexp1,SurvivedExp1,no
GP6,8/30/16,Bsal_ONLY,JEL648,JEL648,4_Experiment2,4_Experiment2,7,NA,1.77,67.60672214,0,0,yes,shedding_both_hands,NA,NA,NA,dead,0,No,NA,yes
GP12,9/19/16,Bd_Bsal,None,None,3_Experiment1,3_Experiment1,55,NA,1.84,6.42,0,201068.8103,yes,lots_of_shedding/dark_skin,NA,NA,NA,,0,completed_coinfectionexp1,DiedExp1,yes
GP15,9/19/16,Bd_BsalLater,None,None,3_Experiment1,3_Experiment1,55,NA,2.42,23.2,0,0,notvisible,NA,NA,NA,NA,,0,completed_coinfectionexp1,SurvivedExp1,yes
SD9,9/19/16,Bsal_BdLater,None,None,3_Experiment1,3_Experiment1,55,NA,2.46,0,0,0,notvisible,NA,NA,NA,NA,,0,completed_coinfectionexp1,DiedExp1,no
GP3,9/19/16,CONTROL_negative,control,CONTROL_negative,3_Experiment1,3_Experiment1,55,NA,2.16,9.6,0,0,yes,dark_hands,NA,NA,NA,,0,completed_coinfectionexp1,SurvivedExp1,yes
SD2,9/19/16,CONTROL_noitraconazole,control,CONTROL_noitraconazole,3_Experiment1,3_Experiment1,55,NA,2.39,52.32,0,0,notvisible,NA,NA,NA,NA,,0,completed_coinfectionexp1,SurvivedExp1,yes
GP2,9/19/16,CONTROL_noitraconazole,control,CONTROL_noitraconazole,3_Experiment1,3_Experiment1,55,NA,1.93,0,0,0,yes,dark_fingertips,NA,NA,NA,,0,completed_coinfectionexp1,DiedExp1,no
GP23,9/19/16,CONTROL_noitraconazole,control,CONTROL_noitraconazole,3_Experiment1,3_Experiment1,55,NA,2.28,7.4,38.57644509,0,yes,shedding_dark_skin,NA,NA,NA,,0,completed_coinfectionexp1,SurvivedExp1,yes
GP7,9/19/16,CONTROL_negative,control,CONTROL_negative,3_Experiment1,3_Experiment1,55,NA,2.57,0,0,0,notvisible,NA,NA,NA,NA,,0,completed_coinfectionexp1,SurvivedExp1,no
GP28,9/19/16,Bd_ONLY,JEL423,JEL423,4_Experiment2,4_Experiment2,27,NA,1.64,86.2,0,0,notvisible,NA,NA,NA,NA,,0,No,NA,yes
SD1,9/19/16,Bd_ONLY,JEL423,JEL423,4_Experiment2,4_Experiment2,27,NA,1.66,0,51.81416862,0,notvisible,NA,NA,NA,NA,,0,No,NA,no
FS8,9/19/16,Bsal_ONLY,JEL423,JEL423,4_Experiment2,4_Experiment2,27,NA,2.08,0,0,0,notvisible,NA,NA,NA,NA,alive,0,No,NA,no
GP30,9/19/16,Bd_ONLY,JEL423,JEL423,4_Experiment2,4_Experiment2,27,NA,1.82,6.5,0,0,yes,dark_hands,NA,NA,NA,,0,No,NA,yes
GP11,9/19/16,Bd_Bsal,JEL423,JEL423,4_Experiment2,4_Experiment2,27,NA,2.38,0,0,0,notvisible,NA,NA,NA,NA,,0,No,NA,no
GP36,9/19/16,Bd_BsalLater,JEL648,JEL648,4_Experiment2,4_Experiment2,27,NA,2.11,15.5,0,0,notvisible,NA,NA,NA,NA,,0,No,NA,yes
GP8,9/19/16,Bd_ONLY,JEL648,JEL648,4_Experiment2,4_Experiment2,27,NA,2.03,0,0,0,notvisible,NA,NA,NA,NA,,0,No,NA,no
SD4,9/19/16,Bd_Bsal,JEL648,JEL648,4_Experiment2,4_Experiment2,27,NA,1.51,0,0,0,notvisible,NA,NA,NA,NA,,0,No,NA,no
GP5,9/19/16,Bd_ONLY,JEL648,JEL648,4_Experiment2,4_Experiment2,27,NA,2.47,85.8,0,0,notvisible,NA,NA,NA,NA,,0,No,NA,yes
GP6,9/2/2016,Bsal_ONLY,JEL648,JEL648,4_Experiment2,4_Experiment2,10,NA,NA,67.60672214,0,0,notvisible,NA,NA,NA,NA,dead,0,No,NA,yes
GP6,9/5/2016,Bsal_ONLY,JEL648,JEL648,4_Experiment2,4_Experiment2,13,NA,1.67,67.60672214,0,0,yes,dark_hands/feet,NA,NA,NA,dead,0,No,NA,yes
FS3,9/19/16,Bd_ONLY,ALKL1,ALKL1,4_Experiment2,4_Experiment2,27,NA,3.42,0,0,0,yes,lots_of_shedding,NA,lost_righting_reflex,Euthanized_9/19/2016,,0,No,NA,no
FS9,9/19/16,Bd_Bsal,ALKL1,ALKL1,4_Experiment2,4_Experiment2,27,NA,3.09,130.8,0,0,notvisible,NA,NA,NA,NA,,0,No,NA,yes
GP21,9/19/16,Bsal_BdLater,ALKL1,ALKL1,4_Experiment2,4_Experiment2,27,NA,2.01,0,0,0,notvisible,NA,NA,NA,NA,,0,No,NA,no
GP22,9/19/16,Bd_ONLY,ALKL1,ALKL1,4_Experiment2,4_Experiment2,27,NA,2.01,0,0,0,notvisible,NA,NA,NA,NA,,0,No,NA,no
GP2,9/23/16,CONTROL_noitraconazole,control,CONTROL_noitraconazole,3_Experiment1,3_Experiment1,59,NA,NA,0,0,0,notvisible,NA,NA,NA,NA,,0,completed_coinfectionexp1,DiedExp1,no
SD2,9/23/16,CONTROL_noitraconazole,control,CONTROL_noitraconazole,3_Experiment1,3_Experiment1,59,NA,NA,52.32,0,0,notvisible,NA,NA,NA,NA,,0,completed_coinfectionexp1,SurvivedExp1,yes
GP23,9/23/16,CONTROL_noitraconazole,control,CONTROL_noitraconazole,3_Experiment1,3_Experiment1,59,NA,NA,7.4,0,0,notvisible,NA,NA,NA,NA,,0,completed_coinfectionexp1,SurvivedExp1,yes
GP7,9/23/16,CONTROL_negative,control,CONTROL_negative,3_Experiment1,3_Experiment1,59,NA,NA,0,0,0,notvisible,NA,NA,NA,NA,,0,completed_coinfectionexp1,SurvivedExp1,no
GP3,9/23/16,CONTROL_negative,control,CONTROL_negative,3_Experiment1,3_Experiment1,59,NA,NA,9.6,0,0,notvisible,NA,NA,NA,NA,,0,completed_coinfectionexp1,SurvivedExp1,yes
GP36,9/23/16,Bd_BsalLater,JEL648,JEL648,5_BeforeExp3,4_Experiment2,31,NA,NA,15.5,0,0,notvisible,NA,NA,NA,NA,,0,No,NA,yes
GP21,9/23/16,Bsal_BdLater,ALKL1,ALKL1,5_BeforeExp3,4_Experiment2,31,NA,NA,0,0,0,notvisible,NA,NA,NA,NA,,0,No,NA,no
SD4,9/23/16,Bd_Bsal,JEL648,JEL648,5_BeforeExp3,4_Experiment2,31,NA,NA,0,0,0,notvisible,NA,NA,NA,NA,,0,No,NA,no
GP28,9/23/16,Bd_ONLY,JEL423,JEL423,5_BeforeExp3,4_Experiment2,31,NA,NA,86.2,0,0,notvisible,NA,NA,NA,NA,,0,No,NA,yes
GP6,9/9/2016,Bsal_ONLY,JEL648,JEL648,4_Experiment2,4_Experiment2,17,NA,NA,67.60672214,0,NA,notvisible,NA,NA,NA,NA,dead,0,No,NA,yes
GP5,9/23/16,Bd_ONLY,JEL648,JEL648,5_BeforeExp3,4_Experiment2,31,NA,NA,85.8,0,0,notvisible,NA,NA,NA,NA,,0,No,NA,yes
GP11,9/23/16,Bd_Bsal,JEL423,JEL423,5_BeforeExp3,4_Experiment2,31,NA,NA,0,0,0,notvisible,NA,NA,NA,NA,,0,No,NA,no
GP22,9/23/16,Bd_ONLY,ALKL1,ALKL1,5_BeforeExp3,4_Experiment2,31,NA,NA,0,0,0,notvisible,NA,NA,NA,NA,,0,No,NA,no
GP30,9/23/16,Bd_ONLY,JEL423,JEL423,5_BeforeExp3,4_Experiment2,31,NA,NA,6.5,0,0,notvisible,NA,NA,NA,NA,,0,No,NA,yes
SD1,9/23/16,Bd_ONLY,JEL423,JEL423,5_BeforeExp3,4_Experiment2,31,NA,NA,0,0,0,notvisible,NA,NA,NA,NA,,0,No,NA,no
FS9,9/23/16,Bd_Bsal,ALKL1,ALKL1,5_BeforeExp3,4_Experiment2,31,NA,NA,130.8,0,0,notvisible,NA,NA,NA,NA,,0,No,NA,yes
GP8,9/23/16,Bd_ONLY,JEL648,JEL648,5_BeforeExp3,4_Experiment2,31,NA,NA,0,0,0,notvisible,NA,NA,NA,NA,,0,No,NA,no
GP6,9/12/2016,Bsal_ONLY,JEL648,JEL648,4_Experiment2,4_Experiment2,20,NA,1.92,67.60672214,0,NA,notvisible,NA,NA,NA,NA,dead,0,No,NA,yes
FS8,9/23/16,Bsal_ONLY,JEL423,JEL423,5_BeforeExp3,4_Experiment2,31,NA,NA,0,0,0,notvisible,NA,NA,NA,NA,alive,0,No,NA,no
GP41,9/21/16,Bsal_BdLater,None,None,3_Experiment1,3_Experiment1,59,NA,NA,30.3,0,2817,notvisible,NA,NA,NA,found_dead_9/21/2016,,1,completed_coinfectionexp1,DiedExp1,yes
GP19,9/21/16,Bd_Bsal,None,None,3_Experiment1,3_Experiment1,59,NA,NA,0,0,1489.6,notvisible,NA,NA,NA,found_dead_9/21/2016,,1,completed_coinfectionexp1,DiedExp1,no
GP16,9/26/16,Bsal_BdLater,None,None,3_Experiment1,3_Experiment1,64,NA,2.31,13.5,0,9.0803,notvisible,NA,NA,NA,NA,,0,completed_coinfectionexp1,DiedExp1,yes
GP40,9/26/16,Bd_BsalLater,None,None,3_Experiment1,3_Experiment1,64,NA,1.76,12.24,0,0,notvisible,NA,NA,NA,NA,,0,completed_coinfectionexp1,SurvivedExp1,yes
GP12,9/26/16,Bd_Bsal,None,None,3_Experiment1,3_Experiment1,64,NA,2.03,6.42,0,100.93,yes,yes,NA,"dark_skin,_dying,_shedding",Euthanized_9/26/2016,,1,completed_coinfectionexp1,DiedExp1,yes
GP6,9/16/16,Bsal_ONLY,JEL648,JEL648,4_Experiment2,4_Experiment2,24,NA,NA,67.60672214,0,0,notvisible,NA,NA,NA,NA,dead,0,No,NA,yes
GP6,9/19/16,Bsal_ONLY,JEL648,JEL648,4_Experiment2,4_Experiment2,27,NA,1.71,67.60672214,0,0,notvisible,NA,NA,NA,NA,dead,0,No,NA,yes
SD5,9/26/16,Bd_BsalLater,None,None,3_Experiment1,3_Experiment1,64,NA,2.03,0,0,126.83,notvisible,NA,NA,NA,NA,,0,completed_coinfectionexp1,DiedExp1,no
GP32,9/26/16,Bd_Bsal,None,None,3_Experiment1,3_Experiment1,64,NA,1.97,0,0,66.572,notvisible,NA,NA,NA,NA,,0,No,NA,no
GP9,9/26/16,Bd_BsalLater,None,None,3_Experiment1,3_Experiment1,64,NA,2.3,0,0,0,notvisible,NA,NA,NA,NA,,0,completed_coinfectionexp1,SurvivedExp1,no
FS10,9/26/16,Bd_Bsal,None,None,3_Experiment1,3_Experiment1,64,NA,2.11,379.04,0,0,notvisible,NA,NA,NA,NA,,0,completed_coinfectionexp1,DiedExp1,yes
GP6,9/23/16,Bsal_ONLY,JEL648,JEL648,5_BeforeExp3,4_Experiment2,31,NA,NA,67.60672214,0,0,notvisible,NA,NA,NA,NA,dead,0,No,NA,yes
GP34,9/26/16,Bd_Bsal,None,None,3_Experiment1,3_Experiment1,64,NA,1.78,6.8,0,19.52,notvisible,NA,NA,NA,NA,,0,completed_coinfectionexp1,DiedExp1,yes
FS12,9/26/16,Bd_BsalLater,None,None,3_Experiment1,3_Experiment1,64,NA,2.36,27.8,0,0,notvisible,NA,NA,NA,NA,,0,completed_coinfectionexp1,DiedExp1,yes
GP6,10/14/16,Bsal_ONLY,JEL648,JEL648,6_Experiment3,6_Experiment3,4,NA,1.8,67.60672214,7481.814045,0,notvisible,NA,NA,NA,NA,dead,0,No,NA,yes
GP6,10/17/16,Bsal_ONLY,JEL648,JEL648,6_Experiment3,6_Experiment3,7,NA,1.66,67.60672214,23.68371335,0,notvisible,NA,NA,NA,NA,dead,0,No,NA,yes
FS17,9/29/16,Bd_Bsal,None,None,3_Experiment1,3_Experiment1,67,NA,NA,2071.6,0,0,notvisible,NA,NA,NA,Euthanized_9/29/16,,0,No,NA,yes
GP37,9/29/16,Bd_BsalLater,None,None,3_Experiment1,3_Experiment1,67,NA,NA,0,0,0,notvisible,NA,NA,NA,Euthanized_9/29/16,,0,No,NA,no
GP6,10/24/16,Bsal_ONLY,JEL648,JEL648,6_Experiment3,6_Experiment3,14,NA,1.78,67.60672214,0,2.01399715,notvisible,NA,NA,NA,NA,dead,0,No,NA,yes
GP32,9/29/16,Bd_Bsal,None,None,3_Experiment1,3_Experiment1,67,NA,NA,0,0,357.06,notvisible,NA,NA,NA,Euthanized_9/29/16,,0,No,NA,no
GP6,10/28/16,Bsal_ONLY,JEL648,JEL648,6_Experiment3,6_Experiment3,18,NA,1.86,67.60672214,0,1.261915645,notvisible,NA,NA,NA,NA,dead,0,No,NA,yes
GP6,10/31/16,Bsal_ONLY,JEL648,JEL648,6_Experiment3,6_Experiment3,21,NA,1.71,67.60672214,0,571.6308488,notvisible,NA,NA,NA,NA,dead,0,No,NA,yes
FS4,10/3/2016,CONTROL_negative,control,CONTROL_negative,3_Experiment1,3_Experiment1,71,NA,3.33,0,0,0,yes,yes,yes,"no_righting_ability,_shed_pieces,_crickets",Euthanized_10/03/2016,,0,No,NA,no
GP3,10/3/2016,CONTROL_negative,control,CONTROL_negative,3_Experiment1,3_Experiment1,71,NA,2.31,9.6,0,0,notvisible,NA,NA,NA,NA,,0,completed_coinfectionexp1,SurvivedExp1,yes
GP27,10/3/2016,CONTROL_negative,control,CONTROL_negative,3_Experiment1,3_Experiment1,71,NA,1.72,20.53,0,0,notvisible,NA,NA,NA,NA,,0,completed_coinfectionexp1,SurvivedExp1,yes
GP7,10/3/2016,CONTROL_negative,control,CONTROL_negative,3_Experiment1,3_Experiment1,71,NA,2.73,0,0,0,notvisible,NA,NA,NA,NA,,0,completed_coinfectionexp1,SurvivedExp1,no
GP24,10/3/2016,CONTROL_noitraconazole,control,CONTROL_noitraconazole,3_Experiment1,3_Experiment1,71,NA,1.76,184.1006118,0,0,notvisible,NA,NA,NA,NA,,0,completed_coinfectionexp1,DiedExp1,yes
FS2,10/3/2016,CONTROL_negative,control,CONTROL_negative,3_Experiment1,3_Experiment1,71,NA,1.99,168.62,0,0,notvisible,NA,NA,NA,NA,,0,completed_coinfectionexp1,SurvivedExp1,yes
GP2,10/3/2016,CONTROL_noitraconazole,control,CONTROL_noitraconazole,3_Experiment1,3_Experiment1,71,NA,2.15,0,74.571,0,notvisible,NA,NA,NA,NA,,0,completed_coinfectionexp1,DiedExp1,no
FS1,10/3/2016,CONTROL_noitraconazole,control,CONTROL_noitraconazole,3_Experiment1,3_Experiment1,71,NA,2.18,196.63,202,0,notvisible,NA,NA,NA,NA,,0,completed_coinfectionexp1,SurvivedExp1,yes
GP23,10/3/2016,CONTROL_noitraconazole,control,CONTROL_noitraconazole,3_Experiment1,3_Experiment1,71,NA,2.13,7.4,0,0,notvisible,NA,NA,NA,NA,,0,completed_coinfectionexp1,SurvivedExp1,yes
GP24,10/3/2016,CONTROL_noitraconazole,control,CONTROL_noitraconazole,3_Experiment1,3_Experiment1,71,NA,2.09,184.1006118,2929.5,0,notvisible,NA,NA,NA,NA,,0,completed_coinfectionexp1,DiedExp1,yes
GP1,10/3/2016,CONTROL_noitraconazole,control,CONTROL_noitraconazole,3_Experiment1,3_Experiment1,71,NA,2,2.76,73.1,0,notvisible,NA,NA,NA,NA,,0,completed_coinfectionexp1,SurvivedExp1,yes
SD2,10/3/2016,CONTROL_noitraconazole,control,CONTROL_noitraconazole,3_Experiment1,3_Experiment1,71,NA,2.4,52.32,0,0,notvisible,NA,NA,NA,NA,,0,completed_coinfectionexp1,SurvivedExp1,yes
GP34,10/3/2016,Bd_Bsal,None,None,3_Experiment1,3_Experiment1,71,NA,1.86,6.8,0,503.97,notvisible,NA,NA,NA,NA,,0,completed_coinfectionexp1,DiedExp1,yes
FS10,10/3/2016,Bd_Bsal,None,None,3_Experiment1,3_Experiment1,71,NA,1.96,379.04,0,270.53,notvisible,NA,NA,NA,NA,,0,completed_coinfectionexp1,DiedExp1,yes
SD5,10/3/2016,Bd_BsalLater,None,None,3_Experiment1,3_Experiment1,71,NA,2.12,0,0,3674.8,notvisible,NA,NA,"dark_hands,_shed_bits",NA,,0,completed_coinfectionexp1,DiedExp1,no
GP16,10/3/2016,Bsal_BdLater,None,None,3_Experiment1,3_Experiment1,71,NA,2.28,13.5,0,191.26,notvisible,NA,NA,NA,NA,,0,completed_coinfectionexp1,DiedExp1,yes
FS12,10/3/2016,Bd_BsalLater,None,None,3_Experiment1,3_Experiment1,71,NA,2.27,27.8,0,67.038,yes,shedding_pieces,NA,NA,NA,,0,completed_coinfectionexp1,DiedExp1,yes
GP9,10/3/2016,Bd_BsalLater,None,None,3_Experiment1,3_Experiment1,71,NA,2.08,0,0,0,notvisible,NA,NA,NA,NA,,0,completed_coinfectionexp1,SurvivedExp1,no
GP40,10/3/2016,Bd_BsalLater,None,None,3_Experiment1,3_Experiment1,71,NA,2.03,12.24,0,0,notvisible,NA,NA,NA,NA,,0,completed_coinfectionexp1,SurvivedExp1,yes
FS10,10/10/2016,Bd_Bsal,None,None,3_Experiment1,3_Experiment1,78,NA,1.88,379.04,0,14200.82339,notvisible,NA,NA,NA,NA,,0,completed_coinfectionexp1,DiedExp1,yes
GP9,10/10/2016,Bd_BsalLater,None,None,3_Experiment1,3_Experiment1,78,NA,2.16,0,0,0,notvisible,NA,NA,NA,NA,,0,completed_coinfectionexp1,SurvivedExp1,no
GP34,10/10/2016,Bd_Bsal,None,None,3_Experiment1,3_Experiment1,78,NA,1.76,6.8,0,1832.988255,yes,shedding_pieces,NA,NA,NA,,0,completed_coinfectionexp1,DiedExp1,yes
GP40,10/10/2016,Bd_BsalLater,None,None,3_Experiment1,3_Experiment1,78,NA,1.89,12.24,0,0,notvisible,NA,NA,NA,NA,,0,completed_coinfectionexp1,SurvivedExp1,yes
GP16,10/10/2016,Bsal_BdLater,None,None,3_Experiment1,3_Experiment1,78,NA,2.22,13.5,0,12845.0899,notvisible,NA,NA,NA,NA,,0,completed_coinfectionexp1,DiedExp1,yes
FS12,10/10/2016,Bd_BsalLater,None,None,3_Experiment1,3_Experiment1,78,NA,2.14,27.8,0,423.2067578,notvisible,NA,NA,NA,NA,,0,completed_coinfectionexp1,DiedExp1,yes
GP7,10/14/16,CONTROL_negative,control,CONTROL_negative,3_Experiment1,3_Experiment1,82,NA,2.54,0,0,0,notvisible,NA,NA,NA,NA,,0,completed_coinfectionexp1,SurvivedExp1,no
GP3,10/14/16,CONTROL_negative,control,CONTROL_negative,3_Experiment1,3_Experiment1,82,NA,2.19,9.6,0,0,notvisible,NA,NA,NA,NA,,0,completed_coinfectionexp1,SurvivedExp1,yes
SD2,10/14/16,CONTROL_noitraconazole,control,CONTROL_noitraconazole,3_Experiment1,3_Experiment1,82,NA,2.58,52.32,0,0,notvisible,NA,NA,NA,NA,,0,completed_coinfectionexp1,SurvivedExp1,yes
GP2,10/14/16,CONTROL_noitraconazole,control,CONTROL_noitraconazole,3_Experiment1,3_Experiment1,82,NA,2.13,0,329.67,0,notvisible,NA,NA,NA,NA,,0,completed_coinfectionexp1,DiedExp1,no
GP23,10/14/16,CONTROL_noitraconazole,control,CONTROL_noitraconazole,3_Experiment1,3_Experiment1,82,NA,2.33,7.4,232.85,0,notvisible,NA,NA,NA,NA,,0,completed_coinfectionexp1,SurvivedExp1,yes
FS2,10/14/16,CONTROL_negative,control,CONTROL_negative,3_Experiment1,3_Experiment1,82,NA,2.17,168.62,0,0,notvisible,NA,NA,NA,NA,,0,completed_coinfectionexp1,SurvivedExp1,yes
GP27,10/14/16,CONTROL_negative,control,CONTROL_negative,3_Experiment1,3_Experiment1,82,NA,1.81,20.53,0,0,notvisible,NA,NA,thin,NA,,0,completed_coinfectionexp1,SurvivedExp1,yes
GP29,10/14/16,CONTROL_negative,control,CONTROL_negative,3_Experiment1,3_Experiment1,82,NA,1.77,0,0,0,notvisible,NA,NA,thin,NA,,0,completed_coinfectionexp1,SurvivedExp1,no
GP1,10/14/16,CONTROL_noitraconazole,control,CONTROL_noitraconazole,3_Experiment1,3_Experiment1,82,NA,1.89,2.76,172.8422136,0,notvisible,NA,NA,NA,NA,,0,completed_coinfectionexp1,SurvivedExp1,yes
FS1,10/14/16,CONTROL_noitraconazole,control,CONTROL_noitraconazole,3_Experiment1,3_Experiment1,82,NA,2.07,196.63,579.3561598,0,notvisible,NA,NA,NA,NA,,0,completed_coinfectionexp1,SurvivedExp1,yes
GP24,10/14/16,CONTROL_noitraconazole,control,CONTROL_noitraconazole,3_Experiment1,3_Experiment1,82,NA,1.99,184.1006118,5512.665227,0,yes,shedding,NA,NA,NA,,0,completed_coinfectionexp1,DiedExp1,yes
GP30,10/14/16,Bd_ONLY,JEL423,JEL423,6_Experiment3,6_Experiment3,4,NA,1.82,6.5,372.9511187,0,notvisible,NA,NA,NA,NA,,0,No,NA,yes
SD1,10/14/16,Bd_ONLY,JEL423,JEL423,6_Experiment3,6_Experiment3,4,NA,1.56,0,35898.98566,0,notvisible,NA,NA,NA,NA,,0,No,NA,no
FS8,10/14/16,Bsal_ONLY,JEL423,JEL423,6_Experiment3,6_Experiment3,4,NA,1.91,0,127.8749618,0,notvisible,NA,NA,NA,NA,alive,0,No,NA,no
GP28,10/14/16,Bd_ONLY,JEL423,JEL423,6_Experiment3,6_Experiment3,4,NA,1.61,86.2,25378.26637,0,notvisible,NA,NA,NA,NA,,0,No,NA,yes
GP11,10/14/16,Bd_Bsal,JEL423,JEL423,6_Experiment3,6_Experiment3,4,NA,2.43,0,159.2443495,0,notvisible,NA,NA,NA,NA,,0,No,NA,no
GP5,10/14/16,Bd_ONLY,JEL648,JEL648,6_Experiment3,6_Experiment3,4,NA,2.16,85.8,3032.959222,0,notvisible,NA,NA,NA,NA,,0,No,NA,yes
GP36,10/14/16,Bd_BsalLater,JEL648,JEL648,6_Experiment3,6_Experiment3,4,NA,2.09,15.5,3241.729546,0,notvisible,NA,NA,NA,NA,,0,No,NA,yes
GP8,10/14/16,Bd_ONLY,JEL648,JEL648,6_Experiment3,6_Experiment3,4,NA,1.98,0,4568.438681,0,notvisible,NA,NA,NA,NA,,0,No,NA,no
SD4,10/14/16,Bd_Bsal,JEL648,JEL648,6_Experiment3,6_Experiment3,4,NA,1.55,0,4158.176398,0,notvisible,NA,NA,NA,NA,,0,No,NA,no
GP6,11/7/2016,Bsal_ONLY,JEL648,JEL648,6_Experiment3,6_Experiment3,28,NA,1.68,67.60672214,0,982.5727563,notvisible,NA,NA,NA,NA,dead,0,No,NA,yes
GP21,10/14/16,Bsal_BdLater,ALKL1,ALKL1,6_Experiment3,6_Experiment3,4,NA,1.96,0,12432.45604,0,notvisible,NA,NA,NA,NA,,0,No,NA,no
SD7,10/14/16,Bd_ONLY,ALKL1,ALKL1,6_Experiment3,6_Experiment3,4,NA,2,0,6319.044979,0,notvisible,NA,NA,NA,NA,,0,completed_coinfectionexp1,SurvivedExp1,no
GP22,10/14/16,Bd_ONLY,ALKL1,ALKL1,6_Experiment3,6_Experiment3,4,NA,2.15,0,9649.002989,0,notvisible,NA,NA,NA,NA,,0,No,NA,no
GP6,11/14/16,Bsal_ONLY,JEL648,JEL648,6_Experiment3,6_Experiment3,35,NA,1.7,67.60672214,0,5651.481323,notvisible,NA,NA,NA,NA,dead,0,No,NA,yes
FS9,10/14/16,Bd_Bsal,ALKL1,ALKL1,6_Experiment3,6_Experiment3,4,NA,3.2,130.8,503.2133016,0,notvisible,NA,NA,NA,NA,,0,No,NA,yes
GP9,10/14/16,Bd_BsalLater,None,None,3_Experiment1,3_Experiment1,82,NA,1.99,0,0,0,notvisible,NA,NA,NA,NA,,0,completed_coinfectionexp1,SurvivedExp1,no
GP16,10/14/16,Bsal_BdLater,None,None,3_Experiment1,3_Experiment1,82,NA,2.29,13.5,0,17123,notvisible,NA,NA,NA,NA,,0,completed_coinfectionexp1,DiedExp1,yes
GP34,10/14/16,Bd_Bsal,None,None,3_Experiment1,3_Experiment1,82,NA,1.94,6.8,0,10361.92,yes,shedding_dark_skin,NA,NA,euthanized_10/14/2016,,1,completed_coinfectionexp1,DiedExp1,yes
FS10,10/14/16,Bd_Bsal,None,None,3_Experiment1,3_Experiment1,82,NA,2.19,379.04,0,22220.33297,yes,"shedding_lots,_skin_attached_to_neck,_hands,_feet",NA,NA,NA,,0,completed_coinfectionexp1,DiedExp1,yes
GP40,10/14/16,Bd_BsalLater,None,None,3_Experiment1,3_Experiment1,82,NA,1.81,12.24,0,3124.9,notvisible,NA,NA,NA,NA,,0,completed_coinfectionexp1,SurvivedExp1,yes
FS12,10/14/16,Bd_BsalLater,None,None,3_Experiment1,3_Experiment1,82,NA,2.17,27.8,0,12786,notvisible,NA,NA,NA,euthanized_10/14/2016,,1,completed_coinfectionexp1,DiedExp1,yes
GP15,10/14/16,Bd_BsalLater,None,None,3_Experiment1,3_Experiment1,82,NA,2.41,23.2,0,0,notvisible,NA,NA,NA,NA,,0,completed_coinfectionexp1,SurvivedExp1,yes
GP4,10/14/16,Bd_ONLY,None,None,3_Experiment1,3_Experiment1,82,NA,2.06,12.2,0,0,notvisible,NA,NA,NA,NA,,0,completed_coinfectionexp1,SurvivedExp1,yes
FS15,10/14/16,Bd_ONLY,None,None,3_Experiment1,3_Experiment1,82,NA,2.12,2763.1,0,0,notvisible,NA,NA,NA,NA,,0,completed_coinfectionexp1,SurvivedExp1,yes
GP25,10/14/16,Bd_ONLY,None,None,3_Experiment1,3_Experiment1,82,NA,2.08,0,0,0,notvisible,NA,NA,ate_complete_skin_shed,NA,,0,completed_coinfectionexp1,SurvivedExp1,no
GP39,10/14/16,Bsal_BdLater,None,None,3_Experiment1,3_Experiment1,82,NA,1.82,0,0,0,notvisible,NA,NA,NA,NA,,0,completed_coinfectionexp1,SurvivedExp1,no
SD6,10/14/16,Bsal_BdLater,None,None,3_Experiment1,3_Experiment1,82,NA,2.12,0,0,0,notvisible,NA,NA,NA,NA,,0,completed_coinfectionexp1,SurvivedExp1,no
SD9,10/14/16,Bsal_BdLater,None,None,3_Experiment1,3_Experiment1,82,NA,2.49,0,0,0,yes,dark_tip_tail,NA,NA,NA,,0,completed_coinfectionexp1,DiedExp1,no
FS14,10/14/16,Bsal_BdLater,None,None,3_Experiment1,3_Experiment1,82,NA,2.35,0,0,0,notvisible,NA,NA,NA,NA,,0,completed_coinfectionexp1,SurvivedExp1,no
FS19,10/14/16,Bsal_BdLater,None,None,3_Experiment1,3_Experiment1,82,NA,1.77,9147.3,0,0,notvisible,NA,NA,NA,NA,,0,completed_coinfectionexp1,SurvivedExp1,yes
FS13,10/14/16,Bsal_BdLater,None,None,3_Experiment1,3_Experiment1,82,NA,1.54,293.45,0,0,notvisible,NA,NA,NA,NA,,0,completed_coinfectionexp1,SurvivedExp1,yes
GP18,10/14/16,Bsal_ONLY,None,None,3_Experiment1,3_Experiment1,82,NA,2.18,75.1,0,0,notvisible,NA,NA,dark_hands_feet/tail_tip_reddening,NA,alive,0,completed_coinfectionexp1,SurvivedExp1,yes
GP17,10/14/16,Bsal_BdLater,None,None,3_Experiment1,3_Experiment1,82,NA,2.01,56.7,0,0,notvisible,NA,NA,reddening,NA,,0,completed_coinfectionexp1,SurvivedExp1,yes
GP14,10/14/16,Bd_BsalLater,None,None,3_Experiment1,3_Experiment1,82,NA,2.32,18.71,0,0,notvisible,NA,NA,NA,NA,,0,completed_coinfectionexp1,SurvivedExp1,yes
SD8,10/14/16,Bd_Bsal,None,None,3_Experiment1,3_Experiment1,82,NA,1.58,0,0,0,notvisible,NA,NA,NA,NA,,0,completed_coinfectionexp1,SurvivedExp1,no
SD10,10/14/16,Bsal_ONLY,None,None,3_Experiment1,3_Experiment1,82,NA,2.19,5.91,0,0,notvisible,NA,NA,reddening,NA,alive,0,completed_coinfectionexp1,SurvivedExp1,yes
GP20,10/14/16,Bd_BsalLater,None,None,3_Experiment1,3_Experiment1,82,NA,2.4,3.91,0,0,notvisible,NA,NA,"reddening,_shedding,_dark_skin_feet/hands",NA,,0,completed_coinfectionexp1,SurvivedExp1,yes
FS11,10/14/16,Bd_BsalLater,None,None,3_Experiment1,3_Experiment1,82,NA,1.96,2261.44,0,0,notvisible,NA,NA,NA,NA,,0,completed_coinfectionexp1,SurvivedExp1,yes
SD4,10/17/16,Bd_Bsal,JEL648,JEL648,6_Experiment3,6_Experiment3,7,NA,1.57,0,0,0,notvisible,NA,yes,NA,NA,,0,No,NA,no
GP11,10/17/16,Bd_Bsal,JEL423,JEL423,6_Experiment3,6_Experiment3,7,NA,2.36,0,0,0,notvisible,NA,NA,NA,NA,,0,No,NA,no
FS8,10/17/16,Bsal_ONLY,JEL423,JEL423,6_Experiment3,6_Experiment3,7,NA,2.07,0,153.8597873,0,yes,shed_bits,NA,NA,NA,alive,0,No,NA,no
FS9,10/17/16,Bd_Bsal,ALKL1,ALKL1,6_Experiment3,6_Experiment3,7,NA,3.1,130.8,0,0,notvisible,NA,NA,NA,NA,,0,No,NA,yes
GP6,11/21/16,Bsal_ONLY,JEL648,JEL648,6_Experiment3,6_Experiment3,42,NA,2.2,67.60672214,0,4004.041729,yes,shed,yes,NA,found_dead_11/21/2016,dead,1,No,NA,yes
SD3,16-Jun,Bsal_ONLY,None,None,1_Capture,1_Capture,0,NA,NA,0,0,0,notvisible,NA,NA,NA,NA,dead,0,No,NA,no
GP28,10/17/16,Bd_ONLY,JEL423,JEL423,6_Experiment3,6_Experiment3,7,NA,1.66,86.2,340.3240316,0,notvisible,NA,NA,NA,NA,,0,No,NA,yes
GP22,10/17/16,Bd_ONLY,ALKL1,ALKL1,6_Experiment3,6_Experiment3,7,NA,2.02,0,0,0,yes,shed_bits,NA,NA,NA,,0,No,NA,no
SD1,10/17/16,Bd_ONLY,JEL423,JEL423,6_Experiment3,6_Experiment3,7,NA,1.58,0,329.1006643,0,yes,shed_bits,NA,NA,NA,,0,No,NA,no
GP8,10/17/16,Bd_ONLY,JEL648,JEL648,6_Experiment3,6_Experiment3,7,NA,2.03,0,0,0,notvisible,NA,NA,NA,NA,,0,No,NA,no
GP5,10/17/16,Bd_ONLY,JEL648,JEL648,6_Experiment3,6_Experiment3,7,NA,2.3,85.8,0,0,yes,shed_bits,NA,NA,NA,,0,No,NA,yes
GP21,10/17/16,Bsal_BdLater,ALKL1,ALKL1,6_Experiment3,6_Experiment3,7,NA,1.96,0,14.30343458,0,notvisible,NA,NA,NA,NA,,0,No,NA,no
SD7,10/17/16,Bd_ONLY,ALKL1,ALKL1,6_Experiment3,6_Experiment3,7,NA,1.97,0,18.79654975,0,notvisible,NA,NA,NA,NA,,0,completed_coinfectionexp1,SurvivedExp1,no
GP30,10/17/16,Bd_ONLY,JEL423,JEL423,6_Experiment3,6_Experiment3,7,NA,1.84,6.5,0,0,notvisible,NA,NA,NA,NA,,0,No,NA,yes
GP36,10/17/16,Bd_BsalLater,JEL648,JEL648,6_Experiment3,6_Experiment3,7,NA,2.28,15.5,19.93096284,0,notvisible,NA,NA,NA,NA,,0,No,NA,yes
GP3,10/17/16,CONTROL_negative,control,CONTROL_negative,3_Experiment1,3_Experiment1,85,NA,2.19,9.6,0,0,notvisible,NA,NA,NA,NA,,0,completed_coinfectionexp1,SurvivedExp1,yes
GP7,10/17/16,CONTROL_negative,control,CONTROL_negative,3_Experiment1,3_Experiment1,85,NA,2.62,0,0,0,notvisible,NA,NA,NA,NA,,0,completed_coinfectionexp1,SurvivedExp1,no
GP23,10/17/16,CONTROL_noitraconazole,control,CONTROL_noitraconazole,3_Experiment1,3_Experiment1,85,NA,2.41,7.4,51.43199818,0,notvisible,NA,NA,NA,NA,,0,completed_coinfectionexp1,SurvivedExp1,yes
GP2,10/17/16,CONTROL_noitraconazole,control,CONTROL_noitraconazole,3_Experiment1,3_Experiment1,85,NA,2.15,0,1022.974431,0,notvisible,NA,NA,NA,NA,,0,completed_coinfectionexp1,DiedExp1,no
SD2,10/17/16,CONTROL_noitraconazole,control,CONTROL_noitraconazole,3_Experiment1,3_Experiment1,85,NA,2.61,52.32,0,0,notvisible,NA,NA,NA,NA,,0,completed_coinfectionexp1,SurvivedExp1,yes
GP3,10/24/16,CONTROL_negative,control,CONTROL_negative,3_Experiment1,3_Experiment1,92,NA,2.22,9.6,0,0,notvisible,NA,NA,NA,NA,,0,completed_coinfectionexp1,SurvivedExp1,yes
GP23,10/24/16,CONTROL_noitraconazole,control,CONTROL_noitraconazole,3_Experiment1,3_Experiment1,92,NA,2.35,7.4,703.6221102,0,notvisible,NA,NA,NA,NA,,0,completed_coinfectionexp1,SurvivedExp1,yes
GP7,10/24/16,CONTROL_negative,control,CONTROL_negative,3_Experiment1,3_Experiment1,92,NA,2.53,0,0,0,notvisible,NA,NA,NA,NA,,0,completed_coinfectionexp1,SurvivedExp1,no
GP2,10/24/16,CONTROL_noitraconazole,control,CONTROL_noitraconazole,3_Experiment1,3_Experiment1,92,NA,1.9,0,11829.53137,0,notvisible,NA,NA,NA,NA,,0,completed_coinfectionexp1,DiedExp1,no
SD2,10/24/16,CONTROL_noitraconazole,control,CONTROL_noitraconazole,3_Experiment1,3_Experiment1,92,NA,2.47,52.32,0,0,notvisible,NA,NA,NA,NA,,0,completed_coinfectionexp1,SurvivedExp1,yes
FS2,10/24/16,CONTROL_negative,control,CONTROL_negative,3_Experiment1,3_Experiment1,92,NA,1.99,168.62,0,0,notvisible,NA,yes,NA,NA,,0,completed_coinfectionexp1,SurvivedExp1,yes
GP1,10/24/16,CONTROL_noitraconazole,control,CONTROL_noitraconazole,3_Experiment1,3_Experiment1,92,NA,1.93,2.76,83.73561064,0,notvisible,NA,yes,NA,NA,,0,completed_coinfectionexp1,SurvivedExp1,yes
GP29,10/24/16,CONTROL_negative,control,CONTROL_negative,3_Experiment1,3_Experiment1,92,NA,1.181,0,0,0,yes,shedding,NA,lethargic,NA,,0,completed_coinfectionexp1,SurvivedExp1,no
FS1,10/24/16,CONTROL_noitraconazole,control,CONTROL_noitraconazole,3_Experiment1,3_Experiment1,92,NA,2.23,196.63,9038.263702,0,notvisible,NA,NA,NA,NA,,0,completed_coinfectionexp1,SurvivedExp1,yes
GP24,10/24/16,CONTROL_noitraconazole,control,CONTROL_noitraconazole,3_Experiment1,3_Experiment1,92,NA,1.97,184.1006118,7311.773127,0,yes,shedding,NA,NA,NA,,0,completed_coinfectionexp1,DiedExp1,yes
GP27,10/24/16,CONTROL_negative,control,CONTROL_negative,3_Experiment1,3_Experiment1,92,NA,1.71,20.53,0,0,notvisible,NA,NA,NA,NA,,0,completed_coinfectionexp1,SurvivedExp1,yes
SD4,10/24/16,Bd_Bsal,JEL648,JEL648,6_Experiment3,6_Experiment3,14,NA,1.82,0,0,47.41710657,notvisible,NA,NA,NA,NA,,0,No,NA,no
SD3,16-Jul,Bsal_ONLY,None,None,2_After_itra,2_After_itra,0,NA,NA,0,0,0,notvisible,NA,NA,NA,NA,dead,0,No,NA,no
FS8,10/24/16,Bsal_ONLY,JEL423,JEL423,6_Experiment3,6_Experiment3,14,NA,2.01,0,0,52.25561826,yes,shed_complete,NA,thin,NA,alive,0,No,NA,no
GP8,10/24/16,Bd_ONLY,JEL648,JEL648,6_Experiment3,6_Experiment3,14,NA,2.08,0,0,1.401170498,notvisible,NA,NA,NA,NA,,0,No,NA,no
SD7,10/24/16,Bd_ONLY,ALKL1,ALKL1,6_Experiment3,6_Experiment3,14,NA,1.93,0,4.228355983,46.4542689,notvisible,NA,NA,NA,NA,,0,completed_coinfectionexp1,SurvivedExp1,no
GP22,10/24/16,Bd_ONLY,ALKL1,ALKL1,6_Experiment3,6_Experiment3,14,NA,2.09,0,0,0,notvisible,NA,NA,NA,NA,,0,No,NA,no
GP21,10/24/16,Bsal_BdLater,ALKL1,ALKL1,6_Experiment3,6_Experiment3,14,NA,2.01,0,74.57145541,14.33434305,notvisible,NA,NA,NA,NA,,0,No,NA,no
FS9,10/24/16,Bd_Bsal,ALKL1,ALKL1,6_Experiment3,6_Experiment3,14,NA,2.97,130.8,0,0,yes,shedding,NA,NA,NA,,0,No,NA,yes
GP28,10/24/16,Bd_ONLY,JEL423,JEL423,6_Experiment3,6_Experiment3,14,NA,1.7,86.2,147.2234737,580.1609955,yes,shedding,NA,NA,NA,,0,No,NA,yes
SD3,8/1/2016,Bsal_ONLY,None,None,3_Experiment1,3_Experiment1,7,NA,NA,0,0,0,notvisible,NA,NA,NA,NA,dead,0,No,NA,no
GP11,10/24/16,Bd_Bsal,JEL423,JEL423,6_Experiment3,6_Experiment3,14,NA,2.24,0,0,253.3023391,notvisible,NA,NA,NA,NA,,0,No,NA,no
SD1,10/24/16,Bd_ONLY,JEL423,JEL423,6_Experiment3,6_Experiment3,14,NA,1.62,0,40.56562091,634.4704689,notvisible,NA,NA,NA,NA,,0,No,NA,no
GP36,10/24/16,Bd_BsalLater,JEL648,JEL648,6_Experiment3,6_Experiment3,14,NA,2.24,15.5,0,3.223565101,notvisible,NA,yes,NA,NA,,0,No,NA,yes
GP30,10/24/16,Bd_ONLY,JEL423,JEL423,6_Experiment3,6_Experiment3,14,NA,1.89,6.5,0,22.24342945,notvisible,NA,yes,NA,NA,,0,No,NA,yes
GP5,10/24/16,Bd_ONLY,JEL648,JEL648,6_Experiment3,6_Experiment3,14,NA,2.4,85.8,0,1.962894757,notvisible,NA,NA,NA,NA,,0,No,NA,yes
GP40,10/24/16,Bd_BsalLater,None,None,3_Experiment1,3_Experiment1,92,NA,1.81,12.24,0,0,yes,shed_bits,NA,NA,NA,,0,completed_coinfectionexp1,SurvivedExp1,yes
GP9,10/24/16,Bd_BsalLater,None,None,3_Experiment1,3_Experiment1,92,NA,2.02,0,0,1.219161249,notvisible,NA,yes,NA,NA,,0,completed_coinfectionexp1,SurvivedExp1,no
GP16,10/24/16,Bsal_BdLater,None,None,3_Experiment1,3_Experiment1,92,NA,2.22,13.5,0,5357.173857,yes,shed,yes,NA,NA,,0,completed_coinfectionexp1,DiedExp1,yes
FS10,10/24/16,Bd_Bsal,None,None,3_Experiment1,3_Experiment1,92,NA,1.92,379.04,0,11164.41774,yes,shedding,yes,skinny,found_dead_10/28/2016,,1,completed_coinfectionexp1,DiedExp1,yes
GP39,10/24/16,Bsal_BdLater,None,None,3_Experiment1,3_Experiment1,92,NA,1.82,0,0,0.76301058,yes,shedding,NA,NA,NA,,0,completed_coinfectionexp1,SurvivedExp1,no
FS13,10/24/16,Bsal_BdLater,None,None,3_Experiment1,3_Experiment1,92,NA,1.61,293.45,0,0,yes,shedding,NA,NA,NA,,0,completed_coinfectionexp1,SurvivedExp1,yes
FS14,10/24/16,Bsal_BdLater,None,None,3_Experiment1,3_Experiment1,92,NA,2.25,0,0,0,yes,shedding,NA,NA,NA,,0,completed_coinfectionexp1,SurvivedExp1,no
SD9,10/24/16,Bsal_BdLater,None,None,3_Experiment1,3_Experiment1,92,NA,2.41,0,0,10293.59868,notvisible,NA,NA,NA,NA,,0,completed_coinfectionexp1,DiedExp1,no
GP14,10/24/16,Bd_BsalLater,None,None,3_Experiment1,3_Experiment1,92,NA,2.32,18.71,0,0,yes,shedding_neck,NA,NA,NA,,0,completed_coinfectionexp1,SurvivedExp1,yes
GP18,10/24/16,Bsal_ONLY,None,None,3_Experiment1,3_Experiment1,92,NA,2.24,75.1,0,0,notvisible,NA,NA,NA,NA,alive,0,completed_coinfectionexp1,SurvivedExp1,yes
FS11,10/24/16,Bd_BsalLater,None,None,3_Experiment1,3_Experiment1,92,NA,1.95,2261.44,0,0,notvisible,NA,NA,NA,NA,,0,completed_coinfectionexp1,SurvivedExp1,yes
GP20,10/24/16,Bd_BsalLater,None,None,3_Experiment1,3_Experiment1,92,NA,2.29,3.91,0,0,yes,shedding_left_hand_dark,NA,NA,NA,,0,completed_coinfectionexp1,SurvivedExp1,yes
FS19,10/24/16,Bsal_BdLater,None,None,3_Experiment1,3_Experiment1,92,NA,1.8,9147.3,0,0,notvisible,NA,NA,NA,NA,,0,completed_coinfectionexp1,SurvivedExp1,yes
SD8,10/24/16,Bd_Bsal,None,None,3_Experiment1,3_Experiment1,92,NA,1.57,0,0,0,yes,shedding,NA,NA,NA,,0,completed_coinfectionexp1,SurvivedExp1,no
GP15,10/24/16,Bd_BsalLater,None,None,3_Experiment1,3_Experiment1,92,NA,2.29,23.2,0,0,notvisible,NA,NA,NA,NA,,0,completed_coinfectionexp1,SurvivedExp1,yes
SD10,10/24/16,Bsal_ONLY,None,None,3_Experiment1,3_Experiment1,92,NA,2.03,5.91,0,0,notvisible,NA,NA,NA,NA,alive,0,completed_coinfectionexp1,SurvivedExp1,yes
GP17,10/24/16,Bsal_BdLater,None,None,3_Experiment1,3_Experiment1,92,NA,2.04,56.7,0,0,yes,shedding,NA,NA,NA,,0,completed_coinfectionexp1,SurvivedExp1,yes
SD6,10/24/16,Bsal_BdLater,None,None,3_Experiment1,3_Experiment1,92,NA,2.07,0,0,0,notvisible,NA,NA,NA,NA,,0,completed_coinfectionexp1,SurvivedExp1,no
GP25,10/24/16,Bd_ONLY,None,None,3_Experiment1,3_Experiment1,92,NA,2.07,0,0,0,notvisible,NA,NA,NA,NA,,0,completed_coinfectionexp1,SurvivedExp1,no
GP4,10/24/16,Bd_ONLY,None,None,3_Experiment1,3_Experiment1,92,NA,2.17,12.2,0,0,yes,shedding,NA,NA,NA,,0,completed_coinfectionexp1,SurvivedExp1,yes
FS15,10/24/16,Bd_ONLY,None,None,3_Experiment1,3_Experiment1,92,NA,2.26,2763.1,0,0,yes,shedding_pieces,NA,NA,NA,,0,completed_coinfectionexp1,SurvivedExp1,yes
GP2,10/28/16,CONTROL_noitraconazole,control,CONTROL_noitraconazole,3_Experiment1,3_Experiment1,96,NA,1.88,0,9513,0,notvisible,NA,NA,NA,NA,,0,completed_coinfectionexp1,DiedExp1,no
GP23,10/28/16,CONTROL_noitraconazole,control,CONTROL_noitraconazole,3_Experiment1,3_Experiment1,96,NA,2.31,7.4,39.609,0,notvisible,NA,NA,NA,NA,,0,completed_coinfectionexp1,SurvivedExp1,yes
GP7,10/28/16,CONTROL_negative,control,CONTROL_negative,3_Experiment1,3_Experiment1,96,NA,2.63,0,0,0,notvisible,NA,NA,NA,NA,,0,completed_coinfectionexp1,SurvivedExp1,no
GP3,10/28/16,CONTROL_negative,control,CONTROL_negative,3_Experiment1,3_Experiment1,96,NA,2.24,9.6,0,0,notvisible,NA,NA,NA,NA,,0,completed_coinfectionexp1,SurvivedExp1,yes
SD2,10/28/16,CONTROL_noitraconazole,control,CONTROL_noitraconazole,3_Experiment1,3_Experiment1,96,NA,2.55,52.32,0,0,notvisible,NA,NA,NA,NA,,0,completed_coinfectionexp1,SurvivedExp1,yes
GP28,10/28/16,Bd_ONLY,JEL423,JEL423,6_Experiment3,6_Experiment3,18,NA,1.85,86.2,0,16.13598936,notvisible,NA,NA,NA,NA,,0,No,NA,yes
GP22,10/28/16,Bd_ONLY,ALKL1,ALKL1,6_Experiment3,6_Experiment3,18,NA,2.15,0,0,22.3726276,notvisible,NA,NA,NA,NA,,0,No,NA,no
SD4,10/28/16,Bd_Bsal,JEL648,JEL648,6_Experiment3,6_Experiment3,18,NA,1.71,0,0,31.14240255,notvisible,NA,NA,NA,NA,,0,No,NA,no
FS9,10/28/16,Bd_Bsal,ALKL1,ALKL1,6_Experiment3,6_Experiment3,18,NA,3.08,130.8,0,0,notvisible,NA,NA,NA,NA,,0,No,NA,yes
GP21,10/28/16,Bsal_BdLater,ALKL1,ALKL1,6_Experiment3,6_Experiment3,18,NA,2.13,0,0,275.4381266,notvisible,NA,NA,NA,NA,,0,No,NA,no
FS8,10/28/16,Bsal_ONLY,JEL423,JEL423,6_Experiment3,6_Experiment3,18,NA,2.09,0,0,44.67694973,notvisible,NA,NA,NA,NA,alive,0,No,NA,no
GP8,10/28/16,Bd_ONLY,JEL648,JEL648,6_Experiment3,6_Experiment3,18,NA,2.02,0,0,1195.597769,notvisible,NA,NA,NA,NA,,0,No,NA,no
GP30,10/28/16,Bd_ONLY,JEL423,JEL423,6_Experiment3,6_Experiment3,18,NA,1.89,6.5,0,15.28868972,notvisible,NA,NA,NA,NA,,0,No,NA,yes
SD7,10/28/16,Bd_ONLY,ALKL1,ALKL1,6_Experiment3,6_Experiment3,18,NA,1.98,0,0,10.00118303,notvisible,NA,NA,NA,NA,,0,completed_coinfectionexp1,SurvivedExp1,no
SD3,8/8/2016,Bsal_ONLY,None,None,3_Experiment1,3_Experiment1,14,NA,1.73,0,0,782.4944116,yes,dark_hand_limbs,NA,NA,NA,dead,0,No,NA,no
SD3,8/10/2016,Bsal_ONLY,None,None,3_Experiment1,3_Experiment1,16,NA,NA,0,0,171.025236,notvisible,NA,NA,NA,NA,dead,0,No,NA,no
GP36,10/28/16,Bd_BsalLater,JEL648,JEL648,6_Experiment3,6_Experiment3,18,NA,2.24,15.5,0,19.18509856,notvisible,NA,NA,lethargic,NA,,0,No,NA,yes
GP5,10/28/16,Bd_ONLY,JEL648,JEL648,6_Experiment3,6_Experiment3,18,NA,2.34,85.8,0,6.570317412,notvisible,NA,NA,NA,NA,,0,No,NA,yes
GP11,10/28/16,Bd_Bsal,JEL423,JEL423,6_Experiment3,6_Experiment3,18,NA,2.29,0,0,1.170383173,notvisible,NA,NA,NA,NA,,0,No,NA,no
SD1,10/28/16,Bd_ONLY,JEL423,JEL423,6_Experiment3,6_Experiment3,18,NA,1.67,0,0,380.7268414,notvisible,NA,NA,NA,NA,,0,No,NA,no
GP7,10/31/16,CONTROL_negative,control,CONTROL_negative,3_Experiment1,3_Experiment1,99,NA,2.75,0,0,0,notvisible,NA,NA,NA,NA,,0,completed_coinfectionexp1,SurvivedExp1,no
SD2,10/31/16,CONTROL_noitraconazole,control,CONTROL_noitraconazole,3_Experiment1,3_Experiment1,99,NA,2.57,52.32,0,0,notvisible,NA,NA,NA,NA,,0,completed_coinfectionexp1,SurvivedExp1,yes
GP3,10/31/16,CONTROL_negative,control,CONTROL_negative,3_Experiment1,3_Experiment1,99,NA,2.22,9.6,0,0,notvisible,NA,NA,NA,NA,,0,completed_coinfectionexp1,SurvivedExp1,yes
GP2,10/31/16,CONTROL_noitraconazole,control,CONTROL_noitraconazole,3_Experiment1,3_Experiment1,99,NA,2.11,0,3508.403426,0,notvisible,NA,NA,NA,NA,,0,completed_coinfectionexp1,DiedExp1,no
GP23,10/31/16,CONTROL_noitraconazole,control,CONTROL_noitraconazole,3_Experiment1,3_Experiment1,99,NA,2.05,7.4,3125.48979,0,notvisible,NA,NA,NA,NA,,0,completed_coinfectionexp1,SurvivedExp1,yes
GP36,10/31/16,Bd_BsalLater,JEL648,JEL648,6_Experiment3,6_Experiment3,21,NA,2.16,15.5,0,9.478777472,notvisible,NA,NA,NA,NA,,0,No,NA,yes
GP22,10/31/16,Bd_ONLY,ALKL1,ALKL1,6_Experiment3,6_Experiment3,21,NA,1.94,0,0,54.60680463,notvisible,NA,NA,NA,NA,,0,No,NA,no
FS9,10/31/16,Bd_Bsal,ALKL1,ALKL1,6_Experiment3,6_Experiment3,21,NA,2.89,130.8,0,0,notvisible,NA,NA,NA,NA,,0,No,NA,yes
SD4,10/31/16,Bd_Bsal,JEL648,JEL648,6_Experiment3,6_Experiment3,21,NA,1.57,0,0,43.36826167,yes,shed_whole_piece,NA,NA,NA,,0,No,NA,no
GP28,10/31/16,Bd_ONLY,JEL423,JEL423,6_Experiment3,6_Experiment3,21,NA,1.64,86.2,21.53232076,10604.41266,notvisible,NA,NA,"black_hands,_smelly,_black_mass_on_tail",NA,,0,No,NA,yes
SD3,8/15/16,Bsal_ONLY,None,None,3_Experiment1,3_Experiment1,21,NA,1.83,0,0,876.83489,notvisible,NA,NA,NA,NA,dead,0,No,NA,no
SD3,8/23/16,Bsal_ONLY,None,None,3_Experiment1,3_Experiment1,29,NA,1.72,0,0,1640.974188,yes,shedding_dark_hands/feet,NA,NA,NA,dead,0,No,NA,no
GP11,10/31/16,Bd_Bsal,JEL423,JEL423,6_Experiment3,6_Experiment3,21,NA,2.33,0,0,22.72137433,yes,shed,NA,NA,NA,,0,No,NA,no
SD1,10/31/16,Bd_ONLY,JEL423,JEL423,6_Experiment3,6_Experiment3,21,NA,1.63,0,0,148.4103426,yes,shed,NA,NA,NA,,0,No,NA,no
GP5,10/31/16,Bd_ONLY,JEL648,JEL648,6_Experiment3,6_Experiment3,21,NA,2.27,85.8,0,0,notvisible,NA,NA,NA,NA,,0,No,NA,yes
GP30,10/31/16,Bd_ONLY,JEL423,JEL423,6_Experiment3,6_Experiment3,21,NA,1.83,6.5,0,5.213242091,yes,shed,NA,NA,NA,,0,No,NA,yes
FS8,10/31/16,Bsal_ONLY,JEL423,JEL423,6_Experiment3,6_Experiment3,21,NA,2.06,0,0,1.640432412,notvisible,NA,NA,NA,NA,alive,0,No,NA,no
GP8,10/31/16,Bd_ONLY,JEL648,JEL648,6_Experiment3,6_Experiment3,21,NA,2,0,0,165.6698319,yes,shed,NA,NA,NA,,0,No,NA,no
GP21,10/31/16,Bsal_BdLater,ALKL1,ALKL1,6_Experiment3,6_Experiment3,21,NA,1.88,0,0,18.79717882,yes,shed,NA,NA,NA,,0,No,NA,no
SD7,10/31/16,Bd_ONLY,ALKL1,ALKL1,6_Experiment3,6_Experiment3,21,NA,1.95,0,0,42.3063154,notvisible,NA,NA,lethargic,NA,,0,completed_coinfectionexp1,SurvivedExp1,no
GP7,11/7/2016,CONTROL_negative,control,CONTROL_negative,3_Experiment1,3_Experiment1,106,NA,2.63,0,0,0,notvisible,NA,NA,NA,NA,,0,completed_coinfectionexp1,SurvivedExp1,no
GP23,11/7/2016,CONTROL_noitraconazole,control,CONTROL_noitraconazole,3_Experiment1,3_Experiment1,106,NA,2.14,7.4,47.011,0,notvisible,NA,NA,NA,NA,,0,completed_coinfectionexp1,SurvivedExp1,yes
SD2,11/7/2016,CONTROL_noitraconazole,control,CONTROL_noitraconazole,3_Experiment1,3_Experiment1,106,NA,2.42,52.32,0,0,notvisible,NA,NA,NA,NA,,0,completed_coinfectionexp1,SurvivedExp1,yes
GP3,11/7/2016,CONTROL_negative,control,CONTROL_negative,3_Experiment1,3_Experiment1,106,NA,2.04,9.6,0,0,notvisible,NA,NA,NA,NA,,0,completed_coinfectionexp1,SurvivedExp1,yes
GP2,11/7/2016,CONTROL_noitraconazole,control,CONTROL_noitraconazole,3_Experiment1,3_Experiment1,106,NA,1.88,0,11939,0,notvisible,NA,NA,NA,NA,,0,completed_coinfectionexp1,DiedExp1,no
GP28,11/7/2016,Bd_ONLY,JEL423,JEL423,6_Experiment3,6_Experiment3,28,NA,2,86.2,0,1282.629242,notvisible,NA,NA,NA,found_dead_11/7/2016,,1,No,NA,yes
SD4,11/7/2016,Bd_Bsal,JEL648,JEL648,6_Experiment3,6_Experiment3,28,NA,1.58,0,0,4865.353986,notvisible,NA,yes,NA,NA,,0,No,NA,no
GP22,11/7/2016,Bd_ONLY,ALKL1,ALKL1,6_Experiment3,6_Experiment3,28,NA,2,0,0,76.74485851,notvisible,NA,NA,NA,NA,,0,No,NA,no
GP36,11/7/2016,Bd_BsalLater,JEL648,JEL648,6_Experiment3,6_Experiment3,28,NA,2.13,15.5,0,69.76691193,notvisible,NA,NA,NA,NA,,0,No,NA,yes
FS9,11/7/2016,Bd_Bsal,ALKL1,ALKL1,6_Experiment3,6_Experiment3,28,NA,2.96,130.8,0,0,notvisible,NA,NA,NA,NA,,0,No,NA,yes
GP21,11/7/2016,Bsal_BdLater,ALKL1,ALKL1,6_Experiment3,6_Experiment3,28,NA,1.86,0,0,303.3526523,yes,shed,NA,NA,NA,,0,No,NA,no
SD7,11/7/2016,Bd_ONLY,ALKL1,ALKL1,6_Experiment3,6_Experiment3,28,NA,2,0,0,340.412876,yes,shed,NA,NA,NA,,0,completed_coinfectionexp1,SurvivedExp1,no
FS8,11/7/2016,Bsal_ONLY,JEL423,JEL423,6_Experiment3,6_Experiment3,28,NA,2.03,0,0,91.76875284,notvisible,NA,NA,NA,NA,alive,0,No,NA,no
GP30,11/7/2016,Bd_ONLY,JEL423,JEL423,6_Experiment3,6_Experiment3,28,NA,1.78,6.5,0,207.0927068,yes,shed,NA,NA,NA,,0,No,NA,yes
GP8,11/7/2016,Bd_ONLY,JEL648,JEL648,6_Experiment3,6_Experiment3,28,NA,1.93,0,0,2352.821224,yes,shed,NA,NA,NA,,0,No,NA,no
GP5,11/7/2016,Bd_ONLY,JEL648,JEL648,6_Experiment3,6_Experiment3,28,NA,2.75,85.8,0,3.618447904,notvisible,NA,NA,NA,NA,,0,No,NA,yes
SD1,11/7/2016,Bd_ONLY,JEL423,JEL423,6_Experiment3,6_Experiment3,28,NA,1.61,0,0,1772.56455,notvisible,NA,NA,NA,NA,,0,No,NA,no
GP11,11/7/2016,Bd_Bsal,JEL423,JEL423,6_Experiment3,6_Experiment3,28,NA,2.18,0,0,92.27983675,yes,shed,NA,smelly,NA,,0,No,NA,no
SD3,8/30/16,Bsal_ONLY,None,None,3_Experiment1,3_Experiment1,36,NA,1.75,0,0,2966.484693,notvisible,NA,NA,reddening,NA,dead,0,No,NA,no
SD3,9/5/2016,Bsal_ONLY,None,None,3_Experiment1,3_Experiment1,41,NA,1.75,0,0,18273.14215,yes,dark_hands,NA,NA,NA,dead,0,No,NA,no
SD9,11/7/2016,Bsal_BdLater,None,None,3_Experiment1,3_Experiment1,106,NA,2.89,0,0,16771.57416,notvisible,NA,NA,NA,found_dead_11/7/16,,1,completed_coinfectionexp1,DiedExp1,no
GP16,11/7/2016,Bsal_BdLater,None,None,3_Experiment1,3_Experiment1,106,NA,2.23,13.5,0,11241.16205,notvisible,NA,NA,NA,found_dead_11/7/16,,1,completed_coinfectionexp1,DiedExp1,yes
GP2,11/14/16,CONTROL_noitraconazole,control,CONTROL_noitraconazole,3_Experiment1,3_Experiment1,113,NA,1.89,0,1366.75,0,notvisible,NA,NA,NA,NA,,0,completed_coinfectionexp1,DiedExp1,no
GP3,11/14/16,CONTROL_negative,control,CONTROL_negative,3_Experiment1,3_Experiment1,113,NA,2.17,9.6,0,0,notvisible,NA,NA,NA,NA,,0,completed_coinfectionexp1,SurvivedExp1,yes
GP7,11/14/16,CONTROL_negative,control,CONTROL_negative,3_Experiment1,3_Experiment1,113,NA,2.57,0,0,0,notvisible,NA,NA,NA,NA,,0,completed_coinfectionexp1,SurvivedExp1,no
GP23,11/14/16,CONTROL_noitraconazole,control,CONTROL_noitraconazole,3_Experiment1,3_Experiment1,113,NA,2.21,7.4,2420,0,yes,shed,NA,NA,NA,,0,completed_coinfectionexp1,SurvivedExp1,yes
SD2,11/14/16,CONTROL_noitraconazole,control,CONTROL_noitraconazole,3_Experiment1,3_Experiment1,113,NA,2.71,52.32,0,0,notvisible,NA,NA,NA,NA,,0,completed_coinfectionexp1,SurvivedExp1,yes
GP22,11/14/16,Bd_ONLY,ALKL1,ALKL1,6_Experiment3,6_Experiment3,35,NA,2,0,0,40.79783217,notvisible,NA,NA,NA,NA,,0,No,NA,no
SD4,11/14/16,Bd_Bsal,JEL648,JEL648,6_Experiment3,6_Experiment3,35,NA,1.51,0,0,1763.280581,notvisible,NA,NA,NA,NA,,0,No,NA,no
SD3,9/12/2016,Bsal_ONLY,None,None,3_Experiment1,3_Experiment1,48,NA,1.82,0,0,3451.81223,notvisible,NA,NA,NA,NA,dead,0,No,NA,no
SD1,11/14/16,Bd_ONLY,JEL423,JEL423,6_Experiment3,6_Experiment3,35,NA,1.57,0,0,1230.294072,yes,shed,yes,stinky,NA,,0,No,NA,no
FS9,11/14/16,Bd_Bsal,ALKL1,ALKL1,6_Experiment3,6_Experiment3,35,NA,2.88,130.8,0,0,notvisible,NA,NA,NA,NA,,0,No,NA,yes
SD7,11/14/16,Bd_ONLY,ALKL1,ALKL1,6_Experiment3,6_Experiment3,35,NA,1.95,0,0,0,notvisible,NA,NA,NA,NA,,0,completed_coinfectionexp1,SurvivedExp1,no
GP21,11/14/16,Bsal_BdLater,ALKL1,ALKL1,6_Experiment3,6_Experiment3,35,NA,1.8,0,0,687.6829668,notvisible,NA,yes,NA,NA,,0,No,NA,no
GP36,11/14/16,Bd_BsalLater,JEL648,JEL648,6_Experiment3,6_Experiment3,35,NA,2.25,15.5,0,19.97955936,notvisible,NA,NA,NA,NA,,0,No,NA,yes
GP30,11/14/16,Bd_ONLY,JEL423,JEL423,6_Experiment3,6_Experiment3,35,NA,1.76,6.5,0,241.1179027,notvisible,NA,NA,NA,NA,,0,No,NA,yes
GP11,11/14/16,Bd_Bsal,JEL423,JEL423,6_Experiment3,6_Experiment3,35,NA,2.14,0,0,795.6462006,yes,shedding,yes,NA,NA,,0,No,NA,no
FS8,11/14/16,Bsal_ONLY,JEL423,JEL423,6_Experiment3,6_Experiment3,35,NA,2.07,0,0,0,notvisible,NA,NA,NA,NA,alive,0,No,NA,no
SD3,9/19/16,Bsal_ONLY,None,None,3_Experiment1,3_Experiment1,55,NA,1.79,0,0,35869.23597,notvisible,NA,NA,NA,NA,dead,0,No,NA,no
GP5,11/14/16,Bd_ONLY,JEL648,JEL648,6_Experiment3,6_Experiment3,35,NA,2.39,85.8,0,3.920581191,notvisible,NA,NA,NA,NA,,0,No,NA,yes
GP21,11/17/16,Bsal_BdLater,ALKL1,ALKL1,6_Experiment3,6_Experiment3,38,NA,NA,0,0,3996.317435,notvisible,NA,NA,NA,found_dead_11/17/2016,,1,No,NA,no
GP11,11/18/16,Bd_Bsal,JEL423,JEL423,6_Experiment3,6_Experiment3,39,NA,NA,0,0,29793.33062,notvisible,NA,NA,NA,euthanized_on_11/18/2016,,1,No,NA,no
GP8,11/11/2016,Bd_ONLY,JEL648,JEL648,6_Experiment3,6_Experiment3,32,NA,NA,0,0,395203.5355,notvisible,NA,NA,NA,found_dead_11/11/2016,,1,No,NA,no
GP24,11/17/16,CONTROL_noitraconazole,control,CONTROL_noitraconazole,3_Experiment1,3_Experiment1,116,NA,NA,184.1006118,33608.44,0,notvisible,NA,NA,NA,found_dead_11/17/2016,,1,completed_coinfectionexp1,DiedExp1,yes
SD5,10/4/2016,Bd_BsalLater,None,None,3_Experiment1,3_Experiment1,72,NA,NA,0,0,428.0885312,notvisible,NA,NA,NA,Euthanized_on_10/4/2016,,0,completed_coinfectionexp1,DiedExp1,no
GP23,11/21/16,CONTROL_noitraconazole,control,CONTROL_noitraconazole,3_Experiment1,3_Experiment1,120,NA,2.18,7.4,0,0,notvisible,NA,NA,NA,NA,,0,completed_coinfectionexp1,SurvivedExp1,yes
GP7,11/21/16,CONTROL_negative,control,CONTROL_negative,3_Experiment1,3_Experiment1,120,NA,2.44,0,0,0,notvisible,NA,NA,NA,NA,,0,completed_coinfectionexp1,SurvivedExp1,no
GP2,11/21/16,CONTROL_noitraconazole,control,CONTROL_noitraconazole,3_Experiment1,3_Experiment1,120,NA,1.73,0,7819.17,0,yes,shedding,yes,NA,NA,,0,completed_coinfectionexp1,DiedExp1,no
GP3,11/21/16,CONTROL_negative,control,CONTROL_negative,3_Experiment1,3_Experiment1,120,NA,2.07,9.6,0,0,notvisible,NA,NA,NA,NA,,0,completed_coinfectionexp1,SurvivedExp1,yes
SD2,11/21/16,CONTROL_noitraconazole,control,CONTROL_noitraconazole,3_Experiment1,3_Experiment1,120,NA,NA,52.32,0,0,notvisible,NA,NA,NA,NA,,0,completed_coinfectionexp1,SurvivedExp1,yes
FS9,11/21/16,Bd_Bsal,ALKL1,ALKL1,6_Experiment3,6_Experiment3,42,NA,2.93,130.8,10.91,0,notvisible,NA,NA,NA,NA,,0,No,NA,yes
SD3,9/26/16,Bsal_ONLY,None,None,3_Experiment1,3_Experiment1,64,NA,1.73,0,0,70.41,notvisible,NA,NA,NA,NA,dead,0,No,NA,no
GP36,11/21/16,Bd_BsalLater,JEL648,JEL648,6_Experiment3,6_Experiment3,42,NA,2.11,15.5,0,98.44617136,notvisible,NA,NA,NA,NA,,0,No,NA,yes
SD1,11/21/16,Bd_ONLY,JEL423,JEL423,6_Experiment3,6_Experiment3,42,NA,1.59,0,0,6941.695519,yes,shed,NA,NA,NA,,0,No,NA,no
GP30,11/21/16,Bd_ONLY,JEL423,JEL423,6_Experiment3,6_Experiment3,42,NA,1.88,6.5,0,4170.125881,notvisible,NA,NA,NA,NA,,0,No,NA,yes
GP22,11/21/16,Bd_ONLY,ALKL1,ALKL1,6_Experiment3,6_Experiment3,42,NA,1.95,0,0,233.7095557,notvisible,NA,NA,NA,NA,,0,No,NA,no
SD4,11/21/16,Bd_Bsal,JEL648,JEL648,6_Experiment3,6_Experiment3,42,NA,1.8,0,0,12483.37328,notvisible,NA,NA,NA,NA,,0,No,NA,no
SD7,11/21/16,Bd_ONLY,ALKL1,ALKL1,6_Experiment3,6_Experiment3,42,NA,1.87,0,0,740.509567,notvisible,NA,NA,NA,NA,,0,completed_coinfectionexp1,SurvivedExp1,no
GP5,11/21/16,Bd_ONLY,JEL648,JEL648,6_Experiment3,6_Experiment3,42,NA,2.24,85.8,0,182.738061,notvisible,NA,NA,NA,NA,,0,No,NA,yes
SD3,9/29/16,Bsal_ONLY,None,None,3_Experiment1,3_Experiment1,67,NA,NA,0,0,0,notvisible,NA,NA,NA,Euthanized_9/29/16,dead,0,No,NA,no
FS8,11/21/16,Bsal_ONLY,JEL423,JEL423,6_Experiment3,6_Experiment3,42,NA,1.94,0,0,368.7291525,notvisible,NA,NA,NA,NA,alive,0,No,NA,no
GP23,11/28/16,CONTROL_noitraconazole,control,CONTROL_noitraconazole,3_Experiment1,3_Experiment1,127,NA,2.02,7.4,60.429,0,notvisible,NA,NA,NA,Euthanized_end_exp_12.2.2016,,0,completed_coinfectionexp1,SurvivedExp1,yes
GP7,11/28/16,CONTROL_negative,control,CONTROL_negative,3_Experiment1,3_Experiment1,127,NA,2.38,0,0,0,yes,shedding,NA,NA,Euthanized_end_exp_12.2.2016,,0,completed_coinfectionexp1,SurvivedExp1,no
SD2,11/28/16,CONTROL_noitraconazole,control,CONTROL_noitraconazole,3_Experiment1,3_Experiment1,127,NA,2.35,52.32,0,0,notvisible,NA,NA,NA,Euthanized_end_exp_12.2.2016,,0,completed_coinfectionexp1,SurvivedExp1,yes
GP3,11/28/16,CONTROL_negative,control,CONTROL_negative,3_Experiment1,3_Experiment1,127,NA,2.09,9.6,0,0,notvisible,NA,NA,NA,Euthanized_end_exp_12.2.2016,,0,completed_coinfectionexp1,SurvivedExp1,yes
GP2,11/28/16,CONTROL_noitraconazole,control,CONTROL_noitraconazole,3_Experiment1,3_Experiment1,127,NA,1.73,0,70851,0,yes,shedding_lots,NA,NA,found_dead_11/29/2016,,1,completed_coinfectionexp1,DiedExp1,no
GP36,11/28/16,Bd_BsalLater,JEL648,JEL648,6_Experiment3,6_Experiment3,49,NA,2.02,15.5,29.391,181.8274889,notvisible,NA,NA,NA,Euthanized_end_exp_12.2.2016,,0,No,NA,yes
GP5,11/28/16,Bd_ONLY,JEL648,JEL648,6_Experiment3,6_Experiment3,49,NA,2.21,85.8,0,2061.495451,notvisible,NA,NA,NA,Euthanized_end_exp_12.2.2016,,0,No,NA,yes
SD4,11/28/16,Bd_Bsal,JEL648,JEL648,6_Experiment3,6_Experiment3,49,NA,1.57,0,0,1539.532059,notvisible,NA,NA,NA,Euthanized_end_exp_12.2.2016,,0,No,NA,no
GP22,11/28/16,Bd_ONLY,ALKL1,ALKL1,6_Experiment3,6_Experiment3,49,NA,2.07,0,0,711.8,notvisible,NA,NA,NA,Euthanized_end_exp_12.2.2016,,0,No,NA,no
FS9,11/28/16,Bd_Bsal,ALKL1,ALKL1,6_Experiment3,6_Experiment3,49,NA,2.98,130.8,0,0,notvisible,NA,NA,NA,Euthanized_end_exp_12.2.2016,,0,No,NA,yes
SD7,11/28/16,Bd_ONLY,ALKL1,ALKL1,6_Experiment3,6_Experiment3,49,NA,2.1,0,0,197.87,notvisible,NA,NA,NA,Euthanized_end_exp_12.2.2016,,0,completed_coinfectionexp1,SurvivedExp1,no
SD1,11/28/16,Bd_ONLY,JEL423,JEL423,6_Experiment3,6_Experiment3,49,NA,1.55,0,0,3833.4,notvisible,NA,NA,NA,Euthanized_end_exp_12.2.2016,,0,No,NA,no
GP30,11/28/16,Bd_ONLY,JEL423,JEL423,6_Experiment3,6_Experiment3,49,NA,1.69,6.5,0,8558.9,notvisible,NA,NA,NA,Euthanized_end_exp_12.2.2016,,0,No,NA,yes
FS8,11/28/16,Bsal_ONLY,JEL423,JEL423,6_Experiment3,6_Experiment3,49,NA,2.11,0,0,87.925,notvisible,NA,NA,NA,Euthanized_end_exp_12.2.2016,alive,0,No,NA,no
SD6,11/28/16,Bsal_BdLater,None,None,3_Experiment1,3_Experiment1,127,NA,2.09,0,0,0,notvisible,NA,NA,NA,Euthanized_end_exp_12.1.2016,,0,completed_coinfectionexp1,SurvivedExp1,no
SD8,11/28/16,Bd_Bsal,None,None,3_Experiment1,3_Experiment1,127,NA,1.49,0,0,0,notvisible,NA,NA,NA,Euthanized_end_exp_12.1.2016,,0,completed_coinfectionexp1,SurvivedExp1,no
GP18,11/28/16,Bsal_ONLY,None,None,3_Experiment1,3_Experiment1,127,NA,2.18,75.1,0,0,notvisible,NA,NA,NA,Euthanized_end_exp_12.1.2016,alive,0,completed_coinfectionexp1,SurvivedExp1,yes
GP40,11/28/16,Bd_BsalLater,None,None,3_Experiment1,3_Experiment1,127,NA,1.81,12.24,0,0,notvisible,NA,NA,NA,Euthanized_end_exp_12.1.2016,,0,completed_coinfectionexp1,SurvivedExp1,yes
GP9,11/28/16,Bd_BsalLater,None,None,3_Experiment1,3_Experiment1,127,NA,1.92,0,0,0,notvisible,NA,NA,NA,Euthanized_end_exp_12.1.2016,,0,completed_coinfectionexp1,SurvivedExp1,no
GP14,11/28/16,Bd_BsalLater,None,None,3_Experiment1,3_Experiment1,127,NA,2.08,18.71,0,0,notvisible,NA,NA,NA,Euthanized_end_exp_12.1.2016,,0,completed_coinfectionexp1,SurvivedExp1,yes
FS14,11/28/16,Bsal_BdLater,None,None,3_Experiment1,3_Experiment1,127,NA,2.38,0,0,0,yes,shedding,NA,NA,Euthanized_end_exp_12.1.2016,,0,completed_coinfectionexp1,SurvivedExp1,no
SD10,11/28/16,Bsal_ONLY,None,None,3_Experiment1,3_Experiment1,127,NA,2.03,5.91,0,0,notvisible,NA,NA,NA,Euthanized_end_exp_12.1.2016,alive,0,completed_coinfectionexp1,SurvivedExp1,yes
FS11,11/28/16,Bd_BsalLater,None,None,3_Experiment1,3_Experiment1,127,NA,2.2,2261.44,0,0,notvisible,NA,NA,NA,Euthanized_end_exp_12.1.2016,,0,completed_coinfectionexp1,SurvivedExp1,yes
GP4,11/28/16,Bd_ONLY,None,None,3_Experiment1,3_Experiment1,127,NA,2.29,12.2,0,0,notvisible,NA,NA,NA,Euthanized_end_exp_12.1.2016,,0,completed_coinfectionexp1,SurvivedExp1,yes
FS15,11/28/16,Bd_ONLY,None,None,3_Experiment1,3_Experiment1,127,NA,2.08,2763.1,0,0,notvisible,NA,NA,NA,Euthanized_end_exp_12.1.2016,,0,completed_coinfectionexp1,SurvivedExp1,yes
GP25,11/28/16,Bd_ONLY,None,None,3_Experiment1,3_Experiment1,127,NA,1.89,0,0,0,notvisible,NA,NA,NA,Euthanized_end_exp_12.1.2016,,0,completed_coinfectionexp1,SurvivedExp1,no
GP17,11/28/16,Bsal_BdLater,None,None,3_Experiment1,3_Experiment1,127,NA,2.03,56.7,0,0,notvisible,NA,NA,NA,Euthanized_end_exp_12.1.2016,,0,completed_coinfectionexp1,SurvivedExp1,yes
FS13,11/28/16,Bsal_BdLater,None,None,3_Experiment1,3_Experiment1,127,NA,1.53,293.45,0,0,notvisible,NA,NA,NA,Euthanized_end_exp_12.1.2016,,0,completed_coinfectionexp1,SurvivedExp1,yes
GP20,11/28/16,Bd_BsalLater,None,None,3_Experiment1,3_Experiment1,127,NA,1.91,3.91,0,0,notvisible,NA,NA,NA,Euthanized_end_exp_12.1.2016,,0,completed_coinfectionexp1,SurvivedExp1,yes
FS19,11/28/16,Bsal_BdLater,None,None,3_Experiment1,3_Experiment1,127,NA,1.68,9147.3,0,0,notvisible,NA,NA,NA,Euthanized_end_exp_12.1.2016,,0,completed_coinfectionexp1,SurvivedExp1,yes
GP39,11/28/16,Bsal_BdLater,None,None,3_Experiment1,3_Experiment1,127,NA,1.92,0,0,361.96,yes,shedding,NA,NA,Euthanized_end_exp_12.1.2016,,0,completed_coinfectionexp1,SurvivedExp1,no
GP15,11/28/16,Bd_BsalLater,None,None,3_Experiment1,3_Experiment1,127,NA,2.09,23.2,0,0,notvisible,NA,NA,NA,Euthanized_end_exp_12.1.2016,,0,completed_coinfectionexp1,SurvivedExp1,yes
FS1,11/28/16,CONTROL_noitraconazole,control,CONTROL_noitraconazole,3_Experiment1,3_Experiment1,127,NA,2,196.63,4256.5,0,yes,shed,NA,NA,Euthanized_end_exp_12.2.2016,,0,completed_coinfectionexp1,SurvivedExp1,yes
GP29,11/28/16,CONTROL_negative,control,CONTROL_negative,3_Experiment1,3_Experiment1,127,NA,1.79,0,0,0,notvisible,NA,NA,NA,Euthanized_end_exp_12.1.2016,,0,completed_coinfectionexp1,SurvivedExp1,no
GP27,11/28/16,CONTROL_negative,control,CONTROL_negative,3_Experiment1,3_Experiment1,127,NA,1.8,20.53,0,0,notvisible,NA,NA,NA,Euthanized_end_exp_12.1.2016,,0,completed_coinfectionexp1,SurvivedExp1,yes
FS2,11/28/16,CONTROL_negative,control,CONTROL_negative,3_Experiment1,3_Experiment1,127,NA,2.07,168.62,0,0,notvisible,NA,NA,NA,Euthanized_end_exp_12.1.2016,,0,completed_coinfectionexp1,SurvivedExp1,yes
GP1,11/28/16,CONTROL_noitraconazole,control,CONTROL_noitraconazole,3_Experiment1,3_Experiment1,127,NA,1.88,2.76,4.32,0,notvisible,NA,NA,NA,Euthanized_end_exp_12.1.2016,,0,completed_coinfectionexp1,SurvivedExp1,yes
SD7,9/23/16,Bd_ONLY,ALKL1,ALKL1,5_BeforeExp3,4_Experiment2,31,NA,NA,0,0,0,notvisible,NA,NA,NA,NA,,0,No,NA,no