input_name,accepted_name,source
Abavorana decorata,Abavorana decorata,AmphibiaWeb
Abavorana luctuosa,Abavorana luctuosa,AmphibiaWeb
Abavorana nazgul,Abavorana nazgul,AmphibiaWeb
Acanthixalus sonjae,Acanthixalus sonjae,AmphibiaWeb
Acanthixalus spinosus,Acanthixalus spinosus,AmphibiaWeb
Acris blanchardi,Acris blanchardi,AmphibiaWeb
Acris crepitans,Acris crepitans,AmphibiaWeb
Acris gryllus,Acris gryllus,AmphibiaWeb
Adelastes hylonomos,Adelastes hylonomos,AmphibiaWeb
Adelophryne adiastola,Adelophryne adiastola,AmphibiaWeb
Adelophryne amapaensis,Adelophryne amapaensis,AmphibiaWeb
Adelophryne baturitensis,Adelophryne baturitensis,AmphibiaWeb
Adelophryne glandulata,Adelophryne glandulata,AmphibiaWeb
Adelophryne gutturosa,Adelophryne gutturosa,AmphibiaWeb
Adelophryne maranguapensis,Adelophryne maranguapensis,AmphibiaWeb
Adelophryne meridionalis,Adelophryne meridionalis,AmphibiaWeb
Adelophryne michelin,Adelophryne michelin,AmphibiaWeb
Adelophryne mucronatus,Adelophryne mucronatus,AmphibiaWeb
Adelophryne nordestina,Adelophryne nordestina,AmphibiaWeb
Adelophryne pachydactyla,Adelophryne pachydactyla,AmphibiaWeb
Adelophryne patamona,Adelophryne patamona,AmphibiaWeb
Adelotus brevis,Adelotus brevis,AmphibiaWeb
Adelphobates castaneoticus,Adelphobates castaneoticus,AmphibiaWeb
Adelphobates galactonotus,Adelphobates galactonotus,AmphibiaWeb
Adelphobates quinquevittatus,Adelphobates quinquevittatus,AmphibiaWeb
Adenomera ajurauna,Adenomera ajurauna,AmphibiaWeb
Adenomera albarena,Adenomera albarena,AmphibiaWeb
Adenomera amicorum,Adenomera amicorum,AmphibiaWeb
Adenomera andreae,Adenomera andreae,AmphibiaWeb
Adenomera araucaria,Adenomera araucaria,AmphibiaWeb
Adenomera aurantiaca,Adenomera aurantiaca,AmphibiaWeb
Adenomera bokermanni,Adenomera bokermanni,AmphibiaWeb
Adenomera cantitata,Adenomera cantitata,AmphibiaWeb
Adenomera chicomendesi,Adenomera chicomendesi,AmphibiaWeb
Adenomera coca,Adenomera coca,AmphibiaWeb
Adenomera cotuba,Adenomera cotuba,AmphibiaWeb
Adenomera diptyx,Adenomera diptyx,AmphibiaWeb
Adenomera engelsi,Adenomera engelsi,AmphibiaWeb
Adenomera glauciae,Adenomera glauciae,AmphibiaWeb
Adenomera gridipappi,Adenomera gridipappi,AmphibiaWeb
Adenomera guarani,Adenomera guarani,AmphibiaWeb
Adenomera guarayo,Adenomera guarayo,AmphibiaWeb
Adenomera heyeri,Adenomera heyeri,AmphibiaWeb
Adenomera hylaedactyla,Adenomera hylaedactyla,AmphibiaWeb
Adenomera inopinata,Adenomera inopinata,AmphibiaWeb
Adenomera juikitam,Adenomera juikitam,AmphibiaWeb
Adenomera kayapo,Adenomera kayapo,AmphibiaWeb
Adenomera kweti,Adenomera kweti,AmphibiaWeb
Adenomera lutzi,Adenomera lutzi,AmphibiaWeb
Adenomera marmorata,Adenomera marmorata,AmphibiaWeb
Adenomera martinezi,Adenomera martinezi,AmphibiaWeb
Adenomera nana,Adenomera nana,AmphibiaWeb
Adenomera phonotriccus,Adenomera phonotriccus,AmphibiaWeb
Adenomera saci,Adenomera saci,AmphibiaWeb
Adenomera simonstuarti,Adenomera simonstuarti,AmphibiaWeb
Adenomera tapajonica,Adenomera tapajonica,AmphibiaWeb
Adenomera thomei,Adenomera thomei,AmphibiaWeb
Adenomus dasi,Adenomus kandianus,AmphibiaWeb
Adenomus kandianus,Adenomus kandianus,AmphibiaWeb
Adenomus kelaartii,Adenomus kelaartii,AmphibiaWeb
Adhaerobufo ceratophrys,Adhaerobufo ceratophrys,AmphibiaWeb
Adhaerobufo nasicus,Adhaerobufo nasicus,AmphibiaWeb
Adhaerobufo wokomungensis,Adhaerobufo wokomungensis,AmphibiaWeb
Afghanodon mustersi,Paradactylodon mustersi,AmphibiaWeb
Afrana angolensis,Amietia angolensis,AmphibiaWeb
Afrana desaegeri,Amietia desaegeri,AmphibiaWeb
Afrana fuscigula,Amietia fuscigula,AmphibiaWeb
Afrana inyangae,Amietia inyangae,AmphibiaWeb
Afrana johnstoni,Amietia johnstoni,AmphibiaWeb
Afrana ruwenzorica,Amietia ruwenzorica,AmphibiaWeb
Afrana vandijki,Amietia vandijki,AmphibiaWeb
Afrana wittei,Amietia wittei,AmphibiaWeb
Afrixalus aureus,Afrixalus aureus,AmphibiaWeb
Afrixalus clarkei,Afrixalus clarkei,AmphibiaWeb
Afrixalus clarkeorum,Afrixalus clarkei,AmphibiaWeb
Afrixalus delicatus,Afrixalus delicatus,AmphibiaWeb
Afrixalus dorsalis,Afrixalus dorsalis,AmphibiaWeb
Afrixalus dorsimaculatus,Afrixalus dorsimaculatus,AmphibiaWeb
Afrixalus enseticola,Afrixalus enseticola,AmphibiaWeb
Afrixalus equatorialis,Afrixalus equatorialis,AmphibiaWeb
Afrixalus fornasini,Afrixalus fornasini,AmphibiaWeb
Afrixalus fulvovittatus,Afrixalus fulvovittatus,AmphibiaWeb
Afrixalus knysnae,Afrixalus knysnae,AmphibiaWeb
Afrixalus lacteus,Afrixalus lacteus,AmphibiaWeb
Afrixalus lacustris,Afrixalus lacustris,AmphibiaWeb
Afrixalus laevis,Afrixalus laevis,AmphibiaWeb
Afrixalus leucostictus,Afrixalus leucostictus,AmphibiaWeb
Afrixalus lindholmi,Afrixalus lindholmi,AmphibiaWeb
Afrixalus morerei,Afrixalus morerei,AmphibiaWeb
Afrixalus nigeriensis,Afrixalus nigeriensis,AmphibiaWeb
Afrixalus orophilus,Afrixalus orophilus,AmphibiaWeb
Afrixalus osorioi,Afrixalus osorioi,AmphibiaWeb
Afrixalus paradorsalis,Afrixalus paradorsalis,AmphibiaWeb
Afrixalus phantasma,Afrixalus phantasma,AmphibiaWeb
Afrixalus quadrivittatus,Afrixalus quadrivittatus,AmphibiaWeb
Afrixalus schneideri,Afrixalus schneideri,AmphibiaWeb
Afrixalus septentrionalis,Afrixalus septentrionalis,AmphibiaWeb
Afrixalus spinifrons,Afrixalus spinifrons,AmphibiaWeb
Afrixalus stuhlmanni,Afrixalus stuhlmanni,AmphibiaWeb
Afrixalus sylvaticus,Afrixalus sylvaticus,AmphibiaWeb
Afrixalus uluguruensis,Afrixalus uluguruensis,AmphibiaWeb
Afrixalus upembae,Afrixalus upembae,AmphibiaWeb
Afrixalus vibekensis,Afrixalus vibekensis,AmphibiaWeb
Afrixalus vittiger,Afrixalus vittiger,AmphibiaWeb
Afrixalus weidholzi,Afrixalus weidholzi,AmphibiaWeb
Afrixalus wittei,Afrixalus wittei,AmphibiaWeb
Agalychnis annae,Agalychnis annae,AmphibiaWeb
Agalychnis aspera,Hylomantis aspera,AmphibiaWeb
Agalychnis buckleyi,Agalychnis buckleyi,AmphibiaWeb
Agalychnis calcarifer,Cruziohyla calcarifer,AmphibiaWeb
Agalychnis callidryas,Agalychnis callidryas,AmphibiaWeb
Agalychnis callidryas taylori,Agalychnis taylori,AmphibiaWeb
Agalychnis craspedopus,Cruziohyla craspedopus,AmphibiaWeb
Agalychnis dacnicolor,Agalychnis dacnicolor,AmphibiaWeb
Agalychnis danieli,Agalychnis danieli,AmphibiaWeb
Agalychnis granulosa,Hylomantis granulosa,AmphibiaWeb
Agalychnis hulli,Agalychnis hulli,AmphibiaWeb
Agalychnis lemur,Agalychnis lemur,AmphibiaWeb
Agalychnis litodryas,Agalychnis spurrelli,AmphibiaWeb
Agalychnis medinae,Agalychnis medinae,AmphibiaWeb
Agalychnis moreletii,Agalychnis moreletii,AmphibiaWeb
Agalychnis psilopygion,Agalychnis psilopygion,AmphibiaWeb
Agalychnis saltator,Agalychnis saltator,AmphibiaWeb
Agalychnis spurrelli,Agalychnis spurrelli,AmphibiaWeb
Agalychnis taylori,Agalychnis taylori,AmphibiaWeb
Agalychnis terranova,Agalychnis terranova,AmphibiaWeb
Aglyptodactylus australis,Aglyptodactylus australis,AmphibiaWeb
Aglyptodactylus chorus,Aglyptodactylus chorus,AmphibiaWeb
Aglyptodactylus inguinalis,Aglyptodactylus inguinalis,AmphibiaWeb
Aglyptodactylus laticeps,Aglyptodactylus laticeps,AmphibiaWeb
Aglyptodactylus madagascariensis,Aglyptodactylus madagascariensis,AmphibiaWeb
Aglyptodactylus securifer,Aglyptodactylus securifer,AmphibiaWeb
Albericus pandanicolus,Choerophryne pandanicola,AmphibiaWeb
Albericus rheaurum,Choerophryne rhenaurum,AmphibiaWeb
Alcalus baluensis,Alcalus baluensis,AmphibiaWeb
Alcalus fontinalis,Alcalus fontinalis,AmphibiaWeb
Alcalus mariae,Alcalus mariae,AmphibiaWeb
Alcalus rajae,Alcalus rajae,AmphibiaWeb
Alcalus sariba,Alcalus sariba,AmphibiaWeb
Alcalus tasanae,Alcalus tasanae,AmphibiaWeb
Alcalus tongbiguanensis,Alcalus tongbiguanensis,AmphibiaWeb
Alexteroon hypsiphonus,Hyperolius hypsiphonus,AmphibiaWeb
Alexteroon jynx,Hyperolius jynx,AmphibiaWeb
Alexteroon obstetricans,Hyperolius obstetricans,AmphibiaWeb
Allobates albiventris,Allobates albiventris,AmphibiaWeb
Allobates alessandroi,Allobates alessandroi,AmphibiaWeb
Allobates algorei,Allobates algorei,AmphibiaWeb
Allobates amissibilis,Allobates amissibilis,AmphibiaWeb
Allobates bacurau,Allobates bacurau,AmphibiaWeb
Allobates bromelicola,Allobates bromelicola,AmphibiaWeb
Allobates brunneus,Allobates brunneus,AmphibiaWeb
Allobates caeruleodactylus,Allobates caeruleodactylus,AmphibiaWeb
Allobates caldwellae,Allobates caldwellae,AmphibiaWeb
Allobates carajas,Allobates carajas,AmphibiaWeb
Allobates caribe,Allobates caribe,AmphibiaWeb
Allobates cepedai,Allobates cepedai,AmphibiaWeb
Allobates chalcopis,Allobates chalcopis,AmphibiaWeb
Allobates conspicuus,Allobates conspicuus,AmphibiaWeb
Allobates crombiei,Allobates crombiei,AmphibiaWeb
Allobates femoralis,Allobates femoralis,AmphibiaWeb
Allobates flaviventris,Allobates flaviventris,AmphibiaWeb
Allobates fratisenescus,Allobates fratisenescus,AmphibiaWeb
Allobates fuscellus,Allobates fuscellus,AmphibiaWeb
Allobates gasconi,Allobates gasconi,AmphibiaWeb
Allobates goianus,Allobates goianus,AmphibiaWeb
Allobates granti,Allobates granti,AmphibiaWeb
Allobates grillicantus,Allobates grillicantus,AmphibiaWeb
Allobates grillisimilis,Allobates grillisimilis,AmphibiaWeb
Allobates hodli,Allobates hodli,AmphibiaWeb
Allobates humilis,Allobates humilis,AmphibiaWeb
Allobates ignotus,Allobates ignotus,AmphibiaWeb
Allobates insperatus,Allobates insperatus,AmphibiaWeb
Allobates juami,Allobates juami,AmphibiaWeb
Allobates juanii,Allobates juanii,AmphibiaWeb
Allobates kamilae,Allobates kamilae,AmphibiaWeb
Allobates kingsburyi,Allobates kingsburyi,AmphibiaWeb
Allobates liniaureum,Allobates liniaureum,AmphibiaWeb
Allobates magnussoni,Allobates magnussoni,AmphibiaWeb
Allobates mandelorum,Allobates mandelorum,AmphibiaWeb
Allobates marchesianus,Allobates marchesianus,AmphibiaWeb
Allobates masniger,Allobates masniger,AmphibiaWeb
Allobates mcdiarmidi,Allobates mcdiarmidi,AmphibiaWeb
Allobates melanolaemus,Allobates melanolaemus,AmphibiaWeb
Allobates myersi,Allobates myersi,AmphibiaWeb
Allobates nidicola,Allobates nidicola,AmphibiaWeb
Allobates niputidea,Allobates niputidea,AmphibiaWeb
Allobates nunciatus,Allobates nunciatus,AmphibiaWeb
Allobates olfersioides,Dryadobates olfersioides,AmphibiaWeb
Allobates ornatus,Allobates ornatus,AmphibiaWeb
Allobates pacaas,Allobates pacaas,AmphibiaWeb
Allobates paleci,Allobates paleci,AmphibiaWeb
Allobates paleovarzensis,Allobates paleovarzensis,AmphibiaWeb
Allobates picachos,Allobates picachos,AmphibiaWeb
Allobates pittieri,Allobates pittieri,AmphibiaWeb
Allobates ranoides,Allobates ranoides,AmphibiaWeb
Allobates ripicolus,Allobates ripicolus,AmphibiaWeb
Allobates sanmartini,Allobates sanmartini,AmphibiaWeb
Allobates sieggreenae,Allobates sieggreenae,AmphibiaWeb
Allobates spumaponens,Allobates sumtuosus,AmphibiaWeb
Allobates subfolionidificans,Allobates subfolionidificans,AmphibiaWeb
Allobates sumtuosus,Allobates sumtuosus,AmphibiaWeb
Allobates talamancae,Allobates talamancae,AmphibiaWeb
Allobates tapajos,Allobates tapajos,AmphibiaWeb
Allobates tinae,Allobates tinae,AmphibiaWeb
Allobates trilineatus,Allobates trilineatus,AmphibiaWeb
Allobates undulatus,Allobates undulatus,AmphibiaWeb
Allobates vanzolinius,Allobates vanzolinius,AmphibiaWeb
Allobates velocicantus,Allobates velocicantus,AmphibiaWeb
Allobates vicinus,Allobates vicinus,AmphibiaWeb
Allobates wayuu,Allobates wayuu,AmphibiaWeb
Allobates zaparo,Allobates zaparo,AmphibiaWeb
Allopaa barmoachensis,Allopaa hazarensis,AmphibiaWeb
Allopaa hazarensis,Allopaa hazarensis,AmphibiaWeb
Allophryne relicta,Allophryne relicta,AmphibiaWeb
Allophryne resplendens,Allophryne resplendens,AmphibiaWeb
Allophryne ruthveni,Allophryne ruthveni,AmphibiaWeb
Alsodes australis,Alsodes australis,AmphibiaWeb
Alsodes barrioi,Alsodes barrioi,AmphibiaWeb
Alsodes cantillanensis,Alsodes cantillanensis,AmphibiaWeb
Alsodes coppingeri,Alsodes coppingeri,AmphibiaWeb
Alsodes gargola,Alsodes gargola,AmphibiaWeb
Alsodes hugoi,Alsodes hugoi,AmphibiaWeb
Alsodes igneus,Alsodes igneus,AmphibiaWeb
Alsodes kaweshkari,Alsodes kaweshkari,AmphibiaWeb
Alsodes laevis,Telmatobius laevis,AmphibiaWeb
Alsodes montanus,Alsodes montanus,AmphibiaWeb
Alsodes monticola,Alsodes monticola,AmphibiaWeb
Alsodes neuquensis,Alsodes neuquensis,AmphibiaWeb
Alsodes nodosus,Alsodes nodosus,AmphibiaWeb
Alsodes norae,Alsodes norae,AmphibiaWeb
Alsodes pehuenche,Alsodes pehuenche,AmphibiaWeb
Alsodes tumultuosus,Alsodes tumultuosus,AmphibiaWeb
Alsodes valdiviensis,Alsodes valdiviensis,AmphibiaWeb
Alsodes vanzolinii,Alsodes vanzolinii,AmphibiaWeb
Alsodes verrucosus,Alsodes verrucosus,AmphibiaWeb
Alsodes vittatus,Alsodes vittatus,AmphibiaWeb
Altiphrynoides malcolmi,Altiphrynoides malcolmi,AmphibiaWeb
Altiphrynoides osgoodi,Altiphrynoides osgoodi,AmphibiaWeb
Alytes almogavarii,Alytes almogavarii,AmphibiaWeb
Alytes cisternasii,Alytes cisternasii,AmphibiaWeb
Alytes dickhilleni,Alytes dickhilleni,AmphibiaWeb
Alytes maurus,Alytes maurus,AmphibiaWeb
Alytes muletensis,Alytes muletensis,AmphibiaWeb
Alytes obstetricans,Alytes obstetricans,AmphibiaWeb
Amazophrynella amazonicola,Amazophrynella amazonicola,AmphibiaWeb
Amazophrynella bilinguis,Amazophrynella bilinguis,AmphibiaWeb
Amazophrynella bokermanni,Amazophrynella bokermanni,AmphibiaWeb
Amazophrynella gardai,Amazophrynella gardai,AmphibiaWeb
Amazophrynella javierbustamantei,Amazophrynella javierbustamantei,AmphibiaWeb
Amazophrynella manaos,Amazophrynella manaos,AmphibiaWeb
Amazophrynella matses,Amazophrynella matses,AmphibiaWeb
Amazophrynella minuta,Amazophrynella minuta,AmphibiaWeb
Amazophrynella moisesii,Amazophrynella moisesii,AmphibiaWeb
Amazophrynella siona,Amazophrynella siona,AmphibiaWeb
Amazophrynella teko,Amazophrynella teko,AmphibiaWeb
Amazophrynella vote,Amazophrynella vote,AmphibiaWeb
Amazophrynella xinguensis,Amazophrynella xinguensis,AmphibiaWeb
Amazops amazops,Amazops amazops,AmphibiaWeb
Amblyphrynus ingeri,Strabomantis ingeri,AmphibiaWeb
Amblystoma annulatum,Ambystoma annulatum,AmphibiaWeb
Amblystoma cingulatum,Ambystoma cingulatum,AmphibiaWeb
Amblystoma tenebrosum,Dicamptodon tenebrosus,AmphibiaWeb
Ambyostoma californiense,Ambystoma californiense,AmphibiaWeb
Ambystoma altamirani,Ambystoma altamirani,AmphibiaWeb
Ambystoma amblycephalum,Ambystoma amblycephalum,AmphibiaWeb
Ambystoma andersoni,Ambystoma andersoni,AmphibiaWeb
Ambystoma annulatum,Ambystoma annulatum,AmphibiaWeb
Ambystoma aterrimum,Dicamptodon aterrimus,AmphibiaWeb
Ambystoma barbouri,Ambystoma barbouri,AmphibiaWeb
Ambystoma bishopi,Ambystoma bishopi,AmphibiaWeb
Ambystoma bombypellum,Ambystoma bombypellum,AmphibiaWeb
Ambystoma californiense,Ambystoma californiense,AmphibiaWeb
Ambystoma cingulatum,Ambystoma cingulatum,AmphibiaWeb
Ambystoma dumerilii,Ambystoma dumerilii,AmphibiaWeb
Ambystoma flavipiperatum,Ambystoma flavipiperatum,AmphibiaWeb
Ambystoma gracile,Ambystoma gracile,AmphibiaWeb
Ambystoma granulosum,Ambystoma granulosum,AmphibiaWeb
Ambystoma jeffersonianum,Ambystoma jeffersonianum,AmphibiaWeb
Ambystoma laterale,Ambystoma laterale,AmphibiaWeb
Ambystoma leorae,Ambystoma leorae,AmphibiaWeb
Ambystoma lermaense,Ambystoma lermaense,AmphibiaWeb
Ambystoma mabeei,Ambystoma mabeei,AmphibiaWeb
Ambystoma macrodactylum,Ambystoma macrodactylum,AmphibiaWeb
Ambystoma macrodactylum croceum,Ambystoma macrodactylum,AmphibiaWeb
Ambystoma macrodactylum sigillatum,Ambystoma macrodactylum,AmphibiaWeb
Ambystoma maculatum,Ambystoma maculatum,AmphibiaWeb
Ambystoma mavortia,Ambystoma mavortium,AmphibiaWeb
Ambystoma mavortium,Ambystoma mavortium,AmphibiaWeb
Ambystoma mexicanum,Ambystoma mexicanum,AmphibiaWeb
Ambystoma opacum,Ambystoma opacum,AmphibiaWeb
Ambystoma ordinarium,Ambystoma ordinarium,AmphibiaWeb
Ambystoma platineum,Ambystoma laterale,AmphibiaWeb
Ambystoma rivulare,Ambystoma rivulare,AmphibiaWeb
Ambystoma rivularis,Ambystoma rivulare,AmphibiaWeb
Ambystoma rosaceum,Ambystoma rosaceum,AmphibiaWeb
Ambystoma silvense,Ambystoma silvense,AmphibiaWeb
Ambystoma silvensis,Ambystoma silvense,AmphibiaWeb
Ambystoma subsalsum,Ambystoma velasci,AmphibiaWeb
Ambystoma talpoideum,Ambystoma talpoideum,AmphibiaWeb
Ambystoma tenebrosum,Dicamptodon tenebrosus,AmphibiaWeb
Ambystoma texanum,Ambystoma texanum,AmphibiaWeb
Ambystoma tigrinum,Ambystoma tigrinum,AmphibiaWeb
Ambystoma vehiculum,Plethodon vehiculum,AmphibiaWeb
Ambystoma velasci,Ambystoma velasci,AmphibiaWeb
Ameerega altamazonica,Ameerega altamazonica,AmphibiaWeb
Ameerega andina,Paruwrobates andina,AmphibiaWeb
Ameerega bassleri,Ameerega bassleri,AmphibiaWeb
Ameerega berohoka,Ameerega berohoka,AmphibiaWeb
Ameerega bilinguis,Ameerega bilinguis,AmphibiaWeb
Ameerega boehmei,Ameerega boehmei,AmphibiaWeb
Ameerega boliviana,Ameerega boliviana,AmphibiaWeb
Ameerega braccata,Ameerega braccata,AmphibiaWeb
Ameerega cainarachi,Ameerega cainarachi,AmphibiaWeb
Ameerega erythromos,Paruwrobates erythromos,AmphibiaWeb
Ameerega flavopicta,Ameerega flavopicta,AmphibiaWeb
Ameerega hahneli,Ameerega hahneli,AmphibiaWeb
Ameerega ignipedis,Ameerega ignipedis,AmphibiaWeb
Ameerega imasmari,Ameerega imasmari,AmphibiaWeb
Ameerega ingeri,Ameerega ingeri,AmphibiaWeb
Ameerega kuriinti,Ameerega kuriinti,AmphibiaWeb
Ameerega labialis,Ameerega labialis,AmphibiaWeb
Ameerega macero,Ameerega macero,AmphibiaWeb
Ameerega maculata,Ameerega maculata,AmphibiaWeb
Ameerega munduruku,Ameerega munduruku,AmphibiaWeb
Ameerega panguana,Ameerega panguana,AmphibiaWeb
Ameerega parvula,Ameerega parvula,AmphibiaWeb
Ameerega pepperi,Ameerega pepperi,AmphibiaWeb
Ameerega peruviridis,Ameerega peruviridis,AmphibiaWeb
Ameerega petersi,Ameerega petersi,AmphibiaWeb
Ameerega picta,Ameerega picta,AmphibiaWeb
Ameerega planipaleae,Ameerega planipaleae,AmphibiaWeb
Ameerega pongoensis,Ameerega pongoensis,AmphibiaWeb
Ameerega pulchripecta,Ameerega pulchripecta,AmphibiaWeb
Ameerega rubriventris,Ameerega rubriventris,AmphibiaWeb
Ameerega shihuemoy,Ameerega shihuemoy,AmphibiaWeb
Ameerega silverstonei,Ameerega silverstonei,AmphibiaWeb
Ameerega simulans,Ameerega simulans,AmphibiaWeb
Ameerega smaragdina,Ameerega petersi,AmphibiaWeb
Ameerega trivittata,Ameerega trivittata,AmphibiaWeb
Ameerega yoshina,Ameerega yoshina,AmphibiaWeb
Ameerega yungicola,Ameerega yungicola,AmphibiaWeb
Amietia amieti,Amietia chapini,AmphibiaWeb
Amietia angolensis,Amietia angolensis,AmphibiaWeb
Amietia chapini,Amietia chapini,AmphibiaWeb
Amietia delalandii,Amietia delalandii,AmphibiaWeb
Amietia desaegeri,Amietia desaegeri,AmphibiaWeb
Amietia fuscigula,Amietia fuscigula,AmphibiaWeb
Amietia hymenopus,Amietia hymenopus,AmphibiaWeb
Amietia inyangae,Amietia inyangae,AmphibiaWeb
Amietia johnstoni,Amietia johnstoni,AmphibiaWeb
Amietia lubrica,Amietia nutti,AmphibiaWeb
Amietia moyerorum,Amietia moyerorum,AmphibiaWeb
Amietia nutti,Amietia nutti,AmphibiaWeb
Amietia poyntoni,Amietia poyntoni,AmphibiaWeb
Amietia quecketti,Amietia delalandii,AmphibiaWeb
Amietia ruwenzorica,Amietia ruwenzorica,AmphibiaWeb
Amietia tenuoplicata,Amietia tenuoplicata,AmphibiaWeb
Amietia umbraculata,Amietia vertebralis,AmphibiaWeb
Amietia vandijki,Amietia vandijki,AmphibiaWeb
Amietia vertebralis,Amietia vertebralis,AmphibiaWeb
Amietia viridireticulata,Amietia tenuoplicata,AmphibiaWeb
Amietia wittei,Amietia wittei,AmphibiaWeb
Amietophrynus arabica,Sclerophrys arabica,AmphibiaWeb
Amietophrynus asmarae,Sclerophrys asmarae,AmphibiaWeb
Amietophrynus blanfordii,Sclerophrys blanfordii,AmphibiaWeb
Amietophrynus brauni,Sclerophrys brauni,AmphibiaWeb
Amietophrynus camerunensis,Sclerophrys camerunensis,AmphibiaWeb
Amietophrynus channingi,Sclerophrys channingi,AmphibiaWeb
Amietophrynus chudeaui,Sclerophrys chudeaui,AmphibiaWeb
Amietophrynus dodsoni,Sclerophrys dodsoni,AmphibiaWeb
Amietophrynus gracilipes,Sclerophrys gracilipes,AmphibiaWeb
Amietophrynus pantherinus,Sclerophrys pantherina,AmphibiaWeb
Amietophrynus pardalis,Sclerophrys pardalis,AmphibiaWeb
Amietophrynus pentoni,Sclerophrys pentoni,AmphibiaWeb
Amietophrynus pusilla,Sclerophrys pusilla,AmphibiaWeb
Amietophrynus rangeri,Sclerophrys capensis,AmphibiaWeb
Amietophrynus regularis,Sclerophrys regularis,AmphibiaWeb
Amietophrynus steindachneri,Sclerophrys steindachneri,AmphibiaWeb
Amietophrynus superciliaris,Sclerophrys superciliaris,AmphibiaWeb
Amietophrynus tihamica,Sclerophrys tihamica,AmphibiaWeb
Amietophrynus xeros,Sclerophrys xeros,AmphibiaWeb
Amnihyla amnicola,Amnihyla amnicola,AmphibiaWeb
Amnihyla angiana,Amnihyla angiana,AmphibiaWeb
Amnihyla arfakiana,Amnihyla arfakiana,AmphibiaWeb
Amnihyla brongersmai,Amnihyla brongersmai,AmphibiaWeb
Amnihyla fuscula,Amnihyla fuscula,AmphibiaWeb
Amnihyla lakekamu,Amnihyla lakekamu,AmphibiaWeb
Amnihyla leucova,Amnihyla leucova,AmphibiaWeb
Amnihyla longicrus,Amnihyla longicrus,AmphibiaWeb
Amnihyla macki,Amnihyla macki,AmphibiaWeb
Amnihyla megalops,Amnihyla megalops,AmphibiaWeb
Amnihyla micromembrana,Amnihyla micromembrana,AmphibiaWeb
Amnihyla modica,Amnihyla modica,AmphibiaWeb
Amnihyla napaea,Amnihyla napaea,AmphibiaWeb
Amnihyla oenicolen,Amnihyla oenicolen,AmphibiaWeb
Amnihyla rara,Amnihyla rara,AmphibiaWeb
Amnihyla scabra,Amnihyla scabra,AmphibiaWeb
Amnihyla spartacus,Amnihyla spartacus,AmphibiaWeb
Amnihyla spinifera,Amnihyla spinifera,AmphibiaWeb
Amnihyla wollastoni,Amnihyla wollastoni,AmphibiaWeb
Amnirana adiscifera,Amnirana adiscifera,AmphibiaWeb
Amnirana albolabris,Amnirana albolabris,AmphibiaWeb
Amnirana amnicola,Amnirana amnicola,AmphibiaWeb
Amnirana asperrima,Amnirana asperrima,AmphibiaWeb
Amnirana darlingi,Amnirana darlingi,AmphibiaWeb
Amnirana fonensis,Amnirana fonensis,AmphibiaWeb
Amnirana galamensis,Amnirana galamensis,AmphibiaWeb
Amnirana lemairei,Amnirana lemairei,AmphibiaWeb
Amnirana lemairii,Amnirana lemairei,AmphibiaWeb
Amnirana lepus,Amnirana lepus,AmphibiaWeb
Amnirana longipes,Amnirana longipes,AmphibiaWeb
Amnirana nicobariensis,Indosylvirana nicobariensis,AmphibiaWeb
Amnirana occidentalis,Amnirana occidentalis,AmphibiaWeb
Amnirana parkeriana,Amnirana parkeriana,AmphibiaWeb
Amnirana parva,Amnirana parva,AmphibiaWeb
Amolops adicola,Amolops adicola,AmphibiaWeb
Amolops afghanus,Amolops afghanus,AmphibiaWeb
Amolops ailao,Amolops ailao,AmphibiaWeb
Amolops akhaorum,Amolops akhaorum,AmphibiaWeb
Amolops albispinus,Amolops albispinus,AmphibiaWeb
Amolops aniqiaoensis,Amolops aniqiaoensis,AmphibiaWeb
Amolops archotaphus,Amolops archotaphus,AmphibiaWeb
Amolops assamensis,Amolops assamensis,AmphibiaWeb
Amolops australis,Amolops australis,AmphibiaWeb
Amolops beibengensis,Amolops beibengensis,AmphibiaWeb
Amolops bellulus,Amolops bellulus,AmphibiaWeb
Amolops binchachaensis,Amolops binchachaensis,AmphibiaWeb
Amolops caelumnoctis,Amolops caelumnoctis,AmphibiaWeb
Amolops chakrataensis,Amolops chakrataensis,AmphibiaWeb
Amolops chanakya,Amolops chanakya,AmphibiaWeb
Amolops chaochin,Amolops chaochin,AmphibiaWeb
Amolops chayuensis,Amolops chayuensis,AmphibiaWeb
Amolops chunganensis,Amolops chunganensis,AmphibiaWeb
Amolops compotrix,Amolops compotrix,AmphibiaWeb
Amolops cremnobatus,Amolops cremnobatus,AmphibiaWeb
Amolops cucae,Amolops cucae,AmphibiaWeb
Amolops cuongi,Amolops cuongi,AmphibiaWeb
Amolops dafangensis,Amolops dafangensis,AmphibiaWeb
Amolops daiyunensis,Amolops daiyunensis,AmphibiaWeb
Amolops daorum,Amolops daorum,AmphibiaWeb
Amolops deng,Amolops deng,AmphibiaWeb
Amolops gerbillus,Amolops gerbillus,AmphibiaWeb
Amolops gerutu,Amolops gerutu,AmphibiaWeb
Amolops granulosus,Amolops granulosus,AmphibiaWeb
Amolops guangzhouensis,Amolops guangzhouensis,AmphibiaWeb
Amolops gudao,Amolops gudao,AmphibiaWeb
Amolops gyirongensis,Amolops formosus,AmphibiaWeb
Amolops hainanensis,Amolops hainanensis,AmphibiaWeb
Amolops himalayanus,Amolops himalayanus,AmphibiaWeb
Amolops hongkongensis,Amolops hongkongensis,AmphibiaWeb
Amolops huanglianshanensis,Amolops huanglianshanensis,AmphibiaWeb
Amolops indoburmanensis,Amolops indoburmanensis,AmphibiaWeb
Amolops iriodes,Amolops iriodes,AmphibiaWeb
Amolops jaunsari,Amolops jaunsari,AmphibiaWeb
Amolops jinjiangensis,Amolops jinjiangensis,AmphibiaWeb
Amolops kamal,Amolops kamal,AmphibiaWeb
Amolops kangtingensis,Amolops mantzorum,AmphibiaWeb
Amolops kaulbacki,Amolops kaulbacki,AmphibiaWeb
Amolops kohimaensis,Amolops kohimaensis,AmphibiaWeb
Amolops larutensis,Amolops larutensis,AmphibiaWeb
Amolops liangshanensis,Amolops loloensis,AmphibiaWeb
Amolops lifanensis,Amolops lifanensis,AmphibiaWeb
Amolops loloensis,Amolops loloensis,AmphibiaWeb
Amolops longimanus,Amolops longimanus,AmphibiaWeb
Amolops mahabharatensis,Amolops mahabharatensis,AmphibiaWeb
Amolops mantzorum,Amolops mantzorum,AmphibiaWeb
Amolops marmoratus,Amolops marmoratus,AmphibiaWeb
Amolops medogensis,Amolops medogensis,AmphibiaWeb
Amolops mengdingensis,Amolops mengdingensis,AmphibiaWeb
Amolops mengyangensis,Amolops mengyangensis,AmphibiaWeb
Amolops minhlei,Amolops minhlei,AmphibiaWeb
Amolops minutus,Amolops minutus,AmphibiaWeb
Amolops monticola,Amolops monticola,AmphibiaWeb
Amolops nidorbellus,Amolops nidorbellus,AmphibiaWeb
Amolops nyingchiensis,Amolops nyingchiensis,AmphibiaWeb
Amolops ottorum,Amolops ottorum,AmphibiaWeb
Amolops pallasitatus,Amolops pallasitatus,AmphibiaWeb
Amolops panhai,Amolops panhai,AmphibiaWeb
Amolops putaoensis,Amolops putaoensis,AmphibiaWeb
Amolops ricketti,Amolops ricketti,AmphibiaWeb
Amolops sangzhiensis,Amolops sangzhiensis,AmphibiaWeb
Amolops shihaitaoi,Amolops shihaitaoi,AmphibiaWeb
Amolops shillong,Amolops shillong,AmphibiaWeb
Amolops shuichengicus,Amolops shuichengicus,AmphibiaWeb
Amolops siju,Amolops siju,AmphibiaWeb
Amolops sinensis,Amolops sinensis,AmphibiaWeb
Amolops spicalinea,Amolops spicalinea,AmphibiaWeb
Amolops spinapectoralis,Amolops spinapectoralis,AmphibiaWeb
Amolops splendissimus,Amolops splendissimus,AmphibiaWeb
Amolops taiwanianus,Odorrana swinhoana,AmphibiaWeb
Amolops tawang,Amolops tawang,AmphibiaWeb
Amolops teochew,Amolops teochew,AmphibiaWeb
Amolops terraorchis,Amolops terraorchis,AmphibiaWeb
Amolops tormotus,Odorrana tormota,AmphibiaWeb
Amolops torrentis,Amolops torrentis,AmphibiaWeb
Amolops truongi,Amolops truongi,AmphibiaWeb
Amolops tuanjieensis,Amolops tuanjieensis,AmphibiaWeb
Amolops tuberodepressus,Amolops tuberodepressus,AmphibiaWeb
Amolops viridimaculatus,Amolops viridimaculatus,AmphibiaWeb
Amolops vitreus,Amolops vitreus,AmphibiaWeb
Amolops wangyali,Amolops wangyali,AmphibiaWeb
Amolops wangyufani,Amolops wangyufani,AmphibiaWeb
Amolops wenshanensis,Amolops wenshanensis,AmphibiaWeb
Amolops wuyiensis,Amolops wuyiensis,AmphibiaWeb
Amolops xinduqiao,Amolops xinduqiao,AmphibiaWeb
Amolops yangi,Amolops yangi,AmphibiaWeb
Amolops yarlungzangbo,Amolops gerbillus,AmphibiaWeb
Amolops yatseni,Amolops yatseni,AmphibiaWeb
Amolops yunkaiensis,Amolops yunkaiensis,AmphibiaWeb
Amphignathodon guentheri,Gastrotheca guentheri,AmphibiaWeb
Amphiuma means,Amphiuma means,AmphibiaWeb
Amphiuma pholeter,Amphiuma pholeter,AmphibiaWeb
Amphiuma tridactylum,Amphiuma tridactylum,AmphibiaWeb
Amphodus acuminatus,Phyllodytes acuminatus,AmphibiaWeb
Amphodus auratus,Phyllodytes auratus,AmphibiaWeb
Amphodus piperatus,Phyllodytes luteolus,AmphibiaWeb
Amphodus tuberculosus,Phyllodytes tuberculosus,AmphibiaWeb
Amphodus wuchereri,Phyllodytes wuchereri,AmphibiaWeb
Anaides ferreus,Aneides ferreus,AmphibiaWeb
Anaxyrus americanus,Anaxyrus americanus,AmphibiaWeb
Anaxyrus americanus americanus,Anaxyrus americanus,AmphibiaWeb
Anaxyrus baxteri,Anaxyrus baxteri,AmphibiaWeb
Anaxyrus boreas,Anaxyrus boreas,AmphibiaWeb
Anaxyrus californicus,Anaxyrus californicus,AmphibiaWeb
Anaxyrus canorus,Anaxyrus canorus,AmphibiaWeb
Anaxyrus cognatus,Anaxyrus cognatus,AmphibiaWeb
Anaxyrus compactilis,Anaxyrus compactilis,AmphibiaWeb
Anaxyrus debilis,Anaxyrus debilis,AmphibiaWeb
Anaxyrus debilis debilis,Anaxyrus debilis,AmphibiaWeb
Anaxyrus exsul,Anaxyrus exsul,AmphibiaWeb
Anaxyrus fowleri,Anaxyrus fowleri,AmphibiaWeb
Anaxyrus hemiophrys,Anaxyrus hemiophrys,AmphibiaWeb
Anaxyrus houstonensis,Anaxyrus houstonensis,AmphibiaWeb
Anaxyrus kelloggi,Anaxyrus kelloggi,AmphibiaWeb
Anaxyrus mexicanus,Anaxyrus mexicanus,AmphibiaWeb
Anaxyrus microscaphus,Anaxyrus microscaphus,AmphibiaWeb
Anaxyrus monfontanus,Anaxyrus monfontanus,AmphibiaWeb
Anaxyrus nelsoni,Anaxyrus nelsoni,AmphibiaWeb
Anaxyrus nevadensis,Anaxyrus nevadensis,AmphibiaWeb
Anaxyrus punctatus,Anaxyrus punctatus,AmphibiaWeb
Anaxyrus quercicus,Anaxyrus quercicus,AmphibiaWeb
Anaxyrus retiformis,Anaxyrus retiformis,AmphibiaWeb
Anaxyrus speciosus,Anaxyrus speciosus,AmphibiaWeb
Anaxyrus terrestris,Anaxyrus terrestris,AmphibiaWeb
Anaxyrus williamsi,Anaxyrus williamsi,AmphibiaWeb
Anaxyrus woodhousii,Anaxyrus woodhousii,AmphibiaWeb
Anaxyrus woodhousii woodhousii,Anaxyrus woodhousii,AmphibiaWeb
Andinobates abditus,Andinobates abditus,AmphibiaWeb
Andinobates altobueyensis,Andinobates altobueyensis,AmphibiaWeb
Andinobates bombetes,Andinobates bombetes,AmphibiaWeb
Andinobates cassidyhornae,Andinobates cassidyhornae,AmphibiaWeb
Andinobates claudiae,Andinobates claudiae,AmphibiaWeb
Andinobates daleswansoni,Andinobates daleswansoni,AmphibiaWeb
Andinobates dorisswansonae,Andinobates dorisswansonae,AmphibiaWeb
Andinobates fulguritus,Andinobates fulguritus,AmphibiaWeb
Andinobates geminisae,Andinobates geminisae,AmphibiaWeb
Andinobates minutus,Andinobates minutus,AmphibiaWeb
Andinobates opisthomelas,Andinobates opisthomelas,AmphibiaWeb
Andinobates supata,Andinobates supata,AmphibiaWeb
Andinobates tolimensis,Andinobates tolimensis,AmphibiaWeb
Andinobates victimatus,Andinobates victimatus,AmphibiaWeb
Andinobates viridis,Andinobates viridis,AmphibiaWeb
Andinobates virolinensis,Andinobates virolinensis,AmphibiaWeb
Andrias cheni,Andrias cheni,AmphibiaWeb
Andrias davidianus,Andrias davidianus,AmphibiaWeb
Andrias japonicus,Andrias japonicus,AmphibiaWeb
Andrias jiangxiensis,Andrias jiangxiensis,AmphibiaWeb
Andrias sligoi,Andrias sligoi,AmphibiaWeb
Andrias yaoluopingensis,Andrias yaoluopingensis,AmphibiaWeb
Aneides aeneus,Aneides aeneus,AmphibiaWeb
Aneides caryaensis,Aneides caryaensis,AmphibiaWeb
Aneides ferreus,Aneides ferreus,AmphibiaWeb
Aneides flavipunctatus,Aneides flavipunctatus,AmphibiaWeb
Aneides hardii,Aneides hardii,AmphibiaWeb
Aneides hardyi,Aneides hardii,AmphibiaWeb
Aneides iecanus,Aneides iecanus,AmphibiaWeb
Aneides klamathensis,Aneides klamathensis,AmphibiaWeb
Aneides lugubris,Aneides lugubris,AmphibiaWeb
Aneides niger,Aneides niger,AmphibiaWeb
Aneides vagrans,Aneides vagrans,AmphibiaWeb
Anhydrophryne hewitti,Anhydrophryne hewitti,AmphibiaWeb
Anhydrophryne ngongoniensis,Anhydrophryne ngongoniensis,AmphibiaWeb
Anhydrophryne rattrayi,Anhydrophryne rattrayi,AmphibiaWeb
Anilany helenae,Anilany helenae,AmphibiaWeb
Anilany karsticola,Anilany karsticola,AmphibiaWeb
Annandia delacouri,Quasipaa delacouri,AmphibiaWeb
Anodonthyla boulengeri,Anodonthyla boulengerii,AmphibiaWeb
Anodonthyla boulengerii,Anodonthyla boulengerii,AmphibiaWeb
Anodonthyla emilei,Anodonthyla emilei,AmphibiaWeb
Anodonthyla eximia,Anodonthyla eximia,AmphibiaWeb
Anodonthyla hutchisoni,Anodonthyla hutchisoni,AmphibiaWeb
Anodonthyla jeanbai,Anodonthyla jeanbai,AmphibiaWeb
Anodonthyla montana,Anodonthyla montana,AmphibiaWeb
Anodonthyla moramora,Anodonthyla moramora,AmphibiaWeb
Anodonthyla nigrigularis,Anodonthyla nigrigularis,AmphibiaWeb
Anodonthyla pollicaris,Anodonthyla pollicaris,AmphibiaWeb
Anodonthyla rouxae,Anodonthyla rouxae,AmphibiaWeb
Anodonthyla theoi,Anodonthyla theoi,AmphibiaWeb
Anodonthyla vallani,Anodonthyla vallani,AmphibiaWeb
Anomaloglossus apiau,Anomaloglossus apiau,AmphibiaWeb
Anomaloglossus atopoglossus,Ectopoglossus atopoglossus,AmphibiaWeb
Anomaloglossus ayarzaguenai,Anomaloglossus ayarzaguenai,AmphibiaWeb
Anomaloglossus baeobatrachus,Anomaloglossus baeobatrachus,AmphibiaWeb
Anomaloglossus beebei,Anomaloglossus beebei,AmphibiaWeb
Anomaloglossus blanci,Anomaloglossus blanci,AmphibiaWeb
Anomaloglossus breweri,Anomaloglossus breweri,AmphibiaWeb
Anomaloglossus confusus,Ectopoglossus confusus,AmphibiaWeb
Anomaloglossus degranvillei,Anomaloglossus degranvillei,AmphibiaWeb
Anomaloglossus dewynteri,Anomaloglossus dewynteri,AmphibiaWeb
Anomaloglossus guanayensis,Anomaloglossus guanayensis,AmphibiaWeb
Anomaloglossus kaiei,Anomaloglossus kaiei,AmphibiaWeb
Anomaloglossus lacrimosus,Ectopoglossus lacrimosus,AmphibiaWeb
Anomaloglossus leopardus,Anomaloglossus leopardus,AmphibiaWeb
Anomaloglossus meansi,Anomaloglossus meansi,AmphibiaWeb
Anomaloglossus megacephalus,Anomaloglossus megacephalus,AmphibiaWeb
Anomaloglossus mitaraka,Anomaloglossus mitaraka,AmphibiaWeb
Anomaloglossus moffetti,Anomaloglossus moffetti,AmphibiaWeb
Anomaloglossus murisipanensis,Anomaloglossus murisipanensis,AmphibiaWeb
Anomaloglossus parimae,Anomaloglossus parimae,AmphibiaWeb
Anomaloglossus parkerae,Anomaloglossus parkerae,AmphibiaWeb
Anomaloglossus praderioi,Anomaloglossus praderioi,AmphibiaWeb
Anomaloglossus roraima,Anomaloglossus roraima,AmphibiaWeb
Anomaloglossus rufulus,Anomaloglossus rufulus,AmphibiaWeb
Anomaloglossus saramaka,Anomaloglossus saramaka,AmphibiaWeb
Anomaloglossus shrevei,Anomaloglossus shrevei,AmphibiaWeb
Anomaloglossus stepheni,Anomaloglossus stepheni,AmphibiaWeb
Anomaloglossus surinamensis,Anomaloglossus surinamensis,AmphibiaWeb
Anomaloglossus tamacuarensis,Anomaloglossus tamacuarensis,AmphibiaWeb
Anomaloglossus tepequem,Anomaloglossus tepequem,AmphibiaWeb
Anomaloglossus tepuyensis,Anomaloglossus tepuyensis,AmphibiaWeb
Anomaloglossus triunfo,Anomaloglossus triunfo,AmphibiaWeb
Anomaloglossus vacheri,Anomaloglossus vacheri,AmphibiaWeb
Anomaloglossus verbeeksnyderorum,Anomaloglossus verbeeksnyderorum,AmphibiaWeb
Anomaloglossus wothuja,Anomaloglossus wothuja,AmphibiaWeb
Anotheca spinosa,Triprion spinosus,AmphibiaWeb
Ansonia albomaculata,Ansonia albomaculata,AmphibiaWeb
Ansonia altitudinis,Ansonia fuliginea,AmphibiaWeb
Ansonia anotis,Sabahphrynus maculatus,AmphibiaWeb
Ansonia echinata,Ansonia echinata,AmphibiaWeb
Ansonia endauensis,Ansonia endauensis,AmphibiaWeb
Ansonia fuliginea,Ansonia fuliginea,AmphibiaWeb
Ansonia glandulosa,Ansonia glandulosa,AmphibiaWeb
Ansonia guibei,Ansonia guibei,AmphibiaWeb
Ansonia hanitschi,Ansonia hanitschi,AmphibiaWeb
Ansonia infernalis,Ansonia infernalis,AmphibiaWeb
Ansonia inthanon,Ansonia inthanon,AmphibiaWeb
Ansonia jeetsukumarani,Ansonia jeetsukumarani,AmphibiaWeb
Ansonia kanak,Ansonia kanak,AmphibiaWeb
Ansonia karen,Ansonia karen,AmphibiaWeb
Ansonia kelabitensis,Ansonia kelabitensis,AmphibiaWeb
Ansonia khaochangensis,Ansonia khaochangensis,AmphibiaWeb
Ansonia kraensis,Ansonia kraensis,AmphibiaWeb
Ansonia kyaiktiyoensis,Ansonia kyaiktiyoensis,AmphibiaWeb
Ansonia latidisca,Ansonia latidisca,AmphibiaWeb
Ansonia latiffi,Ansonia latiffi,AmphibiaWeb
Ansonia latirostra,Ansonia latirostra,AmphibiaWeb
Ansonia leptopus,Ansonia leptopus,AmphibiaWeb
Ansonia longidigita,Ansonia longidigita,AmphibiaWeb
Ansonia lumut,Ansonia lumut,AmphibiaWeb
Ansonia malayana,Ansonia malayana,AmphibiaWeb
Ansonia mcgregori,Ansonia mcgregori,AmphibiaWeb
Ansonia minuta,Ansonia minuta,AmphibiaWeb
Ansonia muelleri,Ansonia muelleri,AmphibiaWeb
Ansonia penangensis,Ansonia penangensis,AmphibiaWeb
Ansonia phuketensis,Ansonia phuketensis,AmphibiaWeb
Ansonia pilokensis,Ansonia pilokensis,AmphibiaWeb
Ansonia platysoma,Ansonia platysoma,AmphibiaWeb
Ansonia siamensis,Ansonia siamensis,AmphibiaWeb
Ansonia smeagol,Ansonia smeagol,AmphibiaWeb
Ansonia spinulifer,Ansonia spinulifer,AmphibiaWeb
Ansonia teneritas,Ansonia teneritas,AmphibiaWeb
Ansonia thinthinae,Ansonia thinthinae,AmphibiaWeb
Ansonia tiomanica,Ansonia tiomanica,AmphibiaWeb
Ansonia torrentis,Ansonia torrentis,AmphibiaWeb
Ansonia vidua,Ansonia vidua,AmphibiaWeb
Anstisia alba,Anstisia alba,AmphibiaWeb
Anstisia lutea,Anstisia lutea,AmphibiaWeb
Anstisia rosea,Anstisia rosea,AmphibiaWeb
Anstisia vitellina,Anstisia vitellina,AmphibiaWeb
Aparasphenodon arapapa,Aparasphenodon arapapa,AmphibiaWeb
Aparasphenodon bokermanni,Aparasphenodon bokermanni,AmphibiaWeb
Aparasphenodon brunoi,Aparasphenodon brunoi,AmphibiaWeb
Aparasphenodon pomba,Aparasphenodon pomba,AmphibiaWeb
Aparasphenodon venezolanus,Aparasphenodon venezolanus,AmphibiaWeb
Aphantophryne minuta,Aphantophryne minuta,AmphibiaWeb
Aphantophryne pansa,Aphantophryne pansa,AmphibiaWeb
Aphantophryne sabini,Aphantophryne sabini,AmphibiaWeb
Aplastodiscus albofrenatus,Aplastodiscus albofrenatus,AmphibiaWeb
Aplastodiscus albosignatus,Aplastodiscus albosignatus,AmphibiaWeb
Aplastodiscus arildae,Aplastodiscus arildae,AmphibiaWeb
Aplastodiscus aulophonus,Aplastodiscus aulophonus,AmphibiaWeb
Aplastodiscus callipygius,Aplastodiscus albosignatus,AmphibiaWeb
Aplastodiscus cavicola,Aplastodiscus cavicola,AmphibiaWeb
Aplastodiscus cochranae,Aplastodiscus cochranae,AmphibiaWeb
Aplastodiscus ehrhardti,Aplastodiscus ehrhardti,AmphibiaWeb
Aplastodiscus eugenioi,Aplastodiscus eugenioi,AmphibiaWeb
Aplastodiscus flumineus,Aplastodiscus flumineus,AmphibiaWeb
Aplastodiscus heterophonicus,Aplastodiscus heterophonicus,AmphibiaWeb
Aplastodiscus ibirapitanga,Aplastodiscus ibirapitanga,AmphibiaWeb
Aplastodiscus leucopygius,Aplastodiscus leucopygius,AmphibiaWeb
Aplastodiscus lutzorum,Aplastodiscus lutzorum,AmphibiaWeb
Aplastodiscus musicus,Aplastodiscus musicus,AmphibiaWeb
Aplastodiscus perviridis,Aplastodiscus perviridis,AmphibiaWeb
Aplastodiscus sibilatus,Aplastodiscus sibilatus,AmphibiaWeb
Aplastodiscus weygoldti,Aplastodiscus weygoldti,AmphibiaWeb
Aquiloeurycea cafetalera,Aquiloeurycea cafetalera,AmphibiaWeb
Aquiloeurycea cephalica,Aquiloeurycea cephalica,AmphibiaWeb
Aquiloeurycea galeanae,Aquiloeurycea galeanae,AmphibiaWeb
Aquiloeurycea praecellens,Aquiloeurycea praecellens,AmphibiaWeb
Aquiloeurycea quetzalanensis,Aquiloeurycea quetzalanensis,AmphibiaWeb
Aquiloeurycea scandens,Aquiloeurycea scandens,AmphibiaWeb
Arcovomer moqueca,Arcovomer moqueca,AmphibiaWeb
Arcovomer passarellii,Arcovomer passarellii,AmphibiaWeb
Arcovomer ubatuba,Arcovomer ubatuba,AmphibiaWeb
Arenophryne rotunda,Arenophryne rotunda,AmphibiaWeb
Arenophryne xiphorhyncha,Arenophryne xiphorhyncha,AmphibiaWeb
Argenteohyla siemersi,Argenteohyla siemersi,AmphibiaWeb
Arlequinus krebsi,Arlequinus krebsi,AmphibiaWeb
Aromobates alboguttatus,Aromobates alboguttatus,AmphibiaWeb
Aromobates cannatellai,Aromobates cannatellai,AmphibiaWeb
Aromobates capurinensis,Aromobates capurinensis,AmphibiaWeb
Aromobates duranti,Aromobates duranti,AmphibiaWeb
Aromobates ericksonae,Aromobates ericksonae,AmphibiaWeb
Aromobates haydeeae,Aromobates haydeeae,AmphibiaWeb
Aromobates inflexus,Aromobates inflexus,AmphibiaWeb
Aromobates leopardalis,Aromobates leopardalis,AmphibiaWeb
Aromobates mayorgai,Aromobates mayorgai,AmphibiaWeb
Aromobates meridensis,Aromobates meridensis,AmphibiaWeb
Aromobates molinarii,Aromobates molinarii,AmphibiaWeb
Aromobates nocturnus,Aromobates nocturnus,AmphibiaWeb
Aromobates ornatissimus,Aromobates ornatissimus,AmphibiaWeb
Aromobates orostoma,Aromobates orostoma,AmphibiaWeb
Aromobates saltuensis,Aromobates saltuensis,AmphibiaWeb
Aromobates serranus,Aromobates serranus,AmphibiaWeb
Aromobates tokuko,Aromobates tokuko,AmphibiaWeb
Aromobates walterarpi,Aromobates walterarpi,AmphibiaWeb
Aromobates zippeli,Aromobates zippeli,AmphibiaWeb
Arthroleptella atermina,Arthroleptella atermina,AmphibiaWeb
Arthroleptella bicolor,Arthroleptella bicolor,AmphibiaWeb
Arthroleptella draconella,Arthroleptella draconella,AmphibiaWeb
Arthroleptella drewesii,Arthroleptella drewesii,AmphibiaWeb
Arthroleptella hewitti,Anhydrophryne hewitti,AmphibiaWeb
Arthroleptella kogelbergensis,Arthroleptella kogelbergensis,AmphibiaWeb
Arthroleptella landdrosia,Arthroleptella landdrosia,AmphibiaWeb
Arthroleptella lightfooti,Arthroleptella lightfooti,AmphibiaWeb
Arthroleptella rugosa,Arthroleptella rugosa,AmphibiaWeb
Arthroleptella subvoce,Arthroleptella subvoce,AmphibiaWeb
Arthroleptella villiersi,Arthroleptella villiersi,AmphibiaWeb
Arthroleptides dutoiti,Arthroleptides dutoiti,AmphibiaWeb
Arthroleptides martiensseni,Arthroleptides martiensseni,AmphibiaWeb
Arthroleptides yakusini,Arthroleptides yakusini,AmphibiaWeb
Arthroleptis adelphus,Arthroleptis adelphus,AmphibiaWeb
Arthroleptis adolfifriederici,Arthroleptis adolfifriederici,AmphibiaWeb
Arthroleptis affinis,Arthroleptis affinis,AmphibiaWeb
Arthroleptis anotis,Arthroleptis anotis,AmphibiaWeb
Arthroleptis aureoli,Arthroleptis aureoli,AmphibiaWeb
Arthroleptis bioko,Arthroleptis bioko,AmphibiaWeb
Arthroleptis bivittatus,Arthroleptis bivittatus,AmphibiaWeb
Arthroleptis brevipes,Arthroleptis brevipes,AmphibiaWeb
Arthroleptis carquejai,Arthroleptis carquejai,AmphibiaWeb
Arthroleptis crusculum,Arthroleptis crusculum,AmphibiaWeb
Arthroleptis discodactylus,Arthroleptis schubotzi,AmphibiaWeb
Arthroleptis fichika,Arthroleptis fichika,AmphibiaWeb
Arthroleptis formosus,Arthroleptis formosus,AmphibiaWeb
Arthroleptis francei,Arthroleptis francei,AmphibiaWeb
Arthroleptis hematogaster,Arthroleptis hematogaster,AmphibiaWeb
Arthroleptis kidogo,Arthroleptis kidogo,AmphibiaWeb
Arthroleptis krokosua,Arthroleptis krokosua,AmphibiaWeb
Arthroleptis kutogundua,Arthroleptis kutogundua,AmphibiaWeb
Arthroleptis lameerei,Arthroleptis lameerei,AmphibiaWeb
Arthroleptis langeri,Arthroleptis langeri,AmphibiaWeb
Arthroleptis lonnbergi,Arthroleptis stenodactylus,AmphibiaWeb
Arthroleptis loveridgei,Arthroleptis loveridgei,AmphibiaWeb
Arthroleptis mamiwakisaraensis,Arthroleptis mamiwakisaraensis,AmphibiaWeb
Arthroleptis mossoensis,Arthroleptis mossoensis,AmphibiaWeb
Arthroleptis nguruensis,Arthroleptis nguruensis,AmphibiaWeb
Arthroleptis nikeae,Arthroleptis nikeae,AmphibiaWeb
Arthroleptis nimbaensis,Arthroleptis nimbaensis,AmphibiaWeb
Arthroleptis nlonakoensis,Arthroleptis nlonakoensis,AmphibiaWeb
Arthroleptis nyungwensis,Arthroleptis nyungwensis,AmphibiaWeb
Arthroleptis palava,Arthroleptis palava,AmphibiaWeb
Arthroleptis perreti,Arthroleptis perreti,AmphibiaWeb
Arthroleptis phrynoides,Arthroleptis phrynoides,AmphibiaWeb
Arthroleptis poecilonotus,Arthroleptis poecilonotus,AmphibiaWeb
Arthroleptis pyrrhoscelis,Arthroleptis pyrrhoscelis,AmphibiaWeb
Arthroleptis reichei,Arthroleptis reichei,AmphibiaWeb
Arthroleptis schubotzi,Arthroleptis schubotzi,AmphibiaWeb
Arthroleptis spinalis,Arthroleptis spinalis,AmphibiaWeb
Arthroleptis stenodactylus,Arthroleptis stenodactylus,AmphibiaWeb
Arthroleptis stridens,Arthroleptis stridens,AmphibiaWeb
Arthroleptis sylvaticus,Arthroleptis sylvaticus,AmphibiaWeb
Arthroleptis taeniatus,Arthroleptis taeniatus,AmphibiaWeb
Arthroleptis tanneri,Arthroleptis tanneri,AmphibiaWeb
Arthroleptis tokba,Phrynobatrachus tokba,AmphibiaWeb
Arthroleptis troglodytes,Arthroleptis troglodytes,AmphibiaWeb
Arthroleptis tuberosus,Arthroleptis tuberosus,AmphibiaWeb
Arthroleptis variabilis,Arthroleptis variabilis,AmphibiaWeb
Arthroleptis vercammeni,Arthroleptis vercammeni,AmphibiaWeb
Arthroleptis wageri,Arthroleptis wageri,AmphibiaWeb
Arthroleptis wahlbergii,Arthroleptis wahlbergii,AmphibiaWeb
Arthroleptis xenochirus,Arthroleptis xenochirus,AmphibiaWeb
Arthroleptis xenodactyloides,Arthroleptis xenodactyloides,AmphibiaWeb
Arthroleptis xenodactylus,Arthroleptis xenodactylus,AmphibiaWeb
Arthroleptis zimmeri,Arthroleptis zimmeri,AmphibiaWeb
Ascaphus montanus,Ascaphus montanus,AmphibiaWeb
Ascaphus truei,Ascaphus truei,AmphibiaWeb
Asperomantis ambohitra,Gephyromantis ambohitra,AmphibiaWeb
Asperomantis angano,Gephyromantis angano,AmphibiaWeb
Asperomantis ceratophrys,Gephyromantis ceratophrys,AmphibiaWeb
Assa darlingtoni,Assa darlingtoni,AmphibiaWeb
Assa wollumbin,Assa wollumbin,AmphibiaWeb
Asterophrys eurydactylus,Asterophrys eurydactylus,AmphibiaWeb
Asterophrys foja,Asterophrys foja,AmphibiaWeb
Asterophrys leucopus,Asterophrys leucopus,AmphibiaWeb
Asterophrys marani,Asterophrys marani,AmphibiaWeb
Asterophrys pullifer,Asterophrys pullifer,AmphibiaWeb
Asterophrys slateri,Asterophrys slateri,AmphibiaWeb
Asterophrys turpicola,Asterophrys turpicola,AmphibiaWeb
Astrobatrachus kurichiyana,Astrobatrachus kurichiyana,AmphibiaWeb
Astylosternus batesi,Astylosternus batesi,AmphibiaWeb
Astylosternus diadematus,Astylosternus diadematus,AmphibiaWeb
Astylosternus fallax,Astylosternus fallax,AmphibiaWeb
Astylosternus laticephalus,Astylosternus laticephalus,AmphibiaWeb
Astylosternus laurenti,Astylosternus laurenti,AmphibiaWeb
Astylosternus montanus,Astylosternus montanus,AmphibiaWeb
Astylosternus nganhanus,Astylosternus nganhanus,AmphibiaWeb
Astylosternus occidentalis,Astylosternus occidentalis,AmphibiaWeb
Astylosternus perreti,Astylosternus perreti,AmphibiaWeb
Astylosternus ranoides,Astylosternus ranoides,AmphibiaWeb
Astylosternus rheophilus,Astylosternus rheophilus,AmphibiaWeb
Astylosternus schioetzi,Astylosternus schioetzi,AmphibiaWeb
Atelognathus ceii,Atelognathus nitoi,AmphibiaWeb
Atelognathus jeinimenensis,Atelognathus jeinimenensis,AmphibiaWeb
Atelognathus nitoi,Atelognathus nitoi,AmphibiaWeb
Atelognathus patagonicus,Atelognathus patagonicus,AmphibiaWeb
Atelognathus praebasalticus,Atelognathus praebasalticus,AmphibiaWeb
Atelognathus reverberii,Atelognathus reverberii,AmphibiaWeb
Atelognathus salai,Atelognathus nitoi,AmphibiaWeb
Atelognathus solitarius,Atelognathus solitarius,AmphibiaWeb
Atelophryniscus chrysophorus,Rhinella chrysophora,AmphibiaWeb
Atelopus africanus,Werneria preussi,AmphibiaWeb
Atelopus andinus,Atelopus andinus,AmphibiaWeb
Atelopus angelito,Atelopus angelito,AmphibiaWeb
Atelopus ardila,Atelopus ardila,AmphibiaWeb
Atelopus arsyecue,Atelopus arsyecue,AmphibiaWeb
Atelopus arthuri,Atelopus arthuri,AmphibiaWeb
Atelopus balios,Atelopus balios,AmphibiaWeb
Atelopus barbotini,Atelopus barbotini,AmphibiaWeb
Atelopus bicolor,Atelopus boulengeri,AmphibiaWeb
Atelopus bomolochos,Atelopus bomolochos,AmphibiaWeb
Atelopus boulengeri,Atelopus boulengeri,AmphibiaWeb
Atelopus bufoniformis,Osornophryne bufoniformis,AmphibiaWeb
Atelopus calima,Atelopus calima,AmphibiaWeb
Atelopus carauta,Atelopus carauta,AmphibiaWeb
Atelopus carbonerensis,Atelopus carbonerensis,AmphibiaWeb
Atelopus carinatus,Atelopus ignescens,AmphibiaWeb
Atelopus carrikeri,Atelopus carrikeri,AmphibiaWeb
Atelopus certus,Atelopus certus,AmphibiaWeb
Atelopus chiriquiensis,Atelopus chiriquiensis,AmphibiaWeb
Atelopus chirripoensis,Atelopus chirripoensis,AmphibiaWeb
Atelopus chocoensis,Atelopus chocoensis,AmphibiaWeb
Atelopus chrysocorallus,Atelopus chrysocorallus,AmphibiaWeb
Atelopus colomai,Atelopus colomai,AmphibiaWeb
Atelopus coynei,Atelopus coynei,AmphibiaWeb
Atelopus cruciger,Atelopus cruciger,AmphibiaWeb
Atelopus dimorphus,Atelopus dimorphus,AmphibiaWeb
Atelopus ebenoides,Atelopus ebenoides,AmphibiaWeb
Atelopus elegans,Atelopus elegans,AmphibiaWeb
Atelopus epikeisthos,Atelopus epikeisthos,AmphibiaWeb
Atelopus erythropus,Atelopus erythropus,AmphibiaWeb
Atelopus eusebianus,Atelopus eusebianus,AmphibiaWeb
Atelopus eusebiodiazi,Atelopus eusebiodiazi,AmphibiaWeb
Atelopus exiguus,Atelopus exiguus,AmphibiaWeb
Atelopus famelicus,Atelopus famelicus,AmphibiaWeb
Atelopus farci,Atelopus farci,AmphibiaWeb
Atelopus festae,Rhinella festae,AmphibiaWeb
Atelopus franciscus,Atelopus franciscus,AmphibiaWeb
Atelopus fronterizo,Atelopus fronterizo,AmphibiaWeb
Atelopus galactogaster,Atelopus galactogaster,AmphibiaWeb
Atelopus gigas,Atelopus gigas,AmphibiaWeb
Atelopus glyphus,Atelopus glyphus,AmphibiaWeb
Atelopus guacharo,Atelopus guacharo,AmphibiaWeb
Atelopus guanujo,Atelopus guanujo,AmphibiaWeb
Atelopus guitarraensis,Atelopus guitarraensis,AmphibiaWeb
Atelopus halihelos,Atelopus halihelos,AmphibiaWeb
Atelopus harlequin,Atelopus harlequin,AmphibiaWeb
Atelopus histrionicus,Atelopus histrionicus,AmphibiaWeb
Atelopus hoogmoedi,Atelopus hoogmoedi,AmphibiaWeb
Atelopus ignescens,Atelopus ignescens,AmphibiaWeb
Atelopus laetissimus,Atelopus laetissimus,AmphibiaWeb
Atelopus limosus,Atelopus limosus,AmphibiaWeb
Atelopus loettersi,Atelopus loettersi,AmphibiaWeb
Atelopus longibrachius,Atelopus longibrachius,AmphibiaWeb
Atelopus longirostris,Atelopus longirostris,AmphibiaWeb
Atelopus lozanoi,Atelopus lozanoi,AmphibiaWeb
Atelopus lynchi,Atelopus lynchi,AmphibiaWeb
Atelopus manauensis,Atelopus manauensis,AmphibiaWeb
Atelopus mandingues,Atelopus mandingues,AmphibiaWeb
Atelopus marinkellei,Atelopus marinkellei,AmphibiaWeb
Atelopus mindoensis,Atelopus mindoensis,AmphibiaWeb
Atelopus minutulus,Atelopus minutulus,AmphibiaWeb
Atelopus minutus,Amazophrynella minuta,AmphibiaWeb
Atelopus mittermeieri,Atelopus mittermeieri,AmphibiaWeb
Atelopus monohernandezii,Atelopus monohernandezii,AmphibiaWeb
Atelopus moropukaqumir,Atelopus moropukaqumir,AmphibiaWeb
Atelopus mucubajiensis,Atelopus mucubajiensis,AmphibiaWeb
Atelopus muisca,Atelopus muisca,AmphibiaWeb
Atelopus nahumae,Atelopus nahumae,AmphibiaWeb
Atelopus nanay,Atelopus nanay,AmphibiaWeb
Atelopus nepiozomus,Atelopus nepiozomus,AmphibiaWeb
Atelopus nicefori,Atelopus nicefori,AmphibiaWeb
Atelopus nocturnus,Atelopus nocturnus,AmphibiaWeb
Atelopus onorei,Atelopus onorei,AmphibiaWeb
Atelopus orcesi,Atelopus orcesi,AmphibiaWeb
Atelopus oxapampae,Atelopus oxapampae,AmphibiaWeb
Atelopus oxyrhynchus,Atelopus oxyrhynchus,AmphibiaWeb
Atelopus pachydermus,Atelopus pachydermus,AmphibiaWeb
Atelopus palmatus,Atelopus palmatus,AmphibiaWeb
Atelopus pastuso,Atelopus pastuso,AmphibiaWeb
Atelopus patazensis,Atelopus patazensis,AmphibiaWeb
Atelopus pedimarmoratus,Atelopus pedimarmoratus,AmphibiaWeb
Atelopus pernambucensis,Frostius pernambucensis,AmphibiaWeb
Atelopus peruensis,Atelopus peruensis,AmphibiaWeb
Atelopus petersi,Atelopus petersi,AmphibiaWeb
Atelopus petriruizi,Atelopus petriruizi,AmphibiaWeb
Atelopus pictiventris,Atelopus pictiventris,AmphibiaWeb
Atelopus pinangoi,Atelopus pinangoi,AmphibiaWeb
Atelopus planispina,Atelopus planispina,AmphibiaWeb
Atelopus podocarpus,Atelopus podocarpus,AmphibiaWeb
Atelopus pulcher,Atelopus pulcher,AmphibiaWeb
Atelopus pyrodactylus,Atelopus pyrodactylus,AmphibiaWeb
Atelopus quimbaya,Atelopus quimbaya,AmphibiaWeb
Atelopus reticulatus,Atelopus reticulatus,AmphibiaWeb
Atelopus rugulosus,Atelopus tricolor,AmphibiaWeb
Atelopus sanjosei,Atelopus sanjosei,AmphibiaWeb
Atelopus seminiferus,Atelopus seminiferus,AmphibiaWeb
Atelopus senex,Atelopus senex,AmphibiaWeb
Atelopus sernai,Atelopus sernai,AmphibiaWeb
Atelopus simulatus,Atelopus simulatus,AmphibiaWeb
Atelopus siranus,Atelopus siranus,AmphibiaWeb
Atelopus sonsonensis,Atelopus sonsonensis,AmphibiaWeb
Atelopus sorianoi,Atelopus sorianoi,AmphibiaWeb
Atelopus spumarius,Atelopus spumarius,AmphibiaWeb
Atelopus spurrelli,Atelopus spurrelli,AmphibiaWeb
Atelopus subornatus,Atelopus subornatus,AmphibiaWeb
Atelopus tamaense,Atelopus tamaense,AmphibiaWeb
Atelopus tricolor,Atelopus tricolor,AmphibiaWeb
Atelopus varius,Atelopus varius,AmphibiaWeb
Atelopus vermiculatus,Atelopus vermiculatus,AmphibiaWeb
Atelopus vogli,Atelopus vogli,AmphibiaWeb
Atelopus walkeri,Atelopus walkeri,AmphibiaWeb
Atelopus willimani,Atelopus tricolor,AmphibiaWeb
Atelopus zeteki,Atelopus zeteki,AmphibiaWeb
Atlantihyla melissa,Atlantihyla melissa,AmphibiaWeb
Atlantihyla panchoi,Atlantihyla panchoi,AmphibiaWeb
Atlantihyla spinipollex,Atlantihyla spinipollex,AmphibiaWeb
Atopophrynus syntomopus,Atopophrynus syntomopus,AmphibiaWeb
Atretochoana eiselti,Atretochoana eiselti,AmphibiaWeb
Atylodes genei,Hydromantes genei,AmphibiaWeb
Atympanophrys gigantica,Atympanophrys gigantica,AmphibiaWeb
Atympanophrys nankiangensis,Atympanophrys nankiangensis,AmphibiaWeb
Atympanophrys shapingensis,Atympanophrys shapingensis,AmphibiaWeb
Aubria masako,Aubria masako,AmphibiaWeb
Aubria occidentalis,Aubria occidentalis,AmphibiaWeb
Aubria subsigillata,Aubria subsigillata,AmphibiaWeb
Austrochaperina adamantina,Austrochaperina adamantina,AmphibiaWeb
Austrochaperina adelphe,Austrochaperina adelphe,AmphibiaWeb
Austrochaperina alexanderi,Austrochaperina alexanderi,AmphibiaWeb
Austrochaperina aquilonia,Austrochaperina aquilonia,AmphibiaWeb
Austrochaperina archboldi,Austrochaperina archboldi,AmphibiaWeb
Austrochaperina basipalmata,Austrochaperina basipalmata,AmphibiaWeb
Austrochaperina beehleri,Austrochaperina beehleri,AmphibiaWeb
Austrochaperina blumi,Austrochaperina blumi,AmphibiaWeb
Austrochaperina brachypus,Austrochaperina brachypus,AmphibiaWeb
Austrochaperina brevipes,Austrochaperina brevipes,AmphibiaWeb
Austrochaperina derongo,Austrochaperina derongo,AmphibiaWeb
Austrochaperina fryi,Austrochaperina fryi,AmphibiaWeb
Austrochaperina fulva,Austrochaperina fulva,AmphibiaWeb
Austrochaperina gracilipes,Austrochaperina gracilipes,AmphibiaWeb
Austrochaperina guttata,Austrochaperina guttata,AmphibiaWeb
Austrochaperina hooglandi,Austrochaperina hooglandi,AmphibiaWeb
Austrochaperina kosarek,Austrochaperina kosarek,AmphibiaWeb
Austrochaperina laurae,Austrochaperina laurae,AmphibiaWeb
Austrochaperina macrorhyncha,Austrochaperina macrorhyncha,AmphibiaWeb
Austrochaperina mehelyi,Austrochaperina mehelyi,AmphibiaWeb
Austrochaperina minutissima,Austrochaperina minutissima,AmphibiaWeb
Austrochaperina novaebritanniae,Austrochaperina novaebritanniae,AmphibiaWeb
Austrochaperina palmipes,Austrochaperina palmipes,AmphibiaWeb
Austrochaperina parkeri,Austrochaperina parkeri,AmphibiaWeb
Austrochaperina pluvialis,Austrochaperina pluvialis,AmphibiaWeb
Austrochaperina polysticta,Austrochaperina polysticta,AmphibiaWeb
Austrochaperina punctata,Austrochaperina punctata,AmphibiaWeb
Austrochaperina rivularis,Austrochaperina rivularis,AmphibiaWeb
Austrochaperina robusta,Austrochaperina robusta,AmphibiaWeb
Austrochaperina rudolfarndti,Austrochaperina rudolfarndti,AmphibiaWeb
Austrochaperina septentrionalis,Austrochaperina septentrionalis,AmphibiaWeb
Austrochaperina yelaensis,Austrochaperina yelaensis,AmphibiaWeb
Autodax ferreus,Aneides ferreus,AmphibiaWeb
Babina adenopleura,Nidirana adenopleura,AmphibiaWeb
Babina caldwelli,Nidirana adenopleura,AmphibiaWeb
Babina chapaensis,Nidirana chapaensis,AmphibiaWeb
Babina daunchina,Nidirana daunchina,AmphibiaWeb
Babina holsti,Babina holsti,AmphibiaWeb
Babina lini,Nidirana lini,AmphibiaWeb
Babina okinavana,Nidirana okinavana,AmphibiaWeb
Babina pleuraden,Nidirana pleuraden,AmphibiaWeb
Babina subaspera,Babina subaspera,AmphibiaWeb
Bahius bilineatus,Bahius bilineatus,AmphibiaWeb
Balebreviceps hillmani,Balebreviceps hillmani,AmphibiaWeb
Barbarophryne brongersmai,Barbarophryne brongersmai,AmphibiaWeb
Barbourula busuangensis,Barbourula busuangensis,AmphibiaWeb
Barbourula kalimantanensis,Barbourula kalimantanensis,AmphibiaWeb
Barycholos pulcher,Barycholos pulcher,AmphibiaWeb
Barycholos ternetzi,Barycholos ternetzi,AmphibiaWeb
Barygenys apodasta,Barygenys apodasta,AmphibiaWeb
Barygenys atra,Barygenys atra,AmphibiaWeb
Barygenys cheesmanae,Barygenys cheesmanae,AmphibiaWeb
Barygenys exsul,Barygenys exsul,AmphibiaWeb
Barygenys flavigularis,Barygenys flavigularis,AmphibiaWeb
Barygenys maculata,Barygenys maculata,AmphibiaWeb
Barygenys nana,Barygenys nana,AmphibiaWeb
Barygenys parvula,Barygenys parvula,AmphibiaWeb
Barygenys resima,Barygenys resima,AmphibiaWeb
Basanitia bolbodactyla,Ischnocnema bolbodactyla,AmphibiaWeb
Basanitia lactea,Ischnocnema lactea,AmphibiaWeb
Batrachophrynus brachydactylus,Telmatobius brachydactylus,AmphibiaWeb
Batrachophrynus macrostomus,Telmatobius macrostomus,AmphibiaWeb
Batrachoseps altasierrae,Batrachoseps altasierrae,AmphibiaWeb
Batrachoseps aridus,Batrachoseps aridus,AmphibiaWeb
Batrachoseps attenuatus,Batrachoseps attenuatus,AmphibiaWeb
Batrachoseps bramei,Batrachoseps bramei,AmphibiaWeb
Batrachoseps campi,Batrachoseps campi,AmphibiaWeb
Batrachoseps diabolicus,Batrachoseps diabolicus,AmphibiaWeb
Batrachoseps gabrieli,Batrachoseps gabrieli,AmphibiaWeb
Batrachoseps gavilanensis,Batrachoseps gavilanensis,AmphibiaWeb
Batrachoseps gregarius,Batrachoseps gregarius,AmphibiaWeb
Batrachoseps incognitus,Batrachoseps incognitus,AmphibiaWeb
Batrachoseps kawia,Batrachoseps kawia,AmphibiaWeb
Batrachoseps luciae,Batrachoseps luciae,AmphibiaWeb
Batrachoseps minor,Batrachoseps minor,AmphibiaWeb
Batrachoseps nigriventris,Batrachoseps nigriventris,AmphibiaWeb
Batrachoseps pacificus,Batrachoseps pacificus,AmphibiaWeb
Batrachoseps regius,Batrachoseps regius,AmphibiaWeb
Batrachoseps relictus,Batrachoseps relictus,AmphibiaWeb
Batrachoseps robustus,Batrachoseps robustus,AmphibiaWeb
Batrachoseps simatus,Batrachoseps simatus,AmphibiaWeb
Batrachoseps stebbinsi,Batrachoseps stebbinsi,AmphibiaWeb
Batrachoseps wakei,Batrachoseps wakei,AmphibiaWeb
Batrachoseps wrighti,Batrachoseps wrighti,AmphibiaWeb
Batrachoseps wrightorum,Batrachoseps wrighti,AmphibiaWeb
Batrachuperus cochranae,Batrachuperus pinchonii,AmphibiaWeb
Batrachuperus daochengensis,Batrachuperus daochengensis,AmphibiaWeb
Batrachuperus gorganensis,Paradactylodon persicus,AmphibiaWeb
Batrachuperus karlschmidti,Batrachuperus karlschmidti,AmphibiaWeb
Batrachuperus londongensis,Batrachuperus londongensis,AmphibiaWeb
Batrachuperus mustersi,Paradactylodon mustersi,AmphibiaWeb
Batrachuperus persicus,Paradactylodon persicus,AmphibiaWeb
Batrachuperus pinchonii,Batrachuperus pinchonii,AmphibiaWeb
Batrachuperus taibaiensis,Batrachuperus taibaiensis,AmphibiaWeb
Batrachuperus tibetanus,Batrachuperus tibetanus,AmphibiaWeb
Batrachuperus yenyuanensis,Batrachuperus yenyuanensis,AmphibiaWeb
Batrachyla antartandica,Batrachyla antartandica,AmphibiaWeb
Batrachyla fitzroya,Batrachyla fitzroya,AmphibiaWeb
Batrachyla leptopus,Batrachyla leptopus,AmphibiaWeb
Batrachyla longipes,Eleutherodactylus longipes,AmphibiaWeb
Batrachyla nibaldoi,Batrachyla nibaldoi,AmphibiaWeb
Batrachyla taeniata,Batrachyla taeniata,AmphibiaWeb
Batrachylodes elegans,Cornufer elegans,AmphibiaWeb
Batrachylodes exedrus,Cornufer exedrus,AmphibiaWeb
Batrachylodes gigas,Cornufer gigas,AmphibiaWeb
Batrachylodes montanus,Platymantis montanus,AmphibiaWeb
Batrachylodes trossulus,Cornufer trossulus,AmphibiaWeb
Batrachylodes vertebralis,Cornufer vertebralis,AmphibiaWeb
Beddomixalus bijui,Beddomixalus bijui,AmphibiaWeb
Beduka amboli,Beduka amboli,AmphibiaWeb
Beduka koynayensis,Beduka koynayensis,AmphibiaWeb
Beduka tigerina,Beduka amboli,AmphibiaWeb
Bijurana nicobariensis,Indosylvirana nicobariensis,AmphibiaWeb
Blommersia angolafa,Blommersia angolafa,AmphibiaWeb
Blommersia bara,Blommersia bara,AmphibiaWeb
Blommersia blommersae,Blommersia blommersae,AmphibiaWeb
Blommersia dejongi,Blommersia dejongi,AmphibiaWeb
Blommersia domerguei,Blommersia domerguei,AmphibiaWeb
Blommersia dupreezi,Blommersia dupreezi,AmphibiaWeb
Blommersia galani,Blommersia galani,AmphibiaWeb
Blommersia grandisonae,Blommersia grandisonae,AmphibiaWeb
Blommersia kely,Blommersia kely,AmphibiaWeb
Blommersia nataliae,Blommersia nataliae,AmphibiaWeb
Blommersia sarotra,Blommersia sarotra,AmphibiaWeb
Blommersia transmarina,Blommersia transmarina,AmphibiaWeb
Blommersia variabilis,Blommersia variabilis,AmphibiaWeb
Blommersia wittei,Blommersia wittei,AmphibiaWeb
Blythophryne beryet,Blythophryne beryet,AmphibiaWeb
Boana aguilari,Boana aguilari,AmphibiaWeb
Boana albomarginata,Boana albomarginata,AmphibiaWeb
Boana albonigra,Boana albonigra,AmphibiaWeb
Boana albopunctata,Boana albopunctata,AmphibiaWeb
Boana alemani,Boana alemani,AmphibiaWeb
Boana alfaroi,Boana alfaroi,AmphibiaWeb
Boana almendarizae,Boana almendarizae,AmphibiaWeb
Boana appendiculata,Boana appendiculata,AmphibiaWeb
Boana atlantica,Boana atlantica,AmphibiaWeb
Boana balzani,Boana balzani,AmphibiaWeb
Boana bandeirantes,Boana bandeirantes,AmphibiaWeb
Boana beckeri,Boana beckeri,AmphibiaWeb
Boana benitezi,Boana benitezi,AmphibiaWeb
Boana bischoffi,Boana bischoffi,AmphibiaWeb
Boana boans,Boana boans,AmphibiaWeb
Boana botumirim,Boana botumirim,AmphibiaWeb
Boana buriti,Boana buriti,AmphibiaWeb
Boana caiapo,Boana caiapo,AmphibiaWeb
Boana caingua,Boana caingua,AmphibiaWeb
Boana caipora,Boana caipora,AmphibiaWeb
Boana calcarata,Boana calcarata,AmphibiaWeb
Boana callipleura,Boana callipleura,AmphibiaWeb
Boana cambui,Boana cambui,AmphibiaWeb
Boana cinerascens,Boana cinerascens,AmphibiaWeb
Boana cipoensis,Boana cipoensis,AmphibiaWeb
Boana cordobae,Boana cordobae,AmphibiaWeb
Boana courtoisae,Boana courtoisae,AmphibiaWeb
Boana crepitans,Boana crepitans,AmphibiaWeb
Boana curupi,Boana curupi,AmphibiaWeb
Boana cymbalum,Boana cymbalum,AmphibiaWeb
Boana dentei,Boana dentei,AmphibiaWeb
Boana diabolica,Boana diabolica,AmphibiaWeb
Boana ericae,Boana ericae,AmphibiaWeb
Boana eucharis,Boana eucharis,AmphibiaWeb
Boana exastis,Boana exastis,AmphibiaWeb
Boana faber,Boana faber,AmphibiaWeb
Boana fasciata,Boana fasciata,AmphibiaWeb
Boana freicanecae,Boana freicanecae,AmphibiaWeb
Boana geographica,Boana geographica,AmphibiaWeb
Boana gladiator,Boana gladiator,AmphibiaWeb
Boana goiana,Boana goiana,AmphibiaWeb
Boana gracilis,Boana gracilis,AmphibiaWeb
Boana guarinimirim,Boana guarinimirim,AmphibiaWeb
Boana guentheri,Boana guentheri,AmphibiaWeb
Boana heilprini,Boana heilprini,AmphibiaWeb
Boana hobbsi,Boana hobbsi,AmphibiaWeb
Boana hutchinsi,Boana hutchinsi,AmphibiaWeb
Boana hypselops,Boana hypselops,AmphibiaWeb
Boana icamiaba,Boana icamiaba,AmphibiaWeb
Boana itajahy,Boana itajahy,AmphibiaWeb
Boana jaguariaivensis,Boana jaguariaivensis,AmphibiaWeb
Boana jimenezi,Boana jimenezi,AmphibiaWeb
Boana joaquini,Boana joaquini,AmphibiaWeb
Boana lanciformis,Boana lanciformis,AmphibiaWeb
Boana latistriata,Boana latistriata,AmphibiaWeb
Boana lemai,Boana lemai,AmphibiaWeb
Boana leptolineata,Boana leptolineata,AmphibiaWeb
Boana leucocheila,Boana leucocheila,AmphibiaWeb
Boana lundii,Boana lundii,AmphibiaWeb
Boana maculateralis,Boana maculateralis,AmphibiaWeb
Boana marginata,Boana marginata,AmphibiaWeb
Boana marianitae,Boana marianitae,AmphibiaWeb
Boana melanopleura,Boana melanopleura,AmphibiaWeb
Boana microderma,Boana microderma,AmphibiaWeb
Boana multifasciata,Boana multifasciata,AmphibiaWeb
Boana nigra,Boana nigra,AmphibiaWeb
Boana nympha,Boana nympha,AmphibiaWeb
Boana ornatissima,Boana ornatissima,AmphibiaWeb
Boana palaestes,Boana palaestes,AmphibiaWeb
Boana paranaiba,Boana paranaiba,AmphibiaWeb
Boana pardalis,Boana pardalis,AmphibiaWeb
Boana pellucens,Boana pellucens,AmphibiaWeb
Boana phaeopleura,Boana phaeopleura,AmphibiaWeb
Boana picturata,Boana picturata,AmphibiaWeb
Boana platanera,Boana platanera,AmphibiaWeb
Boana poaju,Boana poaju,AmphibiaWeb
Boana polytaenia,Boana polytaenia,AmphibiaWeb
Boana pombali,Boana pombali,AmphibiaWeb
Boana prasina,Boana prasina,AmphibiaWeb
Boana pugnax,Boana pugnax,AmphibiaWeb
Boana pulchella,Boana pulchella,AmphibiaWeb
Boana pulidoi,Boana pulidoi,AmphibiaWeb
Boana punctata,Boana punctata,AmphibiaWeb
Boana quiriri,Boana quiriri,AmphibiaWeb
Boana raniceps,Boana raniceps,AmphibiaWeb
Boana rhythmica,Boana rhythmica,AmphibiaWeb
Boana riojana,Boana riojana,AmphibiaWeb
Boana roraima,Boana roraima,AmphibiaWeb
Boana rosenbergi,Boana rosenbergi,AmphibiaWeb
Boana rubracyla,Boana rubracyla,AmphibiaWeb
Boana rufitela,Boana rufitela,AmphibiaWeb
Boana secedens,Boana secedens,AmphibiaWeb
Boana semiguttata,Boana semiguttata,AmphibiaWeb
Boana semilineata,Boana semilineata,AmphibiaWeb
Boana sibleszi,Boana sibleszi,AmphibiaWeb
Boana steinbachi,Boana steinbachi,AmphibiaWeb
Boana stellae,Boana stellae,AmphibiaWeb
Boana stenocephala,Boana stenocephala,AmphibiaWeb
Boana tepuiana,Boana tepuiana,AmphibiaWeb
Boana tetete,Boana tetete,AmphibiaWeb
Boana varelae,Boana riojana,AmphibiaWeb
Boana ventrimaculata,Boana ventrimaculata,AmphibiaWeb
Boana wavrini,Boana wavrini,AmphibiaWeb
Boana xerophylla,Boana xerophylla,AmphibiaWeb
Boehmantis microtympanum,Boehmantis microtympanum,AmphibiaWeb
Bokermannohyla ahenea,Bokermannohyla ahenea,AmphibiaWeb
Bokermannohyla alvarengai,Bokermannohyla alvarengai,AmphibiaWeb
Bokermannohyla astartea,Bokermannohyla astartea,AmphibiaWeb
Bokermannohyla capra,Bokermannohyla capra,AmphibiaWeb
Bokermannohyla caramaschii,Bokermannohyla caramaschii,AmphibiaWeb
Bokermannohyla carvalhoi,Bokermannohyla carvalhoi,AmphibiaWeb
Bokermannohyla circumdata,Bokermannohyla circumdata,AmphibiaWeb
Bokermannohyla claresignata,Bokermannohyla claresignata,AmphibiaWeb
Bokermannohyla clepsydra,Bokermannohyla clepsydra,AmphibiaWeb
Bokermannohyla diamantina,Bokermannohyla diamantina,AmphibiaWeb
Bokermannohyla flavopicta,Bokermannohyla flavopicta,AmphibiaWeb
Bokermannohyla gouveai,Bokermannohyla gouveai,AmphibiaWeb
Bokermannohyla hylax,Bokermannohyla hylax,AmphibiaWeb
Bokermannohyla ibitiguara,Bokermannohyla ibitiguara,AmphibiaWeb
Bokermannohyla ibitipoca,Bokermannohyla ibitipoca,AmphibiaWeb
Bokermannohyla itapoty,Bokermannohyla itapoty,AmphibiaWeb
Bokermannohyla izecksohni,Bokermannohyla izecksohni,AmphibiaWeb
Bokermannohyla juiju,Bokermannohyla juiju,AmphibiaWeb
Bokermannohyla langei,Bokermannohyla langei,AmphibiaWeb
Bokermannohyla lucianae,Bokermannohyla lucianae,AmphibiaWeb
Bokermannohyla luctuosa,Bokermannohyla luctuosa,AmphibiaWeb
Bokermannohyla martinsi,Bokermannohyla martinsi,AmphibiaWeb
Bokermannohyla nanuzae,Bokermannohyla nanuzae,AmphibiaWeb
Bokermannohyla napolii,Bokermannohyla napolii,AmphibiaWeb
Bokermannohyla oxente,Bokermannohyla oxente,AmphibiaWeb
Bokermannohyla pseudopseudis,Bokermannohyla pseudopseudis,AmphibiaWeb
Bokermannohyla ravida,Bokermannohyla ravida,AmphibiaWeb
Bokermannohyla sagarana,Bokermannohyla sagarana,AmphibiaWeb
Bokermannohyla sapiranga,Bokermannohyla sapiranga,AmphibiaWeb
Bokermannohyla saxicola,Bokermannohyla saxicola,AmphibiaWeb
Bokermannohyla sazimai,Bokermannohyla sazimai,AmphibiaWeb
Bokermannohyla vulcaniae,Bokermannohyla vulcaniae,AmphibiaWeb
Bolitoglossa adspersa,Bolitoglossa adspersa,AmphibiaWeb
Bolitoglossa alberchi,Bolitoglossa alberchi,AmphibiaWeb
Bolitoglossa altamazonica,Bolitoglossa altamazonica,AmphibiaWeb
Bolitoglossa alvaradoi,Bolitoglossa alvaradoi,AmphibiaWeb
Bolitoglossa anthracina,Bolitoglossa anthracina,AmphibiaWeb
Bolitoglossa arborescandens,Bolitoglossa alvaradoi,AmphibiaWeb
Bolitoglossa aurae,Bolitoglossa aurae,AmphibiaWeb
Bolitoglossa aureogularis,Bolitoglossa aureogularis,AmphibiaWeb
Bolitoglossa awajun,Bolitoglossa awajun,AmphibiaWeb
Bolitoglossa biseriata,Bolitoglossa biseriata,AmphibiaWeb
Bolitoglossa bolanosi,Bolitoglossa bolanosi,AmphibiaWeb
Bolitoglossa borburata,Bolitoglossa borburata,AmphibiaWeb
Bolitoglossa bramei,Bolitoglossa bramei,AmphibiaWeb
Bolitoglossa brevipes,Bolitoglossa franklini,AmphibiaWeb
Bolitoglossa caldwellae,Bolitoglossa caldwellae,AmphibiaWeb
Bolitoglossa capitana,Bolitoglossa capitana,AmphibiaWeb
Bolitoglossa carri,Bolitoglossa carri,AmphibiaWeb
Bolitoglossa cataguana,Bolitoglossa cataguana,AmphibiaWeb
Bolitoglossa cathyledecae,Bolitoglossa cathyledecae,AmphibiaWeb
Bolitoglossa celaque,Bolitoglossa celaque,AmphibiaWeb
Bolitoglossa centenorum,Bolitoglossa centenorum,AmphibiaWeb
Bolitoglossa cerroensis,Bolitoglossa cerroensis,AmphibiaWeb
Bolitoglossa chica,Bolitoglossa chica,AmphibiaWeb
Bolitoglossa chinanteca,Bolitoglossa chinanteca,AmphibiaWeb
Bolitoglossa chiquitica,Bolitoglossa chiquitica,AmphibiaWeb
Bolitoglossa chirripoensis,Bolitoglossa chirripoensis,AmphibiaWeb
Bolitoglossa chrysothyma,Bolitoglossa chrysothyma,AmphibiaWeb
Bolitoglossa chucantiensis,Bolitoglossa chucantiensis,AmphibiaWeb
Bolitoglossa coaxtlahuacana,Bolitoglossa coaxtlahuacana,AmphibiaWeb
Bolitoglossa colonnea,Bolitoglossa colonnea,AmphibiaWeb
Bolitoglossa compacta,Bolitoglossa compacta,AmphibiaWeb
Bolitoglossa conanti,Bolitoglossa conanti,AmphibiaWeb
Bolitoglossa copia,Bolitoglossa copia,AmphibiaWeb
Bolitoglossa copinhorum,Bolitoglossa copinhorum,AmphibiaWeb
Bolitoglossa cuchumatana,Bolitoglossa cuchumatana,AmphibiaWeb
Bolitoglossa cuna,Bolitoglossa cuna,AmphibiaWeb
Bolitoglossa daryorum,Bolitoglossa daryorum,AmphibiaWeb
Bolitoglossa decora,Bolitoglossa decora,AmphibiaWeb
Bolitoglossa diaphora,Bolitoglossa diaphora,AmphibiaWeb
Bolitoglossa digitigrada,Bolitoglossa digitigrada,AmphibiaWeb
Bolitoglossa diminuta,Bolitoglossa diminuta,AmphibiaWeb
Bolitoglossa dofleini,Bolitoglossa dofleini,AmphibiaWeb
Bolitoglossa dunni,Bolitoglossa dunni,AmphibiaWeb
Bolitoglossa engelhardti,Bolitoglossa engelhardti,AmphibiaWeb
Bolitoglossa epimela,Bolitoglossa epimela,AmphibiaWeb
Bolitoglossa equatoriana,Bolitoglossa equatoriana,AmphibiaWeb
Bolitoglossa eremia,Bolitoglossa eremia,AmphibiaWeb
Bolitoglossa flavimembris,Bolitoglossa flavimembris,AmphibiaWeb
Bolitoglossa flaviventris,Bolitoglossa flaviventris,AmphibiaWeb
Bolitoglossa franklini,Bolitoglossa franklini,AmphibiaWeb
Bolitoglossa gomezi,Bolitoglossa gomezi,AmphibiaWeb
Bolitoglossa gracilis,Bolitoglossa gracilis,AmphibiaWeb
Bolitoglossa guaneae,Bolitoglossa guaneae,AmphibiaWeb
Bolitoglossa guaramacalensis,Bolitoglossa guaramacalensis,AmphibiaWeb
Bolitoglossa hartwegi,Bolitoglossa hartwegi,AmphibiaWeb
Bolitoglossa heiroreias,Bolitoglossa heiroreias,AmphibiaWeb
Bolitoglossa helmrichi,Bolitoglossa helmrichi,AmphibiaWeb
Bolitoglossa hermosa,Bolitoglossa hermosa,AmphibiaWeb
Bolitoglossa hiemalis,Bolitoglossa hiemalis,AmphibiaWeb
Bolitoglossa huehuetenanguensis,Bolitoglossa huehuetenanguensis,AmphibiaWeb
Bolitoglossa hypacra,Bolitoglossa hypacra,AmphibiaWeb
Bolitoglossa indio,Bolitoglossa indio,AmphibiaWeb
Bolitoglossa insularis,Bolitoglossa insularis,AmphibiaWeb
Bolitoglossa jacksoni,Bolitoglossa jacksoni,AmphibiaWeb
Bolitoglossa jugivagans,Bolitoglossa jugivagans,AmphibiaWeb
Bolitoglossa kamuk,Bolitoglossa kamuk,AmphibiaWeb
Bolitoglossa kaqchikelorum,Bolitoglossa kaqchikelorum,AmphibiaWeb
Bolitoglossa la,Bolitoglossa la,AmphibiaWeb
Bolitoglossa leandrae,Bolitoglossa leandrae,AmphibiaWeb
Bolitoglossa lignicolor,Bolitoglossa lignicolor,AmphibiaWeb
Bolitoglossa lincolni,Bolitoglossa lincolni,AmphibiaWeb
Bolitoglossa longissima,Bolitoglossa longissima,AmphibiaWeb
Bolitoglossa lozanoi,Bolitoglossa lozanoi,AmphibiaWeb
Bolitoglossa macrinii,Bolitoglossa macrinii,AmphibiaWeb
Bolitoglossa madeira,Bolitoglossa madeira,AmphibiaWeb
Bolitoglossa magnifica,Bolitoglossa magnifica,AmphibiaWeb
Bolitoglossa marmorea,Bolitoglossa marmorea,AmphibiaWeb
Bolitoglossa medemi,Bolitoglossa medemi,AmphibiaWeb
Bolitoglossa meliana,Bolitoglossa meliana,AmphibiaWeb
Bolitoglossa mexicana,Bolitoglossa mexicana,AmphibiaWeb
Bolitoglossa minutula,Bolitoglossa minutula,AmphibiaWeb
Bolitoglossa mombachoensis,Bolitoglossa mombachoensis,AmphibiaWeb
Bolitoglossa morio,Bolitoglossa morio,AmphibiaWeb
Bolitoglossa mucuyensis,Bolitoglossa mucuyensis,AmphibiaWeb
Bolitoglossa muisca,Bolitoglossa muisca,AmphibiaWeb
Bolitoglossa mulleri,Bolitoglossa mulleri,AmphibiaWeb
Bolitoglossa nicefori,Bolitoglossa nicefori,AmphibiaWeb
Bolitoglossa nigrescens,Bolitoglossa nigrescens,AmphibiaWeb
Bolitoglossa nigroflavescens,Bolitoglossa franklini,AmphibiaWeb
Bolitoglossa ninadormida,Bolitoglossa ninadormida,AmphibiaWeb
Bolitoglossa nussbaumi,Bolitoglossa nussbaumi,AmphibiaWeb
Bolitoglossa nympha,Bolitoglossa nympha,AmphibiaWeb
Bolitoglossa oaxacensis,Bolitoglossa oaxacensis,AmphibiaWeb
Bolitoglossa obscura,Bolitoglossa obscura,AmphibiaWeb
Bolitoglossa occidentalis,Bolitoglossa occidentalis,AmphibiaWeb
Bolitoglossa odonnelli,Bolitoglossa odonnelli,AmphibiaWeb
Bolitoglossa omniumsanctorum,Bolitoglossa omniumsanctorum,AmphibiaWeb
Bolitoglossa oresbia,Bolitoglossa oresbia,AmphibiaWeb
Bolitoglossa orestes,Bolitoglossa orestes,AmphibiaWeb
Bolitoglossa pacaya,Bolitoglossa pacaya,AmphibiaWeb
Bolitoglossa palmata,Bolitoglossa palmata,AmphibiaWeb
Bolitoglossa pandi,Bolitoglossa pandi,AmphibiaWeb
Bolitoglossa paraensis,Bolitoglossa paraensis,AmphibiaWeb
Bolitoglossa peruviana,Bolitoglossa peruviana,AmphibiaWeb
Bolitoglossa pesrubra,Bolitoglossa pesrubra,AmphibiaWeb
Bolitoglossa phalarosoma,Bolitoglossa phalarosoma,AmphibiaWeb
Bolitoglossa platydactyla,Bolitoglossa platydactyla,AmphibiaWeb
Bolitoglossa porrasorum,Bolitoglossa porrasorum,AmphibiaWeb
Bolitoglossa psephena,Bolitoglossa psephena,AmphibiaWeb
Bolitoglossa pygmaea,Bolitoglossa pygmaea,AmphibiaWeb
Bolitoglossa qeqom,Bolitoglossa qeqom,AmphibiaWeb
Bolitoglossa ramosi,Bolitoglossa ramosi,AmphibiaWeb
Bolitoglossa resplendens,Bolitoglossa lincolni,AmphibiaWeb
Bolitoglossa riletti,Bolitoglossa riletti,AmphibiaWeb
Bolitoglossa robinsoni,Bolitoglossa robinsoni,AmphibiaWeb
Bolitoglossa robusta,Bolitoglossa robusta,AmphibiaWeb
Bolitoglossa rostrata,Bolitoglossa rostrata,AmphibiaWeb
Bolitoglossa rufescens,Bolitoglossa rufescens,AmphibiaWeb
Bolitoglossa salvinii,Bolitoglossa salvinii,AmphibiaWeb
Bolitoglossa savagei,Bolitoglossa savagei,AmphibiaWeb
Bolitoglossa schizodactyla,Bolitoglossa schizodactyla,AmphibiaWeb
Bolitoglossa schmidti,Bolitoglossa dofleini,AmphibiaWeb
Bolitoglossa silentium,Bolitoglossa silentium,AmphibiaWeb
Bolitoglossa silverstonei,Bolitoglossa silverstonei,AmphibiaWeb
Bolitoglossa sima,Bolitoglossa sima,AmphibiaWeb
Bolitoglossa sombra,Bolitoglossa sombra,AmphibiaWeb
Bolitoglossa sooyorum,Bolitoglossa sooyorum,AmphibiaWeb
Bolitoglossa splendida,Bolitoglossa splendida,AmphibiaWeb
Bolitoglossa spongai,Bolitoglossa orestes,AmphibiaWeb
Bolitoglossa striatula,Bolitoglossa striatula,AmphibiaWeb
Bolitoglossa stuarti,Bolitoglossa stuarti,AmphibiaWeb
Bolitoglossa subpalmata,Bolitoglossa subpalmata,AmphibiaWeb
Bolitoglossa suchitanensis,Bolitoglossa suchitanensis,AmphibiaWeb
Bolitoglossa synoria,Bolitoglossa synoria,AmphibiaWeb
Bolitoglossa tamaense,Bolitoglossa tamaense,AmphibiaWeb
Bolitoglossa tapajonica,Bolitoglossa tapajonica,AmphibiaWeb
Bolitoglossa tatamae,Bolitoglossa tatamae,AmphibiaWeb
Bolitoglossa taylori,Bolitoglossa taylori,AmphibiaWeb
Bolitoglossa tenebrosa,Bolitoglossa tenebrosa,AmphibiaWeb
Bolitoglossa tica,Bolitoglossa tica,AmphibiaWeb
Bolitoglossa tzultacaj,Bolitoglossa tzultacaj,AmphibiaWeb
Bolitoglossa vallecula,Bolitoglossa vallecula,AmphibiaWeb
Bolitoglossa veracrucis,Bolitoglossa veracrucis,AmphibiaWeb
Bolitoglossa walkeri,Bolitoglossa walkeri,AmphibiaWeb
Bolitoglossa xibalba,Bolitoglossa xibalba,AmphibiaWeb
Bolitoglossa yariguiensis,Bolitoglossa yariguiensis,AmphibiaWeb
Bolitoglossa yucatana,Bolitoglossa yucatana,AmphibiaWeb
Bolitoglossa zacapensis,Bolitoglossa zacapensis,AmphibiaWeb
Bolitoglossa zapoteca,Bolitoglossa zapoteca,AmphibiaWeb
Bombina bombina,Bombina bombina,AmphibiaWeb
Bombina fortinuptialis,Bombina fortinuptialis,AmphibiaWeb
Bombina lichuanensis,Bombina lichuanensis,AmphibiaWeb
Bombina maxima,Bombina maxima,AmphibiaWeb
Bombina microdeladigitora,Bombina microdeladigitora,AmphibiaWeb
Bombina orientalis,Bombina orientalis,AmphibiaWeb
Bombina pachypus,Bombina pachypus,AmphibiaWeb
Bombina variegata,Bombina variegata,AmphibiaWeb
Boophis albilabris,Boophis albilabris,AmphibiaWeb
Boophis albipunctatus,Boophis albipunctatus,AmphibiaWeb
Boophis andohahela,Boophis andohahela,AmphibiaWeb
Boophis andrangoloaka,Boophis andrangoloaka,AmphibiaWeb
Boophis andreonei,Boophis andreonei,AmphibiaWeb
Boophis anjanaharibeensis,Boophis anjanaharibeensis,AmphibiaWeb
Boophis ankarafensis,Boophis ankarafensis,AmphibiaWeb
Boophis ankaratra,Boophis ankaratra,AmphibiaWeb
Boophis arcanus,Boophis arcanus,AmphibiaWeb
Boophis archeri,Boophis archeri,AmphibiaWeb
Boophis asquithi,Boophis asquithi,AmphibiaWeb
Boophis axelmeyeri,Boophis axelmeyeri,AmphibiaWeb
Boophis baetkei,Boophis baetkei,AmphibiaWeb
Boophis blommersae,Boophis blommersae,AmphibiaWeb
Boophis boehmei,Boophis boehmei,AmphibiaWeb
Boophis boppa,Boophis boppa,AmphibiaWeb
Boophis bottae,Boophis bottae,AmphibiaWeb
Boophis brachychir,Boophis brachychir,AmphibiaWeb
Boophis burgeri,Boophis burgeri,AmphibiaWeb
Boophis burnhamae,Boophis burnhamae,AmphibiaWeb
Boophis calcaratus,Boophis calcaratus,AmphibiaWeb
Boophis doulioti,Boophis doulioti,AmphibiaWeb
Boophis elenae,Boophis elenae,AmphibiaWeb
Boophis englaenderi,Boophis englaenderi,AmphibiaWeb
Boophis entingae,Boophis entingae,AmphibiaWeb
Boophis erythrodactylus,Boophis erythrodactylus,AmphibiaWeb
Boophis fayi,Boophis fayi,AmphibiaWeb
Boophis feonnyala,Boophis feonnyala,AmphibiaWeb
Boophis goudotii,Boophis goudotii,AmphibiaWeb
Boophis guibei,Boophis guibei,AmphibiaWeb
Boophis haematopus,Boophis haematopus,AmphibiaWeb
Boophis haingana,Boophis haingana,AmphibiaWeb
Boophis hillenii,Boophis idae,AmphibiaWeb
Boophis idae,Boophis idae,AmphibiaWeb
Boophis jaegeri,Boophis jaegeri,AmphibiaWeb
Boophis janewayae,Boophis janewayae,AmphibiaWeb
Boophis kirki,Boophis kirki,AmphibiaWeb
Boophis laurenti,Boophis laurenti,AmphibiaWeb
Boophis liami,Boophis liami,AmphibiaWeb
Boophis lichenoides,Boophis lichenoides,AmphibiaWeb
Boophis lilianae,Boophis lilianae,AmphibiaWeb
Boophis luciae,Boophis luciae,AmphibiaWeb
Boophis luteus,Boophis luteus,AmphibiaWeb
Boophis madagascariensis,Boophis madagascariensis,AmphibiaWeb
Boophis majori,Boophis majori,AmphibiaWeb
Boophis mandraka,Boophis mandraka,AmphibiaWeb
Boophis marojezensis,Boophis marojezensis,AmphibiaWeb
Boophis masoala,Boophis masoala,AmphibiaWeb
Boophis miadana,Boophis miadana,AmphibiaWeb
Boophis microtympanum,Boophis microtympanum,AmphibiaWeb
Boophis miniatus,Boophis miniatus,AmphibiaWeb
Boophis narinsi,Boophis narinsi,AmphibiaWeb
Boophis nauticus,Boophis nauticus,AmphibiaWeb
Boophis obscurus,Boophis obscurus,AmphibiaWeb
Boophis occidentalis,Boophis occidentalis,AmphibiaWeb
Boophis opisthodon,Boophis opisthodon,AmphibiaWeb
Boophis pauliani,Boophis pauliani,AmphibiaWeb
Boophis periegetes,Boophis periegetes,AmphibiaWeb
Boophis picardi,Boophis picardi,AmphibiaWeb
Boophis picturatus,Boophis picturatus,AmphibiaWeb
Boophis pikei,Boophis pikei,AmphibiaWeb
Boophis piperatus,Boophis piperatus,AmphibiaWeb
Boophis popi,Boophis popi,AmphibiaWeb
Boophis praedictus,Boophis praedictus,AmphibiaWeb
Boophis pyrrhus,Boophis pyrrhus,AmphibiaWeb
Boophis quasiboehmei,Boophis quasiboehmei,AmphibiaWeb
Boophis rappiodes,Boophis rappiodes,AmphibiaWeb
Boophis reticulatus,Boophis reticulatus,AmphibiaWeb
Boophis rhodoscelis,Boophis rhodoscelis,AmphibiaWeb
Boophis roseipalmatus,Boophis roseipalmatus,AmphibiaWeb
Boophis rufioculis,Boophis rufioculis,AmphibiaWeb
Boophis sambirano,Boophis sambirano,AmphibiaWeb
Boophis samuelsabini,Boophis samuelsabini,AmphibiaWeb
Boophis sandrae,Boophis sandrae,AmphibiaWeb
Boophis schuboeae,Boophis schuboeae,AmphibiaWeb
Boophis septentionalis,Boophis septentrionalis,AmphibiaWeb
Boophis septentrionalis,Boophis septentrionalis,AmphibiaWeb
Boophis sibilans,Boophis sibilans,AmphibiaWeb
Boophis siskoi,Boophis siskoi,AmphibiaWeb
Boophis solomaso,Boophis solomaso,AmphibiaWeb
Boophis spinophis,Boophis spinophis,AmphibiaWeb
Boophis tampoka,Boophis tampoka,AmphibiaWeb
Boophis tasymena,Boophis tasymena,AmphibiaWeb
Boophis tephraeomystax,Boophis tephraeomystax,AmphibiaWeb
Boophis tsilomaro,Boophis tsilomaro,AmphibiaWeb
Boophis ulftunni,Boophis ulftunni,AmphibiaWeb
Boophis viridis,Boophis viridis,AmphibiaWeb
Boophis vittatus,Boophis vittatus,AmphibiaWeb
Boophis williamsi,Boophis williamsi,AmphibiaWeb
Boophis xerophilus,Boophis xerophilus,AmphibiaWeb
Borneophrys edwardinae,Pelobatrachus edwardinae,AmphibiaWeb
Boulengerula boulengeri,Boulengerula boulengeri,AmphibiaWeb
Boulengerula changamwensis,Boulengerula changamwensis,AmphibiaWeb
Boulengerula denhardti,Boulengerula denhardti,AmphibiaWeb
Boulengerula endauensis,Boulengerula endauensis,AmphibiaWeb
Boulengerula fischeri,Boulengerula fischeri,AmphibiaWeb
Boulengerula niedeni,Boulengerula niedeni,AmphibiaWeb
Boulengerula spawlsi,Boulengerula spawlsi,AmphibiaWeb
Boulengerula taitana,Boulengerula taitana,AmphibiaWeb
Boulengerula uluguruensis,Boulengerula uluguruensis,AmphibiaWeb
Boulenophrys acuta,Boulenophrys acuta,AmphibiaWeb
Boulenophrys angka,Boulenophrys angka,AmphibiaWeb
Boulenophrys anlongensis,Boulenophrys anlongensis,AmphibiaWeb
Boulenophrys baishanzuensis,Boulenophrys baishanzuensis,AmphibiaWeb
Boulenophrys baolongensis,Boulenophrys baolongensis,AmphibiaWeb
Boulenophrys binchuanensis,Boulenophrys binchuanensis,AmphibiaWeb
Boulenophrys binlingensis,Boulenophrys binlingensis,AmphibiaWeb
Boulenophrys boettgeri,Boulenophrys boettgeri,AmphibiaWeb
Boulenophrys brachykolos,Boulenophrys brachykolos,AmphibiaWeb
Boulenophrys caobangensis,Boulenophrys caobangensis,AmphibiaWeb
Boulenophrys caudoprocta,Boulenophrys caudoprocta,AmphibiaWeb
Boulenophrys changyangensis,Boulenophrys changyangensis,AmphibiaWeb
Boulenophrys cheni,Boulenophrys cheni,AmphibiaWeb
Boulenophrys chishuiensis,Boulenophrys chishuiensis,AmphibiaWeb
Boulenophrys congjiangensis,Boulenophrys congjiangensis,AmphibiaWeb
Boulenophrys daiyunensis,Boulenophrys daiyunensis,AmphibiaWeb
Boulenophrys dalaolingensis,Boulenophrys dalaolingensis,AmphibiaWeb
Boulenophrys daoji,Boulenophrys daoji,AmphibiaWeb
Boulenophrys daweimontis,Boulenophrys daweimontis,AmphibiaWeb
Boulenophrys dongguanensis,Boulenophrys dongguanensis,AmphibiaWeb
Boulenophrys dupanglingensis,Boulenophrys dupanglingensis,AmphibiaWeb
Boulenophrys elongata,Boulenophrys elongata,AmphibiaWeb
Boulenophrys fanjingmontis,Boulenophrys fanjingmontis,AmphibiaWeb
Boulenophrys fansipanensis,Boulenophrys fansipanensis,AmphibiaWeb
Boulenophrys fengshunensis,Boulenophrys fengshunensis,AmphibiaWeb
Boulenophrys frigida,Boulenophrys frigida,AmphibiaWeb
Boulenophrys gaolanensis,Boulenophrys gaolanensis,AmphibiaWeb
Boulenophrys gutu,Boulenophrys gutu,AmphibiaWeb
Boulenophrys hengshanensis,Boulenophrys hengshanensis,AmphibiaWeb
Boulenophrys hoanglienensis,Boulenophrys hoanglienensis,AmphibiaWeb
Boulenophrys huangniushiensis,Boulenophrys huangniushiensis,AmphibiaWeb
Boulenophrys huangshanensis,Boulenophrys huangshanensis,AmphibiaWeb
Boulenophrys hungtai,Boulenophrys hungtai,AmphibiaWeb
Boulenophrys insularis,Boulenophrys insularis,AmphibiaWeb
Boulenophrys jiangi,Boulenophrys jiangi,AmphibiaWeb
Boulenophrys jingdongensis,Boulenophrys jingdongensis,AmphibiaWeb
Boulenophrys jinggangensis,Boulenophrys jinggangensis,AmphibiaWeb
Boulenophrys jiulianensis,Boulenophrys jiulianensis,AmphibiaWeb
Boulenophrys kuatunensis,Boulenophrys kuatunensis,AmphibiaWeb
Boulenophrys leishanensis,Boulenophrys leishanensis,AmphibiaWeb
Boulenophrys liboensis,Boulenophrys liboensis,AmphibiaWeb
Boulenophrys lichun,Boulenophrys lichun,AmphibiaWeb
Boulenophrys lini,Boulenophrys lini,AmphibiaWeb
Boulenophrys lishuiensis,Boulenophrys lishuiensis,AmphibiaWeb
Boulenophrys lushuiensis,Boulenophrys lushuiensis,AmphibiaWeb
Boulenophrys minor,Boulenophrys minor,AmphibiaWeb
Boulenophrys mirabilis,Boulenophrys mirabilis,AmphibiaWeb
Boulenophrys mufumontana,Boulenophrys mufumontana,AmphibiaWeb
Boulenophrys nankunensis,Boulenophrys nankunensis,AmphibiaWeb
Boulenophrys nanlingensis,Boulenophrys nanlingensis,AmphibiaWeb
Boulenophrys obesa,Boulenophrys obesa,AmphibiaWeb
Boulenophrys ombrophila,Boulenophrys ombrophila,AmphibiaWeb
Boulenophrys omeimontis,Boulenophrys omeimontis,AmphibiaWeb
Boulenophrys palpebralespinosa,Boulenophrys palpebralespinosa,AmphibiaWeb
Boulenophrys pepe,Boulenophrys pepe,AmphibiaWeb
Boulenophrys puningensis,Boulenophrys puningensis,AmphibiaWeb
Boulenophrys qianbeiensis,Boulenophrys qianbeiensis,AmphibiaWeb
Boulenophrys rubrimera,Boulenophrys rubrimera,AmphibiaWeb
Boulenophrys sangzhiensis,Boulenophrys sangzhiensis,AmphibiaWeb
Boulenophrys sanmingensis,Boulenophrys sanmingensis,AmphibiaWeb
Boulenophrys shimentaina,Boulenophrys shimentaina,AmphibiaWeb
Boulenophrys shuichengensis,Boulenophrys shuichengensis,AmphibiaWeb
Boulenophrys shunhuangensis,Boulenophrys shunhuangensis,AmphibiaWeb
Boulenophrys spinata,Boulenophrys spinata,AmphibiaWeb
Boulenophrys tongboensis,Boulenophrys tongboensis,AmphibiaWeb
Boulenophrys tuberogranulatus,Boulenophrys tuberogranulatus,AmphibiaWeb
Boulenophrys wawuensis,Boulenophrys wawuensis,AmphibiaWeb
Boulenophrys wugongensis,Boulenophrys wugongensis,AmphibiaWeb
Boulenophrys wuliangshanensis,Boulenophrys wuliangshanensis,AmphibiaWeb
Boulenophrys wushanensis,Boulenophrys wushanensis,AmphibiaWeb
Boulenophrys xiangnanensis,Boulenophrys xiangnanensis,AmphibiaWeb
Boulenophrys xianjuensis,Boulenophrys xianjuensis,AmphibiaWeb
Boulenophrys xuefengmontis,Boulenophrys xuefengmontis,AmphibiaWeb
Boulenophrys yangchunensis,Boulenophrys yangchunensis,AmphibiaWeb
Boulenophrys yangmingensis,Boulenophrys yangmingensis,AmphibiaWeb
Boulenophrys yaoshanensis,Boulenophrys yaoshanensis,AmphibiaWeb
Boulenophrys yezhongensis,Boulenophrys yezhongensis,AmphibiaWeb
Boulenophrys yingdeensis,Boulenophrys yingdeensis,AmphibiaWeb
Boulenophrys youran,Boulenophrys youran,AmphibiaWeb
Boulenophrys yunkaiensis,Boulenophrys yunkaiensis,AmphibiaWeb
Brachycephalus actaeus,Brachycephalus actaeus,AmphibiaWeb
Brachycephalus albolineatus,Brachycephalus albolineatus,AmphibiaWeb
Brachycephalus alipioi,Brachycephalus alipioi,AmphibiaWeb
Brachycephalus auroguttatus,Brachycephalus auroguttatus,AmphibiaWeb
Brachycephalus boticario,Brachycephalus boticario,AmphibiaWeb
Brachycephalus brunneus,Brachycephalus brunneus,AmphibiaWeb
Brachycephalus bufonoides,Brachycephalus bufonoides,AmphibiaWeb
Brachycephalus clarissae,Brachycephalus clarissae,AmphibiaWeb
Brachycephalus coloratus,Brachycephalus coloratus,AmphibiaWeb
Brachycephalus crispus,Brachycephalus crispus,AmphibiaWeb
Brachycephalus curupira,Brachycephalus curupira,AmphibiaWeb
Brachycephalus dacnis,Brachycephalus dacnis,AmphibiaWeb
Brachycephalus darkside,Brachycephalus darkside,AmphibiaWeb
Brachycephalus didactylus,Brachycephalus didactylus,AmphibiaWeb
Brachycephalus ephippium,Brachycephalus ephippium,AmphibiaWeb
Brachycephalus ferruginus,Brachycephalus ferruginus,AmphibiaWeb
Brachycephalus fuscolineatus,Brachycephalus fuscolineatus,AmphibiaWeb
Brachycephalus garbeanus,Brachycephalus garbeanus,AmphibiaWeb
Brachycephalus guarani,Brachycephalus guarani,AmphibiaWeb
Brachycephalus herculeus,Brachycephalus herculeus,AmphibiaWeb
Brachycephalus hermogenesi,Brachycephalus hermogenesi,AmphibiaWeb
Brachycephalus ibitinga,Brachycephalus ibitinga,AmphibiaWeb
Brachycephalus izecksohni,Brachycephalus izecksohni,AmphibiaWeb
Brachycephalus leopardus,Brachycephalus leopardus,AmphibiaWeb
Brachycephalus lulai,Brachycephalus lulai,AmphibiaWeb
Brachycephalus margaritatus,Brachycephalus margaritatus,AmphibiaWeb
Brachycephalus mariaeterezae,Brachycephalus mariaeterezae,AmphibiaWeb
Brachycephalus mirissimus,Brachycephalus mirissimus,AmphibiaWeb
Brachycephalus nanicus,Brachycephalus nanicus,AmphibiaWeb
Brachycephalus nodoterga,Brachycephalus nodoterga,AmphibiaWeb
Brachycephalus olivaceus,Brachycephalus olivaceus,AmphibiaWeb
Brachycephalus pernix,Brachycephalus pernix,AmphibiaWeb
Brachycephalus pitanga,Brachycephalus pitanga,AmphibiaWeb
Brachycephalus pombali,Brachycephalus pombali,AmphibiaWeb
Brachycephalus pulex,Brachycephalus pulex,AmphibiaWeb
Brachycephalus puri,Brachycephalus puri,AmphibiaWeb
Brachycephalus quiririensis,Brachycephalus quiririensis,AmphibiaWeb
Brachycephalus rotenbergae,Brachycephalus rotenbergae,AmphibiaWeb
Brachycephalus sulfuratus,Brachycephalus sulfuratus,AmphibiaWeb
Brachycephalus tabuleiro,Brachycephalus tabuleiro,AmphibiaWeb
Brachycephalus toby,Brachycephalus toby,AmphibiaWeb
Brachycephalus tridactylus,Brachycephalus tridactylus,AmphibiaWeb
Brachycephalus verrucosus,Brachycephalus verrucosus,AmphibiaWeb
Brachycephalus vertebralis,Brachycephalus vertebralis,AmphibiaWeb
Brachytarsophrys carinense,Brachytarsophrys carinense,AmphibiaWeb
Brachytarsophrys carinensis,Brachytarsophrys carinense,AmphibiaWeb
Brachytarsophrys chuannanensis,Brachytarsophrys chuannanensis,AmphibiaWeb
Brachytarsophrys feae,Brachytarsophrys feae,AmphibiaWeb
Brachytarsophrys guilinensis,Brachytarsophrys guilinensis,AmphibiaWeb
Brachytarsophrys intermedia,Brachytarsophrys intermedia,AmphibiaWeb
Brachytarsophrys orientalis,Brachytarsophrys orientalis,AmphibiaWeb
Brachytarsophrys platyparietus,Brachytarsophrys platyparietus,AmphibiaWeb
Brachytarsophrys popei,Brachytarsophrys popei,AmphibiaWeb
Brachytarsophrys qiannanensis,Brachytarsophrys qiannanensis,AmphibiaWeb
Brachytarsophrys wenshanensis,Brachytarsophrys wenshanensis,AmphibiaWeb
Brachytarsophrys wui,Brachytarsophrys wui,AmphibiaWeb
Bradymedusa hypochondrialis,Phyllomedusa hypochondrialis,AmphibiaWeb
Bradytriton silus,Bradytriton silus,AmphibiaWeb
Brasilotyphlus braziliensis,Brasilotyphlus braziliensis,AmphibiaWeb
Brasilotyphlus dubium,Brasilotyphlus dubium,AmphibiaWeb
Brasilotyphlus guarantanus,Brasilotyphlus guarantanus,AmphibiaWeb
Breviceps acutirostris,Breviceps acutirostris,AmphibiaWeb
Breviceps adspersus,Breviceps adspersus,AmphibiaWeb
Breviceps bagginsi,Breviceps bagginsi,AmphibiaWeb
Breviceps batrachophiliorum,Breviceps batrachophiliorum,AmphibiaWeb
Breviceps branchi,Breviceps branchi,AmphibiaWeb
Breviceps carruthersi,Breviceps carruthersi,AmphibiaWeb
Breviceps fichus,Breviceps fichus,AmphibiaWeb
Breviceps fuscus,Breviceps fuscus,AmphibiaWeb
Breviceps gibbosus,Breviceps gibbosus,AmphibiaWeb
Breviceps macrops,Breviceps macrops,AmphibiaWeb
Breviceps maculatus,Breviceps verrucosus,AmphibiaWeb
Breviceps montanus,Breviceps montanus,AmphibiaWeb
Breviceps mossambicus,Breviceps mossambicus,AmphibiaWeb
Breviceps namaquensis,Breviceps namaquensis,AmphibiaWeb
Breviceps ombelanonga,Breviceps ombelanonga,AmphibiaWeb
Breviceps passmorei,Breviceps passmorei,AmphibiaWeb
Breviceps poweri,Breviceps poweri,AmphibiaWeb
Breviceps rosei,Breviceps rosei,AmphibiaWeb
Breviceps sopranus,Breviceps sopranus,AmphibiaWeb
Breviceps sylvestris,Breviceps sylvestris,AmphibiaWeb
Breviceps verrucosus,Breviceps verrucosus,AmphibiaWeb
Bromeliohyla bromeliacia,Bromeliohyla bromeliacia,AmphibiaWeb
Bromeliohyla dendroscarta,Bromeliohyla dendroscarta,AmphibiaWeb
Bromeliohyla melacaena,Bromeliohyla melacaena,AmphibiaWeb
Bryophryne abramalagae,Bryophryne abramalagae,AmphibiaWeb
Bryophryne bakersfield,Bryophryne bakersfield,AmphibiaWeb
Bryophryne bustamantei,Bryophryne bustamantei,AmphibiaWeb
Bryophryne cophites,Bryophryne cophites,AmphibiaWeb
Bryophryne gymnotis,Qosqophryne gymnotis,AmphibiaWeb
Bryophryne hanssaueri,Bryophryne hanssaueri,AmphibiaWeb
Bryophryne nubilosus,Bryophryne nubilosus,AmphibiaWeb
Bryophryne phuyuhampatu,Bryophryne phuyuhampatu,AmphibiaWeb
Bryophryne quellokunka,Bryophryne quellokunka,AmphibiaWeb
Bryophryne tocra,Bryophryne tocra,AmphibiaWeb
Bryophryne wilakunka,Bryophryne wilakunka,AmphibiaWeb
Bryophryne zonalis,Bryophryne zonalis,AmphibiaWeb
Buergeria buergeri,Buergeria buergeri,AmphibiaWeb
Buergeria choui,Buergeria choui,AmphibiaWeb
Buergeria japonica,Buergeria japonica,AmphibiaWeb
Buergeria otai,Buergeria otai,AmphibiaWeb
Buergeria oxycephala,Buergeria oxycephala,AmphibiaWeb
Buergeria oxycephalus,Buergeria oxycephala,AmphibiaWeb
Buergeria pollicaris,Kurixalus eiffingeri,AmphibiaWeb
Buergeria robusta,Buergeria robusta,AmphibiaWeb
Buffo clamosus,Anaxyrus terrestris,AmphibiaWeb
Bufo abatus,Duttaphrynus himalayanus,AmphibiaWeb
Bufo achalensis,Rhinella achalensis,AmphibiaWeb
Bufo achavali,Rhinella achavali,AmphibiaWeb
Bufo acutirostris,Rhinella acutirostris,AmphibiaWeb
Bufo ailaoanus,Bufo ailaoanus,AmphibiaWeb
Bufo alatus,Rhinella alata,AmphibiaWeb
Bufo alvarius,Incilius alvarius,AmphibiaWeb
Bufo amabilis,Rhinella amabilis,AmphibiaWeb
Bufo amatolicus,Vandijkophrynus amatolicus,AmphibiaWeb
Bufo americanus,Anaxyrus americanus,AmphibiaWeb
Bufo amieti,Sclerophrys taiensis,AmphibiaWeb
Bufo anderssoni,Rhaebo guttatus,AmphibiaWeb
Bufo andinophrynoides,Rhaebo andinophrynoides,AmphibiaWeb
Bufo andrewsi,Bufo gargarizans,AmphibiaWeb
Bufo angusticeps,Vandijkophrynus angusticeps,AmphibiaWeb
Bufo angusticeps amatolica,Vandijkophrynus amatolicus,AmphibiaWeb
Bufo arborescandens,Rhinella arborescandens,AmphibiaWeb
Bufo arenarum,Rhinella arenarum,AmphibiaWeb
Bufo arunco,Rhinella arunco,AmphibiaWeb
Bufo asmarae,Sclerophrys asmarae,AmphibiaWeb
Bufo asper,Phrynoidis asper,AmphibiaWeb
Bufo aspinius,Bufo aspinius,AmphibiaWeb
Bufo atacamensis,Rhinella atacamensis,AmphibiaWeb
Bufo aucoinae,Incilius aucoinae,AmphibiaWeb
Bufo aurarius,Incilius aurarius,AmphibiaWeb
Bufo azarai,Rhinella azarai,AmphibiaWeb
Bufo bankorensis,Bufo gargarizans,AmphibiaWeb
Bufo baxteri,Anaxyrus baxteri,AmphibiaWeb
Bufo beiranus,Poyntonophrynus beiranus,AmphibiaWeb
Bufo bergi,Rhinella bergi,AmphibiaWeb
Bufo bernardoi,Rhinella bernardoi,AmphibiaWeb
Bufo bimaculatus,Rhinella icterica,AmphibiaWeb
Bufo biporcatus,Ingerophrynus biporcatus,AmphibiaWeb
Bufo blanfordii,Sclerophrys blanfordii,AmphibiaWeb
Bufo blombergi,Rhaebo blombergi,AmphibiaWeb
Bufo bocourti,Incilius bocourti,AmphibiaWeb
Bufo boreas,Anaxyrus boreas,AmphibiaWeb
Bufo boreas nelsoni,Anaxyrus nelsoni,AmphibiaWeb
Bufo boulengeri,Bufotes boulengeri,AmphibiaWeb
Bufo brasiliensis,Rhinella marina,AmphibiaWeb
Bufo brauni,Sclerophrys brauni,AmphibiaWeb
Bufo brevipes,Strauchbufo raddei,AmphibiaWeb
Bufo brongersmai,Barbarophryne brongersmai,AmphibiaWeb
Bufo buchneri,Sclerophrys buchneri,AmphibiaWeb
Bufo bufo,Bufo bufo,AmphibiaWeb
Bufo burmanus,Bufo pageoti,AmphibiaWeb
Bufo caeruleocellatus,Rhaebo haematiticus,AmphibiaWeb
Bufo caeruleostictus,Rhaebo caeruleostictus,AmphibiaWeb
Bufo calamita,Epidalea calamita,AmphibiaWeb
Bufo californicus,Anaxyrus californicus,AmphibiaWeb
Bufo camerunensis,Sclerophrys camerunensis,AmphibiaWeb
Bufo campbelli,Incilius campbelli,AmphibiaWeb
Bufo canaliferus,Incilius canaliferus,AmphibiaWeb
Bufo canorus,Anaxyrus canorus,AmphibiaWeb
Bufo castaneoticus,Rhinella castaneotica,AmphibiaWeb
Bufo cataulaciceps,Peltophryne cataulaciceps,AmphibiaWeb
Bufo cavifrons,Incilius cavifrons,AmphibiaWeb
Bufo celebensis,Ingerophrynus celebensis,AmphibiaWeb
Bufo centralis,Rhinella centralis,AmphibiaWeb
Bufo ceratophrys,Adhaerobufo ceratophrys,AmphibiaWeb
Bufo chavin,Rhinella chavin,AmphibiaWeb
Bufo chilensis,Rhinella arunco,AmphibiaWeb
Bufo chompipe,Incilius chompipe,AmphibiaWeb
Bufo chudeaui,Sclerophrys chudeaui,AmphibiaWeb
Bufo claviger,Ingerophrynus claviger,AmphibiaWeb
Bufo coccifer,Incilius coccifer,AmphibiaWeb
Bufo coerulescens,Incilius fastidiosus,AmphibiaWeb
Bufo cognatus,Anaxyrus cognatus,AmphibiaWeb
Bufo cognatus californicus,Anaxyrus californicus,AmphibiaWeb
Bufo compactilis,Anaxyrus compactilis,AmphibiaWeb
Bufo coniferus,Incilius coniferus,AmphibiaWeb
Bufo cophotis,Nannophryne cophotis,AmphibiaWeb
Bufo corynetes,Nannophryne corynetes,AmphibiaWeb
Bufo cristatus,Incilius cristatus,AmphibiaWeb
Bufo cristiglans,Sclerophrys cristiglans,AmphibiaWeb
Bufo cristinae,Rhinella cristinae,AmphibiaWeb
Bufo crocus,Duttaphrynus crocus,AmphibiaWeb
Bufo crucifer,Rhinella crucifer,AmphibiaWeb
Bufo cruciger,Sclerophrys pantherina,AmphibiaWeb
Bufo cryptotympanicus,Bufo cryptotympanicus,AmphibiaWeb
Bufo cycladen,Incilius cycladen,AmphibiaWeb
Bufo cyphosus,Duttaphrynus cyphosus,AmphibiaWeb
Bufo damaranus,Poyntonophrynus damaranus,AmphibiaWeb
Bufo danielae,Sclerophrys danielae,AmphibiaWeb
Bufo dapsilis,Rhinella dapsilis,AmphibiaWeb
Bufo debilis retiformis,Anaxyrus retiformis,AmphibiaWeb
Bufo diptychus,Rhinella diptycha,AmphibiaWeb
Bufo divergens,Ingerophrynus divergens,AmphibiaWeb
Bufo djohongensis,Sclerophrys djohongensis,AmphibiaWeb
Bufo dombensis,Poyntonophrynus dombensis,AmphibiaWeb
Bufo dombensis damaranus,Poyntonophrynus damaranus,AmphibiaWeb
Bufo dorbignyi,Rhinella dorbignyi,AmphibiaWeb
Bufo ehlersi,Incilius coniferus,AmphibiaWeb
Bufo eichwaldi,Bufo eichwaldi,AmphibiaWeb
Bufo empusus,Peltophryne empusa,AmphibiaWeb
Bufo exiguus,Bufo exiguus,AmphibiaWeb
Bufo exsul,Anaxyrus exsul,AmphibiaWeb
Bufo fastidiosus,Incilius fastidiosus,AmphibiaWeb
Bufo fenoulheti,Poyntonophrynus fenoulheti,AmphibiaWeb
Bufo fenoulheti damaranus,Poyntonophrynus damaranus,AmphibiaWeb
Bufo fissipes,Rhinella fissipes,AmphibiaWeb
Bufo fluviaticus,Peltophryne fluviatica,AmphibiaWeb
Bufo formosus,Bufo formosus,AmphibiaWeb
Bufo fowleri,Anaxyrus fowleri,AmphibiaWeb
Bufo fuliginatus,Sclerophrys fuliginata,AmphibiaWeb
Bufo fuligineus,Ansonia fuliginea,AmphibiaWeb
Bufo funereus,Sclerophrys funerea,AmphibiaWeb
Bufo funereus djohongensis,Sclerophrys djohongensis,AmphibiaWeb
Bufo fuscus,Pelobates fuscus,AmphibiaWeb
Bufo fustiger,Peltophryne fustiger,AmphibiaWeb
Bufo gabbi,Incilius coniferus,AmphibiaWeb
Bufo galeatus,Ingerophrynus galeatus,AmphibiaWeb
Bufo gallardoi,Rhinella gallardoi,AmphibiaWeb
Bufo gargarizans,Bufo gargarizans,AmphibiaWeb
Bufo gariepensis,Vandijkophrynus gariepensis,AmphibiaWeb
Bufo gariepensis inyangae,Vandijkophrynus inyangae,AmphibiaWeb
Bufo garmani,Sclerophrys garmani,AmphibiaWeb
Bufo gemmifer,Incilius gemmifer,AmphibiaWeb
Bufo glaberrimus,Rhaebo glaberrimus,AmphibiaWeb
Bufo globulosus,Rhinella granulosa,AmphibiaWeb
Bufo gnustae,Rhinella gnustae,AmphibiaWeb
Bufo gracilipes,Sclerophrys gracilipes,AmphibiaWeb
Bufo grandisonae,Poyntonophrynus grandisonae,AmphibiaWeb
Bufo granulosus,Rhinella granulosa,AmphibiaWeb
Bufo guanacaste,Incilius guanacaste,AmphibiaWeb
Bufo guentheri,Peltophryne guentheri,AmphibiaWeb
Bufo gundlachi,Peltophryne gundlachi,AmphibiaWeb
Bufo guntheri,Peltophryne guentheri,AmphibiaWeb
Bufo guttatus,Rhaebo guttatus,AmphibiaWeb
Bufo gutturalis,Sclerophrys gutturalis,AmphibiaWeb
Bufo haematiticus,Rhaebo haematiticus,AmphibiaWeb
Bufo halophilus nelsoni,Anaxyrus nelsoni,AmphibiaWeb
Bufo hemiophrys,Anaxyrus hemiophrys,AmphibiaWeb
Bufo hemiophrys baxteri,Anaxyrus baxteri,AmphibiaWeb
Bufo hemiophrys hemiophrys,Anaxyrus hemiophrys,AmphibiaWeb
Bufo himalayanus,Duttaphrynus himalayanus,AmphibiaWeb
Bufo hoeschi,Poyntonophrynus hoeschi,AmphibiaWeb
Bufo holdridgei,Incilius holdridgei,AmphibiaWeb
Bufo houstonensis,Anaxyrus houstonensis,AmphibiaWeb
Bufo humboldti,Rhinella humboldti,AmphibiaWeb
Bufo hypomelas,Rhaebo hypomelas,AmphibiaWeb
Bufo ibarrai,Incilius ibarrai,AmphibiaWeb
Bufo ictericus,Rhinella icterica,AmphibiaWeb
Bufo inca,Rhinella inca,AmphibiaWeb
Bufo intermedius,Incilius intermedius,AmphibiaWeb
Bufo inyangae,Vandijkophrynus inyangae,AmphibiaWeb
Bufo iserni,Rhinella iserni,AmphibiaWeb
Bufo japonicus,Bufo praetextatus,AmphibiaWeb
Bufo japonicus formosus,Bufo formosus,AmphibiaWeb
Bufo japonicus japonicus,Bufo praetextatus,AmphibiaWeb
Bufo justinianoi,Rhinella justinianoi,AmphibiaWeb
Bufo juxtasper,Phrynoidis juxtasper,AmphibiaWeb
Bufo kabischi,Bufo gargarizans,AmphibiaWeb
Bufo karenlipsae,Incilius karenlipsae,AmphibiaWeb
Bufo kassasii,Sclerophrys kassasii,AmphibiaWeb
Bufo kavangensis,Poyntonophrynus kavangensis,AmphibiaWeb
Bufo kelloggi,Anaxyrus kelloggi,AmphibiaWeb
Bufo kerinyagae,Sclerophrys kerinyagae,AmphibiaWeb
Bufo kiphirensis,Duttaphrynus kiphirensis,AmphibiaWeb
Bufo kisoloensis,Sclerophrys kisoloensis,AmphibiaWeb
Bufo koslovi,Strauchbufo raddei,AmphibiaWeb
Bufo kumquat,Ingerophrynus kumquat,AmphibiaWeb
Bufo langanoensis,Sclerophrys langanoensis,AmphibiaWeb
Bufo latastii,Bufotes latastii,AmphibiaWeb
Bufo latastii pseudoraddei,Bufotes pseudoraddei,AmphibiaWeb
Bufo latifrons,Sclerophrys latifrons,AmphibiaWeb
Bufo lemairii,Sclerophrys lemairii,AmphibiaWeb
Bufo lemur,Peltophryne lemur,AmphibiaWeb
Bufo leucomyos,Incilius leucomyos,AmphibiaWeb
Bufo limensis,Rhinella limensis,AmphibiaWeb
Bufo lindneri,Mertensophryne lindneri,AmphibiaWeb
Bufo longinasus,Peltophryne longinasus,AmphibiaWeb
Bufo lonnbergi,Mertensophryne lonnbergi,AmphibiaWeb
Bufo luchunnicus,Bufo luchunnicus,AmphibiaWeb
Bufo luetkenii,Incilius luetkenii,AmphibiaWeb
Bufo lughensis,Poyntonophrynus lughensis,AmphibiaWeb
Bufo luristanicus,Bufotes luristanicus,AmphibiaWeb
Bufo macrocristatus,Incilius macrocristatus,AmphibiaWeb
Bufo macrotis,Ingerophrynus macrotis,AmphibiaWeb
Bufo maculatus,Sclerophrys maculata,AmphibiaWeb
Bufo major,Rhinella major,AmphibiaWeb
Bufo majordomus,Incilius majordomus,AmphibiaWeb
Bufo mamitensis,Duttaphrynus mamitensis,AmphibiaWeb
Bufo manicorensis,Rhinella granulosa,AmphibiaWeb
Bufo manipurensis,Duttaphrynus manipurensis,AmphibiaWeb
Bufo margaritifer,Rhinella margaritifera,AmphibiaWeb
Bufo marinus,Rhinella marina,AmphibiaWeb
Bufo marmoratus,Dendropsophus marmoratus,AmphibiaWeb
Bufo marmoreus,Incilius marmoreus,AmphibiaWeb
Bufo mauritanicus,Sclerophrys mauritanica,AmphibiaWeb
Bufo mazatlanensis,Incilius mazatlanensis,AmphibiaWeb
Bufo mccoyi,Incilius mccoyi,AmphibiaWeb
Bufo melanochloris,Incilius melanochlorus,AmphibiaWeb
Bufo melanochlorus,Incilius melanochlorus,AmphibiaWeb
Bufo melanogaster,Rhaebo haematiticus,AmphibiaWeb
Bufo melanopleura,Mertensophryne melanopleura,AmphibiaWeb
Bufo melanostictus,Duttaphrynus melanostictus,AmphibiaWeb
Bufo melini,Rhaebo guttatus,AmphibiaWeb
Bufo menglianus,Bufo menglianus,AmphibiaWeb
Bufo merianae,Rhinella merianae,AmphibiaWeb
Bufo mexicanus,Anaxyrus mexicanus,AmphibiaWeb
Bufo microscaphus,Anaxyrus microscaphus,AmphibiaWeb
Bufo microscaphus californicus,Anaxyrus californicus,AmphibiaWeb
Bufo microscaphus microscaphus,Anaxyrus microscaphus,AmphibiaWeb
Bufo microtympanum,Duttaphrynus microtympanum,AmphibiaWeb
Bufo minshanicus,Bufo gargarizans,AmphibiaWeb
Bufo mirandaribeiroi,Rhinella mirandaribeiroi,AmphibiaWeb
Bufo missionum,Rhinella icterica,AmphibiaWeb
Bufo mizoramensis,Duttaphrynus mizoramensis,AmphibiaWeb
Bufo mocquardi,Mertensophryne mocquardi,AmphibiaWeb
Bufo molitor,Rhinella poeppigii,AmphibiaWeb
Bufo monfontanus,Anaxyrus monfontanus,AmphibiaWeb
Bufo nagalandensis,Duttaphrynus nagalandensis,AmphibiaWeb
Bufo nasicus,Adhaerobufo nasicus,AmphibiaWeb
Bufo nattereri,Rhinella nattereri,AmphibiaWeb
Bufo nebulifer,Incilius nebulifer,AmphibiaWeb
Bufo nelsoni,Anaxyrus nelsoni,AmphibiaWeb
Bufo nesiotes,Rhinella nesiotes,AmphibiaWeb
Bufo nevadensis,Anaxyrus nevadensis,AmphibiaWeb
Bufo nigricans,Rhinella spinulosa,AmphibiaWeb
Bufo noellerti,Duttaphrynus noellerti,AmphibiaWeb
Bufo nyikae,Mertensophryne nyikae,AmphibiaWeb
Bufo oblongus,Bufotes oblongus,AmphibiaWeb
Bufo occidentalis,Incilius occidentalis,AmphibiaWeb
Bufo ocellatus,Rhinella ocellata,AmphibiaWeb
Bufo orbignyi,Rhinella dorbignyi,AmphibiaWeb
Bufo ornatus,Rhinella ornata,AmphibiaWeb
Bufo pageoti,Bufo pageoti,AmphibiaWeb
Bufo pantherinus,Sclerophrys pantherina,AmphibiaWeb
Bufo paracnemis,Rhinella schneideri,AmphibiaWeb
Bufo paraguayensis,Rhinella paraguas,AmphibiaWeb
Bufo pardalis,Sclerophrys pardalis,AmphibiaWeb
Bufo parkeri,Poyntonophrynus parkeri,AmphibiaWeb
Bufo parvus,Ingerophrynus parvus,AmphibiaWeb
Bufo peltacephalus fustiger,Peltophryne fustiger,AmphibiaWeb
Bufo peltocephalus,Peltophryne peltocephala,AmphibiaWeb
Bufo pentoni,Sclerophrys pentoni,AmphibiaWeb
Bufo periglenes,Incilius periglenes,AmphibiaWeb
Bufo peripatetes,Incilius peripatetes,AmphibiaWeb
Bufo perplexus,Incilius perplexus,AmphibiaWeb
Bufo perreti,Sclerophrys perreti,AmphibiaWeb
Bufo pewzowi,Bufotes pewzowi,AmphibiaWeb
Bufo philippinicus,Ingerophrynus philippinicus,AmphibiaWeb
Bufo pisinnus,Incilius pisinnus,AmphibiaWeb
Bufo poeppigii,Rhinella poeppigii,AmphibiaWeb
Bufo politus,Anaxyrus boreas,AmphibiaWeb
Bufo porteri,Incilius porteri,AmphibiaWeb
Bufo poweri,Sclerophrys poweri,AmphibiaWeb
Bufo praetextatus,Bufo praetextatus,AmphibiaWeb
Bufo preussi,Werneria preussi,AmphibiaWeb
Bufo pseudoraddei,Bufotes pseudoraddei,AmphibiaWeb
Bufo punctatus,Anaxyrus punctatus,AmphibiaWeb
Bufo pygmaeus,Rhinella pygmaea,AmphibiaWeb
Bufo quadriporcatus,Ingerophrynus quadriporcatus,AmphibiaWeb
Bufo quechua,Rhinella quechua,AmphibiaWeb
Bufo quercicus,Anaxyrus quercicus,AmphibiaWeb
Bufo raddei,Strauchbufo raddei,AmphibiaWeb
Bufo rangeri,Sclerophrys capensis,AmphibiaWeb
Bufo reesi,Sclerophrys reesi,AmphibiaWeb
Bufo regularis,Sclerophrys regularis,AmphibiaWeb
Bufo regularis kisoloensis,Sclerophrys kisoloensis,AmphibiaWeb
Bufo regularis marakwetensis,Sclerophrys kisoloensis,AmphibiaWeb
Bufo regularis pardalis,Sclerophrys pardalis,AmphibiaWeb
Bufo regularis poweri,Sclerophrys poweri,AmphibiaWeb
Bufo regularis rangeri,Sclerophrys capensis,AmphibiaWeb
Bufo retiformis,Anaxyrus retiformis,AmphibiaWeb
Bufo robinsoni,Vandijkophrynus robinsoni,AmphibiaWeb
Bufo roqueanus,Rhinella roqueana,AmphibiaWeb
Bufo rostratus,Rhinella rostrata,AmphibiaWeb
Bufo rubescens,Rhinella rubescens,AmphibiaWeb
Bufo rubropunctatus,Rhinella rubropunctata,AmphibiaWeb
Bufo rubroventromaculatus,Bufo rubroventromaculatus,AmphibiaWeb
Bufo rufus,Rhinella rubescens,AmphibiaWeb
Bufo rumbolli,Rhinella rumbolli,AmphibiaWeb
Bufo sachalinensis,Bufo sachalinensis,AmphibiaWeb
Bufo schmidti,Mertensophryne schmidti,AmphibiaWeb
Bufo schneideri,Rhinella schneideri,AmphibiaWeb
Bufo scitulus,Rhinella scitula,AmphibiaWeb
Bufo sclerocephalus,Rhinella sclerocephala,AmphibiaWeb
Bufo signifer,Incilius signifer,AmphibiaWeb
Bufo simus,Rhinella spinulosa,AmphibiaWeb
Bufo speciosus,Anaxyrus speciosus,AmphibiaWeb
Bufo spiculatus,Incilius spiculatus,AmphibiaWeb
Bufo spinosus,Bufo spinosus,AmphibiaWeb
Bufo spinulosus,Rhinella spinulosa,AmphibiaWeb
Bufo spinulosus atacamensis,Rhinella atacamensis,AmphibiaWeb
Bufo stanlaii,Rhinella stanlaii,AmphibiaWeb
Bufo steindachneri,Sclerophrys steindachneri,AmphibiaWeb
Bufo stejnegeri,Bufo stejnegeri,AmphibiaWeb
Bufo sternosignatus,Rhinella sternosignata,AmphibiaWeb
Bufo superciliaris,Sclerophrys superciliaris,AmphibiaWeb
Bufo surdus,Bufotes surdus,AmphibiaWeb
Bufo tacanensis,Incilius tacanensis,AmphibiaWeb
Bufo taiensis,Sclerophrys taiensis,AmphibiaWeb
Bufo taitanus,Mertensophryne taitana,AmphibiaWeb
Bufo taitanus beiranus,Poyntonophrynus beiranus,AmphibiaWeb
Bufo taitanus nyikae,Mertensophryne nyikae,AmphibiaWeb
Bufo taitanus uzunguensis,Mertensophryne uzunguensis,AmphibiaWeb
Bufo taladai,Peltophryne taladai,AmphibiaWeb
Bufo taxkorensis,Bufotes pewzowi,AmphibiaWeb
Bufo terrestris,Anaxyrus terrestris,AmphibiaWeb
Bufo tibetanus,Bufo gargarizans,AmphibiaWeb
Bufo togoensis,Sclerophrys togoensis,AmphibiaWeb
Bufo torrenticola,Bufo torrenticola,AmphibiaWeb
Bufo totol,Duttaphrynus totol,AmphibiaWeb
Bufo trachypus,Incilius valliceps,AmphibiaWeb
Bufo tuberculatus,Bufo tuberculatus,AmphibiaWeb
Bufo tuberospinius,Bufo tuberospinius,AmphibiaWeb
Bufo tuberosus,Sclerophrys tuberosa,AmphibiaWeb
Bufo turanensis,Bufotes turanensis,AmphibiaWeb
Bufo turkanae,Sclerophrys turkanae,AmphibiaWeb
Bufo tutelarius,Incilius tutelarius,AmphibiaWeb
Bufo typhonius,Hoplobatrachus tigerinus,AmphibiaWeb
Bufo typhonius roqueanus,Rhinella roqueana,AmphibiaWeb
Bufo urunguensis,Sclerophrys urunguensis,AmphibiaWeb
Bufo uzunguensis,Mertensophryne uzunguensis,AmphibiaWeb
Bufo valliceps,Incilius valliceps,AmphibiaWeb
Bufo valliceps macrocristatus,Incilius macrocristatus,AmphibiaWeb
Bufo valliceps valliceps,Incilius valliceps,AmphibiaWeb
Bufo variegatus,Nannophryne variegata,AmphibiaWeb
Bufo vellardi,Rhinella vellardi,AmphibiaWeb
Bufo veraguensis,Rhinella veraguensis,AmphibiaWeb
Bufo verrucosissimus,Bufo bufo,AmphibiaWeb
Bufo vertebralis,Poyntonophrynus vertebralis,AmphibiaWeb
Bufo villiersi,Sclerophrys villiersi,AmphibiaWeb
Bufo viridis,Bufotes viridis,AmphibiaWeb
Bufo viridis pseudoraddei,Bufotes pseudoraddei,AmphibiaWeb
Bufo vittatus,Sclerophrys vittata,AmphibiaWeb
Bufo williamsi,Anaxyrus williamsi,AmphibiaWeb
Bufo wokhaensis,Duttaphrynus wokhaensis,AmphibiaWeb
Bufo wolongensis,Bufo gargarizans,AmphibiaWeb
Bufo woodhousei hemiophrys,Anaxyrus hemiophrys,AmphibiaWeb
Bufo woodhousii fowleri,Anaxyrus fowleri,AmphibiaWeb
Bufo woodhousii velatus,Anaxyrus fowleri,AmphibiaWeb
Bufo woodhousii woodhousii,Anaxyrus woodhousii,AmphibiaWeb
Bufo xeros,Sclerophrys xeros,AmphibiaWeb
Bufo yunlingensis,Bufo yunlingensis,AmphibiaWeb
Bufo zugmayeri,Bufotes zugmayeri,AmphibiaWeb
Bufoides bhupathyi,Bufoides bhupathyi,AmphibiaWeb
Bufoides kempi,Bufoides kempi,AmphibiaWeb
Bufoides meghalayanus,Bufoides meghalayanus,AmphibiaWeb
Bufotes balearicus,Bufotes balearicus,AmphibiaWeb
Bufotes baturae,Bufotes baturae,AmphibiaWeb
Bufotes boulengeri,Bufotes boulengeri,AmphibiaWeb
Bufotes cypriensis,Bufotes cypriensis,AmphibiaWeb
Bufotes latastii,Bufotes latastii,AmphibiaWeb
Bufotes luristanicus,Bufotes luristanicus,AmphibiaWeb
Bufotes oblongus,Bufotes oblongus,AmphibiaWeb
Bufotes perrini,Bufotes perrini,AmphibiaWeb
Bufotes pewzowi,Bufotes pewzowi,AmphibiaWeb
Bufotes pseudoraddei,Bufotes pseudoraddei,AmphibiaWeb
Bufotes shaartusiensis,Bufotes turanensis,AmphibiaWeb
Bufotes siculus,Bufotes boulengeri,AmphibiaWeb
Bufotes sitibundus,Bufotes sitibundus,AmphibiaWeb
Bufotes surdus,Bufotes surdus,AmphibiaWeb
Bufotes turanensis,Bufotes turanensis,AmphibiaWeb
Bufotes variabilis,Bufotes viridis,AmphibiaWeb
Bufotes viridis,Bufotes viridis,AmphibiaWeb
Bufotes zamdaensis,Bufotes pseudoraddei,AmphibiaWeb
Bufotes zugmayeri,Bufotes zugmayeri,AmphibiaWeb
Cacophryne borbonica,Leptophryne borbonica,AmphibiaWeb
Cacosternum aggestum,Cacosternum aggestum,AmphibiaWeb
Cacosternum australis,Cacosternum australis,AmphibiaWeb
Cacosternum boettgeri,Cacosternum boettgeri,AmphibiaWeb
Cacosternum capense,Cacosternum capense,AmphibiaWeb
Cacosternum cederbergense,Cacosternum cederbergense,AmphibiaWeb
Cacosternum karooicum,Cacosternum karooicum,AmphibiaWeb
Cacosternum kinangopensis,Cacosternum kinangopensis,AmphibiaWeb
Cacosternum leleupi,Cacosternum leleupi,AmphibiaWeb
Cacosternum namaquense,Cacosternum namaquense,AmphibiaWeb
Cacosternum nanogularum,Cacosternum nanogularum,AmphibiaWeb
Cacosternum nanum,Cacosternum nanum,AmphibiaWeb
Cacosternum parvum,Cacosternum parvum,AmphibiaWeb
Cacosternum platys,Cacosternum platys,AmphibiaWeb
Cacosternum plimptoni,Cacosternum plimptoni,AmphibiaWeb
Cacosternum poyntoni,Cacosternum poyntoni,AmphibiaWeb
Cacosternum rhythmum,Cacosternum rhythmum,AmphibiaWeb
Cacosternum striatum,Cacosternum striatum,AmphibiaWeb
Cacosternum thorini,Cacosternum thorini,AmphibiaWeb
Caecilia abitaguae,Caecilia abitaguae,AmphibiaWeb
Caecilia albiventris,Caecilia albiventris,AmphibiaWeb
Caecilia antioquiaensis,Caecilia antioquiaensis,AmphibiaWeb
Caecilia aprix,Caecilia aprix,AmphibiaWeb
Caecilia armata,Caecilia armata,AmphibiaWeb
Caecilia atelolepis,Caecilia atelolepis,AmphibiaWeb
Caecilia attenuata,Caecilia attenuata,AmphibiaWeb
Caecilia bokermanni,Caecilia bokermanni,AmphibiaWeb
Caecilia caribea,Caecilia caribea,AmphibiaWeb
Caecilia corpulenta,Caecilia corpulenta,AmphibiaWeb
Caecilia crassisquama,Caecilia crassisquama,AmphibiaWeb
Caecilia decipiens,Caecilia decipiens,AmphibiaWeb
Caecilia degenerata,Caecilia degenerata,AmphibiaWeb
Caecilia disossea,Caecilia disossea,AmphibiaWeb
Caecilia dunni,Caecilia dunni,AmphibiaWeb
Caecilia epicrionopsoides,Caecilia epicrionopsoides,AmphibiaWeb
Caecilia flavopunctata,Caecilia flavopunctata,AmphibiaWeb
Caecilia gracilis,Caecilia gracilis,AmphibiaWeb
Caecilia guntheri,Caecilia guntheri,AmphibiaWeb
Caecilia inca,Caecilia inca,AmphibiaWeb
Caecilia isthmica,Caecilia isthmica,AmphibiaWeb
Caecilia leucocephala,Caecilia leucocephala,AmphibiaWeb
Caecilia macrodonta,Caecilia macrodonta,AmphibiaWeb
Caecilia marcusi,Caecilia marcusi,AmphibiaWeb
Caecilia marielae,Caecilia marielae,AmphibiaWeb
Caecilia mertensi,Caecilia mertensi,AmphibiaWeb
Caecilia museugoeldi,Caecilia museugoeldi,AmphibiaWeb
Caecilia nigricans,Caecilia nigricans,AmphibiaWeb
Caecilia occidentalis,Caecilia occidentalis,AmphibiaWeb
Caecilia orientalis,Caecilia orientalis,AmphibiaWeb
Caecilia pachynema,Caecilia pachynema,AmphibiaWeb
Caecilia peltastes,Caecilia peltastes,AmphibiaWeb
Caecilia perdita,Caecilia perdita,AmphibiaWeb
Caecilia pressula,Caecilia tentaculata,AmphibiaWeb
Caecilia pulchraserrana,Caecilia pulchraserrana,AmphibiaWeb
Caecilia subdermalis,Caecilia subdermalis,AmphibiaWeb
Caecilia subnigricans,Caecilia subnigricans,AmphibiaWeb
Caecilia subterminalis,Caecilia subterminalis,AmphibiaWeb
Caecilia tentaculata,Caecilia tentaculata,AmphibiaWeb
Caecilia tenuissima,Caecilia tenuissima,AmphibiaWeb
Caecilia tesoro,Caecilia tesoro,AmphibiaWeb
Caecilia thompsoni,Caecilia thompsoni,AmphibiaWeb
Caecilia truncata,Caecilia truncata,AmphibiaWeb
Caecilia volcani,Caecilia volcani,AmphibiaWeb
Caecilia wilkinsoni,Caecilia wilkinsoni,AmphibiaWeb
Caecilia yaigoje,Caecilia yaigoje,AmphibiaWeb
Calamita cinereus,Hyla cinerea,AmphibiaWeb
Calamita hypochondrialis,Phyllomedusa hypochondrialis,AmphibiaWeb
Caligophryne doylei,Caligophryne doylei,AmphibiaWeb
Callimedusa atelopoides,Phyllomedusa atelopoides,AmphibiaWeb
Callimedusa baltea,Phyllomedusa baltea,AmphibiaWeb
Callimedusa duellmani,Phyllomedusa duellmani,AmphibiaWeb
Callimedusa ecuatoriana,Phyllomedusa ecuatoriana,AmphibiaWeb
Callimedusa perinesos,Phyllomedusa perinesos,AmphibiaWeb
Callimedusa tomopterna,Phyllomedusa tomopterna,AmphibiaWeb
Callixalus pictus,Callixalus pictus,AmphibiaWeb
Callulina dawida,Callulina dawida,AmphibiaWeb
Callulina hanseni,Callulina hanseni,AmphibiaWeb
Callulina kanga,Callulina kanga,AmphibiaWeb
Callulina kisiwamsitu,Callulina kisiwamsitu,AmphibiaWeb
Callulina kreffti,Callulina kreffti,AmphibiaWeb
Callulina laphami,Callulina laphami,AmphibiaWeb
Callulina meteora,Callulina meteora,AmphibiaWeb
Callulina shengena,Callulina shengena,AmphibiaWeb
Callulina stanleyi,Callulina stanleyi,AmphibiaWeb
Callulops argus,Callulops argus,AmphibiaWeb
Callulops biakensis,Callulops biakensis,AmphibiaWeb
Callulops bicolor,Callulops bicolor,AmphibiaWeb
Callulops boettgeri,Callulops boettgeri,AmphibiaWeb
Callulops comptus,Callulops comptus,AmphibiaWeb
Callulops dubius,Callulops dubius,AmphibiaWeb
Callulops eremnosphax,Callulops eremnosphax,AmphibiaWeb
Callulops fojaensis,Callulops fojaensis,AmphibiaWeb
Callulops fuscus,Callulops fuscus,AmphibiaWeb
Callulops glandulosus,Callulops glandulosus,AmphibiaWeb
Callulops gobakula,Callulops gobakula,AmphibiaWeb
Callulops humicola,Callulops humicola,AmphibiaWeb
Callulops kopsteini,Callulops kopsteini,AmphibiaWeb
Callulops marmoratus,Callulops marmoratus,AmphibiaWeb
Callulops mediodiscus,Callulops mediodiscus,AmphibiaWeb
Callulops microtis,Callulops microtis,AmphibiaWeb
Callulops neuhaussi,Callulops neuhaussi,AmphibiaWeb
Callulops omnistriatus,Callulops omnistriatus,AmphibiaWeb
Callulops personatus,Callulops personatus,AmphibiaWeb
Callulops robustus,Callulops robustus,AmphibiaWeb
Callulops sagittatus,Callulops sagittatus,AmphibiaWeb
Callulops stellatus,Callulops stellatus,AmphibiaWeb
Callulops stictogaster,Callulops stictogaster,AmphibiaWeb
Callulops taxispilotus,Callulops taxispilotus,AmphibiaWeb
Callulops valvifer,Callulops valvifer,AmphibiaWeb
Callulops wilhelmanus,Callulops wilhelmanus,AmphibiaWeb
Callulops wondiwoiensis,Callulops wondiwoiensis,AmphibiaWeb
Callulops yapenensis,Callulops yapenensis,AmphibiaWeb
Calophrynus acutirostris,Kalophrynus pleurostigma,AmphibiaWeb
Calotriton arnoldi,Calotriton arnoldi,AmphibiaWeb
Calotriton asper,Calotriton asper,AmphibiaWeb
Calyptocephalella gayi,Calyptocephalella gayi,AmphibiaWeb
Calyptocephalus gayi,Calyptocephalella gayi,AmphibiaWeb
Capensibufo deceptus,Capensibufo deceptus,AmphibiaWeb
Capensibufo magistratus,Capensibufo magistratus,AmphibiaWeb
Capensibufo rosei,Capensibufo rosei,AmphibiaWeb
Capensibufo selenophos,Capensibufo selenophos,AmphibiaWeb
Capensibufo tradouwi,Capensibufo tradouwi,AmphibiaWeb
Cardioglossa alsco,Cardioglossa alsco,AmphibiaWeb
Cardioglossa annulata,Cardioglossa annulata,AmphibiaWeb
Cardioglossa congolia,Cardioglossa congolia,AmphibiaWeb
Cardioglossa cyaneospila,Cardioglossa cyaneospila,AmphibiaWeb
Cardioglossa elegans,Cardioglossa elegans,AmphibiaWeb
Cardioglossa escalerae,Cardioglossa escalerae,AmphibiaWeb
Cardioglossa gracilis,Cardioglossa gracilis,AmphibiaWeb
Cardioglossa gratiosa,Cardioglossa gratiosa,AmphibiaWeb
Cardioglossa inornata,Cardioglossa inornata,AmphibiaWeb
Cardioglossa leucomystax,Cardioglossa leucomystax,AmphibiaWeb
Cardioglossa manengouba,Cardioglossa oreas,AmphibiaWeb
Cardioglossa melanogaster,Cardioglossa melanogaster,AmphibiaWeb
Cardioglossa nigromaculata,Cardioglossa nigromaculata,AmphibiaWeb
Cardioglossa occidentalis,Cardioglossa occidentalis,AmphibiaWeb
Cardioglossa oreas,Cardioglossa oreas,AmphibiaWeb
Cardioglossa oreas manengouba,Cardioglossa oreas,AmphibiaWeb
Cardioglossa pulchra,Cardioglossa pulchra,AmphibiaWeb
Cardioglossa schioetzi,Cardioglossa schioetzi,AmphibiaWeb
Cardioglossa trifasciata,Cardioglossa trifasciata,AmphibiaWeb
Cardioglossa venusta,Cardioglossa venusta,AmphibiaWeb
Carichyla bicolor,Carichyla bicolor,AmphibiaWeb
Carichyla viranula,Carichyla viranula,AmphibiaWeb
Caudiverbera caudiverbera,Calyptocephalella gayi,AmphibiaWeb
Cauphias crassus,Sarcohyla crassa,AmphibiaWeb
Celsiella revocata,Celsiella revocata,AmphibiaWeb
Celsiella vozmedianoi,Celsiella vozmedianoi,AmphibiaWeb
Centrolene acanthidiocephalum,Centrolene acanthidiocephalum,AmphibiaWeb
Centrolene altitudinale,Centrolene altitudinalis,AmphibiaWeb
Centrolene altitudinalis,Centrolene altitudinalis,AmphibiaWeb
Centrolene antioquiense,Centrolene antioquiense,AmphibiaWeb
Centrolene azulae,Centrolene azulae,AmphibiaWeb
Centrolene bacatum,Centrolene sanchezi,AmphibiaWeb
Centrolene balionotum,Nymphargus balionotus,AmphibiaWeb
Centrolene ballux,Centrolene ballux,AmphibiaWeb
Centrolene buckleyi,Centrolene buckleyi,AmphibiaWeb
Centrolene camposi,Centrolene camposi,AmphibiaWeb
Centrolene charapita,Centrolene charapita,AmphibiaWeb
Centrolene condor,Centrolene condor,AmphibiaWeb
Centrolene daidalea,Centrolene daidalea,AmphibiaWeb
Centrolene daidaleum,Centrolene daidalea,AmphibiaWeb
Centrolene elisae,Centrolene elisae,AmphibiaWeb
Centrolene ericsmithi,Centrolene ericsmithi,AmphibiaWeb
Centrolene fernandoi,Espadarana audax,AmphibiaWeb
Centrolene geckoideum,Centrolene geckoideum,AmphibiaWeb
Centrolene gemmatum,Centrolene lynchi,AmphibiaWeb
Centrolene guanacarum,Centrolene sanchezi,AmphibiaWeb
Centrolene heloderma,Centrolene heloderma,AmphibiaWeb
Centrolene hesperium,Centrolene hesperium,AmphibiaWeb
Centrolene huilense,Centrolene huilense,AmphibiaWeb
Centrolene hybrida,Centrolene hybrida,AmphibiaWeb
Centrolene kutuku,Centrolene kutuku,AmphibiaWeb
Centrolene lemniscatum,Centrolene lemniscatum,AmphibiaWeb
Centrolene lynchi,Centrolene lynchi,AmphibiaWeb
Centrolene marcoreyesi,Centrolene marcoreyesi,AmphibiaWeb
Centrolene medemi,Centrolene medemi,AmphibiaWeb
Centrolene muelleri,Centrolene muelleri,AmphibiaWeb
Centrolene notosticta,Centrolene notosticta,AmphibiaWeb
Centrolene ocellifera,Cochranella ocellifera,AmphibiaWeb
Centrolene paezorum,Centrolene paezorum,AmphibiaWeb
Centrolene peristicta,Centrolene peristicta,AmphibiaWeb
Centrolene peristictum,Centrolene peristicta,AmphibiaWeb
Centrolene petrophilum,Centrolene petrophilum,AmphibiaWeb
Centrolene pipilatum,Centrolene pipilatum,AmphibiaWeb
Centrolene prosoblepon,Cochranella ocellifera,AmphibiaWeb
Centrolene puyoense,Nymphargus mariae,AmphibiaWeb
Centrolene quindianum,Centrolene quindianum,AmphibiaWeb
Centrolene ritae,Vitreorana ritae,AmphibiaWeb
Centrolene robledoi,Centrolene robledoi,AmphibiaWeb
Centrolene sabini,Centrolene sabini,AmphibiaWeb
Centrolene sanchezi,Centrolene sanchezi,AmphibiaWeb
Centrolene savagei,Centrolene savagei,AmphibiaWeb
Centrolene scirtetes,Centrolene lynchi,AmphibiaWeb
Centrolene solitaria,Centrolene solitaria,AmphibiaWeb
Centrolene venezuelense,Centrolene venezuelense,AmphibiaWeb
Centrolene zarza,Centrolene zarza,AmphibiaWeb
Centrolenella chirripoi,Hyalinobatrachium chirripoi,AmphibiaWeb
Centrolenella colymbiphyllum,Hyalinobatrachium colymbiphyllum,AmphibiaWeb
Centrolenella estevesi,Hyloscirtus estevesi,AmphibiaWeb
Centrolenella fleischmanni,Hyalinobatrachium fleischmanni,AmphibiaWeb
Centrolenella orientalis,Hyalinobatrachium orientale,AmphibiaWeb
Centrolenella orientalis tobagoensis,Hyalinobatrachium orientale,AmphibiaWeb
Centrolenella orocostalis,Hyalinobatrachium orientale,AmphibiaWeb
Centrolenella prosoblepon,Cochranella ocellifera,AmphibiaWeb
Centrolenella ritae,Vitreorana ritae,AmphibiaWeb
Centrolenella spinosa,Teratohyla spinosa,AmphibiaWeb
Cerathyla braconnieri,Hemiphractus bubalus,AmphibiaWeb
Cerathyla bubalus,Hemiphractus bubalus,AmphibiaWeb
Cerathyla cristata,Hemiphractus proboscideus,AmphibiaWeb
Cerathyla fasciatus,Hemiphractus fasciatus,AmphibiaWeb
Cerathyla palmarum,Hemiphractus bubalus,AmphibiaWeb
Cerathyla panamensis,Hemiphractus fasciatus,AmphibiaWeb
Cerathyla proboscidea,Hemiphractus proboscideus,AmphibiaWeb
Ceratobatrachus guentheri,Cornufer guentheri,AmphibiaWeb
Ceratohyla cristata,Hemiphractus proboscideus,AmphibiaWeb
Ceratophrys appendiculata,Proceratophrys appendiculata,AmphibiaWeb
Ceratophrys aspera,Lepidobatrachus asper,AmphibiaWeb
Ceratophrys aurita,Ceratophrys aurita,AmphibiaWeb
Ceratophrys bigibbosa,Proceratophrys bigibbosa,AmphibiaWeb
Ceratophrys boiei,Proceratophrys boiei,AmphibiaWeb
Ceratophrys calcarata,Ceratophrys calcarata,AmphibiaWeb
Ceratophrys cornuta,Ceratophrys cornuta,AmphibiaWeb
Ceratophrys cranwelli,Ceratophrys cranwelli,AmphibiaWeb
Ceratophrys cristiceps,Proceratophrys cristiceps,AmphibiaWeb
Ceratophrys fryi,Proceratophrys boiei,AmphibiaWeb
Ceratophrys goyanus,Proceratophrys goyana,AmphibiaWeb
Ceratophrys joazeirensis,Ceratophrys joazeirensis,AmphibiaWeb
Ceratophrys ornata,Ceratophrys ornata,AmphibiaWeb
Ceratophrys renalis,Proceratophrys renalis,AmphibiaWeb
Ceratophrys schirchi,Proceratophrys schirchi,AmphibiaWeb
Ceratophrys stolzmanni,Ceratophrys stolzmanni,AmphibiaWeb
Ceratophrys testudo,Ceratophrys testudo,AmphibiaWeb
Ceratophrys varia,Ceratophrys aurita,AmphibiaWeb
Ceuthomantis aracamuni,Ceuthomantis aracamuni,AmphibiaWeb
Ceuthomantis cavernibardus,Ceuthomantis cavernibardus,AmphibiaWeb
Ceuthomantis duellmani,Ceuthomantis duellmani,AmphibiaWeb
Ceuthomantis smaragdinus,Ceuthomantis smaragdinus,AmphibiaWeb
Chacophrys pierottii,Chacophrys pierottii,AmphibiaWeb
Chalcorana chalconota,Chalcorana chalconota,AmphibiaWeb
Chalcorana crassiovis,Sumaterana crassiovis,AmphibiaWeb
Chalcorana eschatia,Chalcorana eschatia,AmphibiaWeb
Chalcorana kampeni,Sumaterana crassiovis,AmphibiaWeb
Chalcorana labialis,Chalcorana labialis,AmphibiaWeb
Chalcorana macrops,Chalcorana macrops,AmphibiaWeb
Chalcorana megalonesa,Chalcorana megalonesa,AmphibiaWeb
Chalcorana mocquardii,Chalcorana mocquardii,AmphibiaWeb
Chalcorana parvaccola,Chalcorana parvaccola,AmphibiaWeb
Chalcorana raniceps,Chalcorana raniceps,AmphibiaWeb
Chalcorana rufipes,Chalcorana rufipes,AmphibiaWeb
Chalcorana scutiger,Polypedates megacephalus,AmphibiaWeb
Chaltenobatrachus grandisonae,Chaltenobatrachus grandisonae,AmphibiaWeb
Chaparana aenea,Nanorana aenea,AmphibiaWeb
Chaparana annandalii,Nanorana annandalii,AmphibiaWeb
Chaparana arnoldi,Nanorana arnoldi,AmphibiaWeb
Chaparana chayuensis,Nanorana chayuensis,AmphibiaWeb
Chaparana conaensis,Nanorana conaensis,AmphibiaWeb
Chaparana delacouri,Quasipaa delacouri,AmphibiaWeb
Chaparana ercepeae,Nanorana ercepeae,AmphibiaWeb
Chaparana fansipani,Nanorana aenea,AmphibiaWeb
Chaparana maculosa,Nanorana maculosa,AmphibiaWeb
Chaparana medogensis,Nanorana medogensis,AmphibiaWeb
Chaparana minica,Nanorana minica,AmphibiaWeb
Chaparana mokokchungensis,Nanorana mokokchungensis,AmphibiaWeb
Chaparana polunini,Nanorana polunini,AmphibiaWeb
Chaparana quadranus,Nanorana quadranus,AmphibiaWeb
Chaparana rarica,Nanorana rarica,AmphibiaWeb
Chaparana rostandi,Nanorana rostandi,AmphibiaWeb
Chaparana taihangnica,Nanorana taihangnica,AmphibiaWeb
Chaparana unculuanus,Nanorana unculuanus,AmphibiaWeb
Chaparana vicina,Nanorana vicina,AmphibiaWeb
Chaperina fusca,Chaperina fusca,AmphibiaWeb
Charadrahyla altipotens,Charadrahyla altipotens,AmphibiaWeb
Charadrahyla chaneque,Charadrahyla chaneque,AmphibiaWeb
Charadrahyla esperancensis,Charadrahyla esperancensis,AmphibiaWeb
Charadrahyla juanitae,Charadrahyla juanitae,AmphibiaWeb
Charadrahyla nephila,Charadrahyla nephila,AmphibiaWeb
Charadrahyla pinorum,Charadrahyla pinorum,AmphibiaWeb
Charadrahyla sakbah,Charadrahyla sakbah,AmphibiaWeb
Charadrahyla taeniopus,Charadrahyla taeniopus,AmphibiaWeb
Charadrahyla tecuani,Charadrahyla tecuani,AmphibiaWeb
Charadrahyla trux,Charadrahyla trux,AmphibiaWeb
Charadrahyla viruela,Charadrahyla viruela,AmphibiaWeb
Chaunus atacamensis,Rhinella atacamensis,AmphibiaWeb
Chaunus beebei,Rhinella humboldti,AmphibiaWeb
Chaunus dorbignyi,Rhinella dorbignyi,AmphibiaWeb
Chaunus marina,Rhinella marina,AmphibiaWeb
Chaunus rubescens,Rhinella rubescens,AmphibiaWeb
Chaunus rubropunctatus,Rhinella rubropunctata,AmphibiaWeb
Chaunus schneideri,Rhinella schneideri,AmphibiaWeb
Chiasmocleis abofoa,Chiasmocleis abofoa,AmphibiaWeb
Chiasmocleis alagoana,Chiasmocleis alagoanus,AmphibiaWeb
Chiasmocleis alagoanus,Chiasmocleis alagoanus,AmphibiaWeb
Chiasmocleis albopunctata,Chiasmocleis albopunctata,AmphibiaWeb
Chiasmocleis altomontana,Chiasmocleis altomontana,AmphibiaWeb
Chiasmocleis anatipes,Chiasmocleis anatipes,AmphibiaWeb
Chiasmocleis antenori,Chiasmocleis antenori,AmphibiaWeb
Chiasmocleis atlantica,Chiasmocleis atlantica,AmphibiaWeb
Chiasmocleis avilapiresae,Chiasmocleis avilapiresae,AmphibiaWeb
Chiasmocleis bassleri,Chiasmocleis bassleri,AmphibiaWeb
Chiasmocleis bicegoi,Chiasmocleis bicegoi,AmphibiaWeb
Chiasmocleis capixaba,Chiasmocleis capixaba,AmphibiaWeb
Chiasmocleis centralis,Chiasmocleis centralis,AmphibiaWeb
Chiasmocleis cordeiroi,Chiasmocleis cordeiroi,AmphibiaWeb
Chiasmocleis crucis,Chiasmocleis crucis,AmphibiaWeb
Chiasmocleis devriesi,Chiasmocleis devriesi,AmphibiaWeb
Chiasmocleis gnoma,Chiasmocleis gnoma,AmphibiaWeb
Chiasmocleis haddadi,Chiasmocleis haddadi,AmphibiaWeb
Chiasmocleis hudsoni,Chiasmocleis hudsoni,AmphibiaWeb
Chiasmocleis jacki,Chiasmocleis jacki,AmphibiaWeb
Chiasmocleis jimi,Chiasmocleis hudsoni,AmphibiaWeb
Chiasmocleis lacrimae,Chiasmocleis lacrimae,AmphibiaWeb
Chiasmocleis leucosticta,Chiasmocleis leucosticta,AmphibiaWeb
Chiasmocleis magnova,Chiasmocleis magnova,AmphibiaWeb
Chiasmocleis mantiqueira,Chiasmocleis mantiqueira,AmphibiaWeb
Chiasmocleis mehelyi,Chiasmocleis mehelyi,AmphibiaWeb
Chiasmocleis migueli,Chiasmocleis migueli,AmphibiaWeb
Chiasmocleis papachibe,Chiasmocleis papachibe,AmphibiaWeb
Chiasmocleis parkeri,Chiasmocleis parkeri,AmphibiaWeb
Chiasmocleis quilombola,Chiasmocleis quilombola,AmphibiaWeb
Chiasmocleis royi,Chiasmocleis royi,AmphibiaWeb
Chiasmocleis sapiranga,Chiasmocleis sapiranga,AmphibiaWeb
Chiasmocleis schubarti,Chiasmocleis schubarti,AmphibiaWeb
Chiasmocleis shudikarensis,Chiasmocleis shudikarensis,AmphibiaWeb
Chiasmocleis supercilialba,Chiasmocleis supercilialba,AmphibiaWeb
Chiasmocleis supercilialbus,Chiasmocleis supercilialba,AmphibiaWeb
Chiasmocleis tridactyla,Chiasmocleis tridactyla,AmphibiaWeb
Chiasmocleis ventrimaculata,Chiasmocleis ventrimaculata,AmphibiaWeb
Chiasmocleis veracruz,Chiasmocleis veracruz,AmphibiaWeb
Chikila alcocki,Chikila alcocki,AmphibiaWeb
Chikila darlong,Chikila darlong,AmphibiaWeb
Chikila fulleri,Chikila fulleri,AmphibiaWeb
Chikila gaiduwani,Chikila gaiduwani,AmphibiaWeb
Chilophryne nebulifera,Incilius nebulifer,AmphibiaWeb
Chimerella corleone,Chimerella corleone,AmphibiaWeb
Chimerella mariaelenae,Chimerella mariaelenae,AmphibiaWeb
Chimerella mira,Chimerella mira,AmphibiaWeb
Chimerella zoeterra,Chimerella zoeterra,AmphibiaWeb
Chioglossa lusitanica,Chioglossa lusitanica,AmphibiaWeb
Chirixalus cherrapunjiae,Chiromantis cherrapunjiae,AmphibiaWeb
Chirixalus doriae,Chiromantis doriae,AmphibiaWeb
Chirixalus dudhwaensis,Chiromantis dudhwaensis,AmphibiaWeb
Chirixalus hansenae,Feihyla hansenae,AmphibiaWeb
Chirixalus laevis,Theloderma laeve,AmphibiaWeb
Chirixalus nongkhorensis,Chiromantis nongkhorensis,AmphibiaWeb
Chirixalus palpebralis,Feihyla palpebralis,AmphibiaWeb
Chirixalus pantaiselatan,Chirixalus pantaiselatan,AmphibiaWeb
Chirixalus punctatus,Chiromantis punctatus,AmphibiaWeb
Chirixalus romeri,Liuixalus romeri,AmphibiaWeb
Chirixalus senapatiensis,Chiromantis senapatiensis,AmphibiaWeb
Chirixalus shyamrupus,Chiromantis shyamrupus,AmphibiaWeb
Chirixalus simus,Chiromantis simus,AmphibiaWeb
Chirixalus vittatus,Feihyla vittata,AmphibiaWeb
Chiromantis cherrapunjiae,Chiromantis cherrapunjiae,AmphibiaWeb
Chiromantis doriae,Chiromantis doriae,AmphibiaWeb
Chiromantis dudhwaensis,Chiromantis dudhwaensis,AmphibiaWeb
Chiromantis inexpectatus,Chiromantis inexpectatus,AmphibiaWeb
Chiromantis kelleri,Chiromantis kelleri,AmphibiaWeb
Chiromantis marginis,Chiromantis marginis,AmphibiaWeb
Chiromantis nongkhorensis,Chiromantis nongkhorensis,AmphibiaWeb
Chiromantis petersii,Chiromantis petersii,AmphibiaWeb
Chiromantis punctatus,Chiromantis punctatus,AmphibiaWeb
Chiromantis rufescens,Chiromantis rufescens,AmphibiaWeb
Chiromantis samkosensis,Chiromantis samkosensis,AmphibiaWeb
Chiromantis senapatiensis,Chiromantis senapatiensis,AmphibiaWeb
Chiromantis shyamrupus,Chiromantis shyamrupus,AmphibiaWeb
Chiromantis simus,Chiromantis simus,AmphibiaWeb
Chiromantis xerampelina,Chiromantis xerampelina,AmphibiaWeb
Chiropterotriton abscondens,Nototriton abscondens,AmphibiaWeb
Chiropterotriton arboreus,Chiropterotriton arboreus,AmphibiaWeb
Chiropterotriton aureus,Chiropterotriton aureus,AmphibiaWeb
Chiropterotriton barbouri,Nototriton barbouri,AmphibiaWeb
Chiropterotriton bromeliacia,Dendrotriton bromeliacius,AmphibiaWeb
Chiropterotriton casasi,Chiropterotriton casasi,AmphibiaWeb
Chiropterotriton ceronorum,Chiropterotriton ceronorum,AmphibiaWeb
Chiropterotriton chico,Chiropterotriton chico,AmphibiaWeb
Chiropterotriton chiropterus,Chiropterotriton chiropterus,AmphibiaWeb
Chiropterotriton chondrostega,Chiropterotriton chondrostega,AmphibiaWeb
Chiropterotriton cieloensis,Chiropterotriton cieloensis,AmphibiaWeb
Chiropterotriton cracens,Chiropterotriton cracens,AmphibiaWeb
Chiropterotriton dimidiatus,Chiropterotriton dimidiatus,AmphibiaWeb
Chiropterotriton infernalis,Chiropterotriton infernalis,AmphibiaWeb
Chiropterotriton lavae,Chiropterotriton lavae,AmphibiaWeb
Chiropterotriton magnipes,Chiropterotriton magnipes,AmphibiaWeb
Chiropterotriton megarhinus,Dendrotriton megarhinus,AmphibiaWeb
Chiropterotriton melipona,Chiropterotriton melipona,AmphibiaWeb
Chiropterotriton miquihuanus,Chiropterotriton miquihuanus,AmphibiaWeb
Chiropterotriton mosaueri,Chiropterotriton mosaueri,AmphibiaWeb
Chiropterotriton multidentatus,Chiropterotriton multidentatus,AmphibiaWeb
Chiropterotriton nasalis,Cryptotriton nasalis,AmphibiaWeb
Chiropterotriton nubilus,Chiropterotriton nubilus,AmphibiaWeb
Chiropterotriton orculus,Chiropterotriton orculus,AmphibiaWeb
Chiropterotriton perotensis,Chiropterotriton perotensis,AmphibiaWeb
Chiropterotriton picadoi,Nototriton picadoi,AmphibiaWeb
Chiropterotriton priscus,Chiropterotriton priscus,AmphibiaWeb
Chiropterotriton terrestris,Chiropterotriton terrestris,AmphibiaWeb
Chiropterotriton totonacus,Chiropterotriton totonacus,AmphibiaWeb
Chiropterotriton xolocalcae,Dendrotriton xolocalcae,AmphibiaWeb
Chlorohyla aruensis,Chlorohyla aruensis,AmphibiaWeb
Chlorohyla callista,Chlorohyla callista,AmphibiaWeb
Chlorohyla eschata,Chlorohyla eschata,AmphibiaWeb
Chlorohyla kumae,Chlorohyla kumae,AmphibiaWeb
Chlorohyla robinsonae,Chlorohyla robinsonae,AmphibiaWeb
Chlorohyla vagabunda,Chlorohyla vagabunda,AmphibiaWeb
Choerophryne alainduboisi,Choerophryne alainduboisi,AmphibiaWeb
Choerophryne allisoni,Choerophryne allisoni,AmphibiaWeb
Choerophryne alpestris,Choerophryne alpestris,AmphibiaWeb
Choerophryne amomani,Choerophryne amomani,AmphibiaWeb
Choerophryne arndtorum,Choerophryne arndtorum,AmphibiaWeb
Choerophryne bickfordi,Choerophryne bickfordi,AmphibiaWeb
Choerophryne bisyllaba,Choerophryne bisyllaba,AmphibiaWeb
Choerophryne brevicrus,Choerophryne brevicrus,AmphibiaWeb
Choerophryne brunhildae,Choerophryne brunhildae,AmphibiaWeb
Choerophryne bryonopsis,Choerophryne bryonopsis,AmphibiaWeb
Choerophryne burtoni,Choerophryne burtoni,AmphibiaWeb
Choerophryne crucifer,Choerophryne crucifer,AmphibiaWeb
Choerophryne darlingtoni,Choerophryne darlingtoni,AmphibiaWeb
Choerophryne epirrhina,Choerophryne epirrhina,AmphibiaWeb
Choerophryne exclamitans,Choerophryne exclamitans,AmphibiaWeb
Choerophryne fafniri,Choerophryne fafniri,AmphibiaWeb
Choerophryne frieda,Choerophryne frieda,AmphibiaWeb
Choerophryne gracilirostris,Choerophryne gracilirostris,AmphibiaWeb
Choerophryne grylloides,Choerophryne grylloides,AmphibiaWeb
Choerophryne gudrunae,Choerophryne gudrunae,AmphibiaWeb
Choerophryne gunnari,Choerophryne gunnari,AmphibiaWeb
Choerophryne hageni,Choerophryne hageni,AmphibiaWeb
Choerophryne koeypad,Choerophryne koeypad,AmphibiaWeb
Choerophryne laurini,Choerophryne laurini,AmphibiaWeb
Choerophryne longirostris,Choerophryne longirostris,AmphibiaWeb
Choerophryne microps,Choerophryne microps,AmphibiaWeb
Choerophryne multisyllaba,Choerophryne multisyllaba,AmphibiaWeb
Choerophryne murrita,Choerophryne murrita,AmphibiaWeb
Choerophryne nigrescens,Choerophryne nigrescens,AmphibiaWeb
Choerophryne pandanicola,Choerophryne pandanicola,AmphibiaWeb
Choerophryne pipiens,Choerophryne pipiens,AmphibiaWeb
Choerophryne proboscidea,Choerophryne proboscidea,AmphibiaWeb
Choerophryne rhenaurum,Choerophryne rhenaurum,AmphibiaWeb
Choerophryne rostellifer,Choerophryne rostellifer,AmphibiaWeb
Choerophryne sanguinopicta,Choerophryne sanguinopicta,AmphibiaWeb
Choerophryne siegfriedi,Choerophryne siegfriedi,AmphibiaWeb
Choerophryne swanhildae,Choerophryne swanhildae,AmphibiaWeb
Choerophryne tubercula,Choerophryne tubercula,AmphibiaWeb
Choerophryne valkuriarum,Choerophryne valkuriarum,AmphibiaWeb
Choerophryne variegata,Choerophryne variegata,AmphibiaWeb
Chorophilus feriarum brachyphona,Pseudacris brachyphona,AmphibiaWeb
Chorophilus feriarum brachyphonus,Pseudacris brachyphona,AmphibiaWeb
Chorophilus septentrionalis,Pseudacris maculata,AmphibiaWeb
Chorophilus triseriatus corporalis,Pseudacris kalmi,AmphibiaWeb
Chrysobatrachus cupreonitens,Chrysobatrachus cupreonitens,AmphibiaWeb
Chrysopaa sternosignata,Chrysopaa sternosignata,AmphibiaWeb
Chthonerpeton arii,Chthonerpeton arii,AmphibiaWeb
Chthonerpeton braestrupi,Chthonerpeton braestrupi,AmphibiaWeb
Chthonerpeton exile,Chthonerpeton exile,AmphibiaWeb
Chthonerpeton indistinctum,Chthonerpeton indistinctum,AmphibiaWeb
Chthonerpeton markwilkinsoni,Chthonerpeton markwilkinsoni,AmphibiaWeb
Chthonerpeton noctinectes,Chthonerpeton noctinectes,AmphibiaWeb
Chthonerpeton onorei,Chthonerpeton onorei,AmphibiaWeb
Chthonerpeton perissodus,Chthonerpeton perissodus,AmphibiaWeb
Chthonerpeton tremembe,Chthonerpeton tremembe,AmphibiaWeb
Chthonerpeton viviparum,Chthonerpeton viviparum,AmphibiaWeb
Churamiti maridadi,Churamiti maridadi,AmphibiaWeb
Clinotarsus alticola,Clinotarsus alticola,AmphibiaWeb
Clinotarsus curtipes,Clinotarsus curtipes,AmphibiaWeb
Clinotarsus penelope,Clinotarsus penelope,AmphibiaWeb
Cochranella ametarsia,Vitreorana ritae,AmphibiaWeb
Cochranella anomala,Nymphargus anomalus,AmphibiaWeb
Cochranella armata,Nymphargus armatus,AmphibiaWeb
Cochranella balionota,Nymphargus balionotus,AmphibiaWeb
Cochranella bejaranoi,Nymphargus bejaranoi,AmphibiaWeb
Cochranella cariticommata,Nymphargus cariticommatus,AmphibiaWeb
Cochranella chami,Nymphargus chami,AmphibiaWeb
Cochranella chancas,Nymphargus chancas,AmphibiaWeb
Cochranella chirripoi,Hyalinobatrachium chirripoi,AmphibiaWeb
Cochranella cochranae,Nymphargus cochranae,AmphibiaWeb
Cochranella colymbiphyllum,Hyalinobatrachium colymbiphyllum,AmphibiaWeb
Cochranella cristinae,Nymphargus cristinae,AmphibiaWeb
Cochranella croceopodes,Rulyrana saxiscandens,AmphibiaWeb
Cochranella duidaeana,Cochranella duidaeana,AmphibiaWeb
Cochranella erminea,Cochranella erminea,AmphibiaWeb
Cochranella euhystrix,Cochranella euhystrix,AmphibiaWeb
Cochranella euknemos,Cochranella euknemos,AmphibiaWeb
Cochranella garciae,Nymphargus garciae,AmphibiaWeb
Cochranella geijskesi,Cochranella geijskesi,AmphibiaWeb
Cochranella granulosa,Cochranella granulosa,AmphibiaWeb
Cochranella griffithsi,Nymphargus griffithsi,AmphibiaWeb
Cochranella guayasamini,Cochranella guayasamini,AmphibiaWeb
Cochranella ignota,Nymphargus ignotus,AmphibiaWeb
Cochranella litoralis,Cochranella litoralis,AmphibiaWeb
Cochranella luminosa,Nymphargus luminosus,AmphibiaWeb
Cochranella luteopunctata,Nymphargus luteopunctatus,AmphibiaWeb
Cochranella mache,Cochranella mache,AmphibiaWeb
Cochranella megacheira,Nymphargus megacheirus,AmphibiaWeb
Cochranella megista,Nymphargus megistus,AmphibiaWeb
Cochranella megistra,Nymphargus megistus,AmphibiaWeb
Cochranella nephelophila,Nymphargus nephelophila,AmphibiaWeb
Cochranella nola,Cochranella nola,AmphibiaWeb
Cochranella ocellifera,Cochranella ocellifera,AmphibiaWeb
Cochranella oreonympha,Nymphargus oreonympha,AmphibiaWeb
Cochranella phenax,Nymphargus phenax,AmphibiaWeb
Cochranella phryxa,Cochranella resplendens,AmphibiaWeb
Cochranella pluvialis,Nymphargus pluvialis,AmphibiaWeb
Cochranella posadae,Nymphargus posadae,AmphibiaWeb
Cochranella prasina,Nymphargus prasinus,AmphibiaWeb
Cochranella ramirezi,Cochranella ramirezi,AmphibiaWeb
Cochranella resplendens,Cochranella resplendens,AmphibiaWeb
Cochranella riveroi,Cochranella riveroi,AmphibiaWeb
Cochranella ruizi,Nymphargus ruizi,AmphibiaWeb
Cochranella siren,Nymphargus siren,AmphibiaWeb
Cochranella spilota,Nymphargus spilotus,AmphibiaWeb
Cochranella spinosa,Teratohyla spinosa,AmphibiaWeb
Cochranella truebae,Nymphargus truebae,AmphibiaWeb
Cochranella xanthocheridia,Cochranella xanthocheridia,AmphibiaWeb
Coecilia compressicauda,Typhlonectes compressicauda,AmphibiaWeb
Coelonotus fissilis,Fritziana fissilis,AmphibiaWeb
Coggerdonia adelaidensis,Coggerdonia adelaidensis,AmphibiaWeb
Colleeneremia balatus,Colleeneremia balatus,AmphibiaWeb
Colleeneremia capitula,Colleeneremia capitula,AmphibiaWeb
Colleeneremia congenita,Colleeneremia congenita,AmphibiaWeb
Colleeneremia dentata,Colleeneremia dentata,AmphibiaWeb
Colleeneremia electrica,Colleeneremia electrica,AmphibiaWeb
Colleeneremia larisonans,Colleeneremia larisonans,AmphibiaWeb
Colleeneremia pygmaea,Colleeneremia pygmaea,AmphibiaWeb
Colleeneremia pyrina,Colleeneremia pyrina,AmphibiaWeb
Colleeneremia quadrilineata,Colleeneremia quadrilineata,AmphibiaWeb
Colleeneremia quiritatus,Colleeneremia quiritatus,AmphibiaWeb
Colleeneremia rubella,Colleeneremia rubella,AmphibiaWeb
Colleeneremia umbonata,Colleeneremia umbonata,AmphibiaWeb
Colleeneremia wisselensis,Colleeneremia wisselensis,AmphibiaWeb
Colomascirtus antioquia,Hyloscirtus antioquia,AmphibiaWeb
Colostethus abditaurantius,Hyloxalus abditaurantius,AmphibiaWeb
Colostethus agilis,Colostethus agilis,AmphibiaWeb
Colostethus alacris,Colostethus alacris,AmphibiaWeb
Colostethus alagoanus,Dryadobates olfersioides,AmphibiaWeb
Colostethus alessandroi,Allobates alessandroi,AmphibiaWeb
Colostethus anthracinus,Hyloxalus anthracinus,AmphibiaWeb
Colostethus argyrogaster,Leucostethus argyrogaster,AmphibiaWeb
Colostethus atopoglossus,Ectopoglossus atopoglossus,AmphibiaWeb
Colostethus awa,Hyloxalus awa,AmphibiaWeb
Colostethus ayarzaguenai,Anomaloglossus ayarzaguenai,AmphibiaWeb
Colostethus beebei,Anomaloglossus beebei,AmphibiaWeb
Colostethus betancuri,Hyloxalus betancuri,AmphibiaWeb
Colostethus bocagei,Hyloxalus bocagei,AmphibiaWeb
Colostethus borjai,Hyloxalus borjai,AmphibiaWeb
Colostethus brachistriatus,Colostethus brachistriatus,AmphibiaWeb
Colostethus breviquartus,Hyloxalus breviquartus,AmphibiaWeb
Colostethus bromelicola,Allobates bromelicola,AmphibiaWeb
Colostethus brunneus,Allobates brunneus,AmphibiaWeb
Colostethus caeruleodactylus,Allobates caeruleodactylus,AmphibiaWeb
Colostethus capixaba,Dryadobates olfersioides,AmphibiaWeb
Colostethus capurinensis,Aromobates capurinensis,AmphibiaWeb
Colostethus carioca,Dryadobates olfersioides,AmphibiaWeb
Colostethus cepedai,Allobates cepedai,AmphibiaWeb
Colostethus cevallosi,Hyloxalus cevallosi,AmphibiaWeb
Colostethus chalcopis,Allobates chalcopis,AmphibiaWeb
Colostethus chocoensis,Hyloxalus chocoensis,AmphibiaWeb
Colostethus conspicuus,Allobates conspicuus,AmphibiaWeb
Colostethus crombiei,Allobates crombiei,AmphibiaWeb
Colostethus degranvillei,Anomaloglossus degranvillei,AmphibiaWeb
Colostethus delatorreae,Hyloxalus delatorreae,AmphibiaWeb
Colostethus dunni,Colostethus dunni,AmphibiaWeb
Colostethus dysprosium,Colostethus dysprosium,AmphibiaWeb
Colostethus edwardsi,Hyloxalus edwardsi,AmphibiaWeb
Colostethus elachyhistus,Hyloxalus elachyhistus,AmphibiaWeb
Colostethus erasmios,Silverstoneia erasmios,AmphibiaWeb
Colostethus exasperatus,Hyloxalus exasperatus,AmphibiaWeb
Colostethus excisus,Hyloxalus excisus,AmphibiaWeb
Colostethus faciopunctulatus,Hyloxalus faciopunctulatus,AmphibiaWeb
Colostethus fallax,Hyloxalus fallax,AmphibiaWeb
Colostethus fascianiger,Hyloxalus fascianigrus,AmphibiaWeb
Colostethus fascianigrus,Hyloxalus fascianigrus,AmphibiaWeb
Colostethus flotator,Silverstoneia flotator,AmphibiaWeb
Colostethus fraterdanieli,Colostethus fraterdanieli,AmphibiaWeb
Colostethus fratisenescus,Allobates fratisenescus,AmphibiaWeb
Colostethus fugax,Leucostethus fugax,AmphibiaWeb
Colostethus fuliginosus,Hyloxalus fuliginosus,AmphibiaWeb
Colostethus furviventris,Colostethus furviventris,AmphibiaWeb
Colostethus fuscellus,Allobates fuscellus,AmphibiaWeb
Colostethus gasconi,Allobates gasconi,AmphibiaWeb
Colostethus goianus,Allobates goianus,AmphibiaWeb
Colostethus guanayensis,Anomaloglossus guanayensis,AmphibiaWeb
Colostethus humilis,Allobates humilis,AmphibiaWeb
Colostethus idiomelas,Hyloxalus idiomelus,AmphibiaWeb
Colostethus idiomelus,Hyloxalus idiomelus,AmphibiaWeb
Colostethus imbricolus,Colostethus imbricolus,AmphibiaWeb
Colostethus infraguttatus,Hyloxalus infraguttatus,AmphibiaWeb
Colostethus inguinalis,Colostethus inguinalis,AmphibiaWeb
Colostethus insperatus,Allobates insperatus,AmphibiaWeb
Colostethus jacobuspetersi,Hyloxalus jacobuspetersi,AmphibiaWeb
Colostethus juanii,Allobates juanii,AmphibiaWeb
Colostethus kingsburyi,Allobates kingsburyi,AmphibiaWeb
Colostethus lacrimosus,Ectopoglossus lacrimosus,AmphibiaWeb
Colostethus latinasus,Colostethus latinasus,AmphibiaWeb
Colostethus lehmanni,Hyloxalus lehmanni,AmphibiaWeb
Colostethus leopardalis,Aromobates leopardalis,AmphibiaWeb
Colostethus littoralis,Hyloxalus littoralis,AmphibiaWeb
Colostethus lynchi,Colostethus lynchi,AmphibiaWeb
Colostethus machalilla,Epipedobates machalilla,AmphibiaWeb
Colostethus maculosus,Hyloxalus maculosus,AmphibiaWeb
Colostethus mandelorum,Allobates mandelorum,AmphibiaWeb
Colostethus maquipucuna,Hyloxalus maquipucuna,AmphibiaWeb
Colostethus marchesianus,Allobates marchesianus,AmphibiaWeb
Colostethus marmoreoventris,Hyloxalus marmoreoventris,AmphibiaWeb
Colostethus masniger,Allobates masniger,AmphibiaWeb
Colostethus mcdiarmidi,Allobates mcdiarmidi,AmphibiaWeb
Colostethus melanolaemus,Allobates melanolaemus,AmphibiaWeb
Colostethus mertensi,Colostethus mertensi,AmphibiaWeb
Colostethus mittermeieri,Hyloxalus mittermeieri,AmphibiaWeb
Colostethus murisipanensis,Anomaloglossus murisipanensis,AmphibiaWeb
Colostethus mystax,Hyloxalus mystax,AmphibiaWeb
Colostethus nexipus,Hyloxalus nexipus,AmphibiaWeb
Colostethus nidicola,Allobates nidicola,AmphibiaWeb
Colostethus nubicola,Silverstoneia nubicola,AmphibiaWeb
Colostethus olfersioides,Dryadobates olfersioides,AmphibiaWeb
Colostethus olmonae,Mannophryne olmonae,AmphibiaWeb
Colostethus ornatus,Allobates ornatus,AmphibiaWeb
Colostethus palmatus,Rheobates palmatus,AmphibiaWeb
Colostethus panamansis,Colostethus panamansis,AmphibiaWeb
Colostethus panamensis,Colostethus panamansis,AmphibiaWeb
Colostethus parimae,Anomaloglossus parimae,AmphibiaWeb
Colostethus parkerae,Anomaloglossus parkerae,AmphibiaWeb
Colostethus patitae,Hyloxalus patitae,AmphibiaWeb
Colostethus peculiaris,Hyloxalus peculiaris,AmphibiaWeb
Colostethus peruvianus,Hyloxalus peruvianus,AmphibiaWeb
Colostethus picacho,Allobates picachos,AmphibiaWeb
Colostethus picachos,Allobates picachos,AmphibiaWeb
Colostethus pinguis,Hyloxalus pinguis,AmphibiaWeb
Colostethus poecilonotus,Colostethus poecilonotus,AmphibiaWeb
Colostethus praderioi,Anomaloglossus praderioi,AmphibiaWeb
Colostethus pratti,Colostethus pratti,AmphibiaWeb
Colostethus pseudopalmatus,Rheobates pseudopalmatus,AmphibiaWeb
Colostethus pulchellus,Hyloxalus pulchellus,AmphibiaWeb
Colostethus pumilus,Hyloxalus pumilus,AmphibiaWeb
Colostethus ramirezi,Colostethus ramirezi,AmphibiaWeb
Colostethus ramosi,Hyloxalus ramosi,AmphibiaWeb
Colostethus ranoides,Allobates ranoides,AmphibiaWeb
Colostethus roraima,Anomaloglossus roraima,AmphibiaWeb
Colostethus ruizi,Hyloxalus ruizi,AmphibiaWeb
Colostethus ruthveni,Colostethus ruthveni,AmphibiaWeb
Colostethus saltuarius,Hyloxalus saltuarius,AmphibiaWeb
Colostethus saltuensis,Aromobates saltuensis,AmphibiaWeb
Colostethus sanmartini,Allobates sanmartini,AmphibiaWeb
Colostethus sauli,Hyloxalus sauli,AmphibiaWeb
Colostethus shrevei,Anomaloglossus shrevei,AmphibiaWeb
Colostethus shuar,Hyloxalus shuar,AmphibiaWeb
Colostethus stepheni,Anomaloglossus stepheni,AmphibiaWeb
Colostethus subpunctatus,Hyloxalus subpunctatus,AmphibiaWeb
Colostethus sumtuosus,Allobates sumtuosus,AmphibiaWeb
Colostethus sylvaticus,Hyloxalus sylvaticus,AmphibiaWeb
Colostethus talamancae,Allobates talamancae,AmphibiaWeb
Colostethus tamacuarensis,Anomaloglossus tamacuarensis,AmphibiaWeb
Colostethus tepuyensis,Anomaloglossus tepuyensis,AmphibiaWeb
Colostethus thorntoni,Colostethus thorntoni,AmphibiaWeb
Colostethus toachi,Hyloxalus toachi,AmphibiaWeb
Colostethus trilineatus,Allobates trilineatus,AmphibiaWeb
Colostethus ucumari,Colostethus ucumari,AmphibiaWeb
Colostethus undulatus,Allobates undulatus,AmphibiaWeb
Colostethus utcubambensis,Hyloxalus utcubambensis,AmphibiaWeb
Colostethus vanzolinius,Allobates vanzolinius,AmphibiaWeb
Colostethus vergeli,Hyloxalus vergeli,AmphibiaWeb
Colostethus vertebralis,Hyloxalus vertebralis,AmphibiaWeb
Colostethus wayuu,Allobates wayuu,AmphibiaWeb
Colostethus whimperi,Paruwrobates whymperi,AmphibiaWeb
Colostethus whymperi,Paruwrobates whymperi,AmphibiaWeb
Colostethus yaguara,Colostethus yaguara,AmphibiaWeb
Congolius robustus,Congolius robustus,AmphibiaWeb
Conraua alleni,Conraua alleni,AmphibiaWeb
Conraua beccarii,Conraua beccarii,AmphibiaWeb
Conraua crassipes,Conraua crassipes,AmphibiaWeb
Conraua derooi,Conraua derooi,AmphibiaWeb
Conraua goliath,Conraua goliath,AmphibiaWeb
Conraua kamancamarai,Conraua kamancamarai,AmphibiaWeb
Conraua robusta,Conraua robusta,AmphibiaWeb
Conraua sagyimase,Conraua sagyimase,AmphibiaWeb
Cophixalus aenigma,Cophixalus aenigma,AmphibiaWeb
Cophixalus aimbensis,Cophixalus ateles,AmphibiaWeb
Cophixalus albolineatus,Cophixalus albolineatus,AmphibiaWeb
Cophixalus amabilis,Cophixalus amabilis,AmphibiaWeb
Cophixalus ateles,Cophixalus ateles,AmphibiaWeb
Cophixalus australis,Cophixalus australis,AmphibiaWeb
Cophixalus balbus,Cophixalus balbus,AmphibiaWeb
Cophixalus bewaniensis,Cophixalus bewaniensis,AmphibiaWeb
Cophixalus biroi,Cophixalus biroi,AmphibiaWeb
Cophixalus bombiens,Cophixalus bombiens,AmphibiaWeb
Cophixalus brevidigitus,Cophixalus brevidigitus,AmphibiaWeb
Cophixalus cateae,Cophixalus cateae,AmphibiaWeb
Cophixalus caverniphilus,Cophixalus caverniphilus,AmphibiaWeb
Cophixalus cheesmanae,Cophixalus cheesmanae,AmphibiaWeb
Cophixalus clapporum,Cophixalus clapporum,AmphibiaWeb
Cophixalus concinnus,Cophixalus concinnus,AmphibiaWeb
Cophixalus crepitans,Cophixalus crepitans,AmphibiaWeb
Cophixalus cryptotympanum,Cophixalus cryptotympanum,AmphibiaWeb
Cophixalus cupricarenus,Cophixalus cupricarenus,AmphibiaWeb
Cophixalus daymani,Cophixalus daymani,AmphibiaWeb
Cophixalus desticans,Cophixalus desticans,AmphibiaWeb
Cophixalus exiguus,Cophixalus exiguus,AmphibiaWeb
Cophixalus flavopunctatus,Cophixalus flavopunctatus,AmphibiaWeb
Cophixalus gigiraensis,Cophixalus gigiraensis,AmphibiaWeb
Cophixalus hannahae,Cophixalus hannahae,AmphibiaWeb
Cophixalus hinchinbrookensis,Cophixalus hinchinbrookensis,AmphibiaWeb
Cophixalus hosmeri,Cophixalus hosmeri,AmphibiaWeb
Cophixalus humicola,Cophixalus humicola,AmphibiaWeb
Cophixalus infacetus,Cophixalus infacetus,AmphibiaWeb
Cophixalus interruptus,Cophixalus interruptus,AmphibiaWeb
Cophixalus iovaorum,Cophixalus iovaorum,AmphibiaWeb
Cophixalus kaindiensis,Cophixalus kaindiensis,AmphibiaWeb
Cophixalus kethuk,Cophixalus kethuk,AmphibiaWeb
Cophixalus kulakula,Cophixalus kulakula,AmphibiaWeb
Cophixalus linnaeus,Cophixalus linnaeus,AmphibiaWeb
Cophixalus mcdonaldi,Cophixalus mcdonaldi,AmphibiaWeb
Cophixalus melanogenys,Cophixalus melanogenys,AmphibiaWeb
Cophixalus melanops,Cophixalus melanops,AmphibiaWeb
Cophixalus misimae,Cophixalus misimae,AmphibiaWeb
Cophixalus monosyllabus,Cophixalus monosyllabus,AmphibiaWeb
Cophixalus montanus,Cophixalus montanus,AmphibiaWeb
Cophixalus monticola,Cophixalus monticola,AmphibiaWeb
Cophixalus neglectus,Cophixalus neglectus,AmphibiaWeb
Cophixalus nexipus,Cophixalus nexipus,AmphibiaWeb
Cophixalus nubicola,Cophixalus nubicola,AmphibiaWeb
Cophixalus ornatus,Cophixalus ornatus,AmphibiaWeb
Cophixalus pakayakulangun,Cophixalus pakayakulangun,AmphibiaWeb
Cophixalus parkeri,Cophixalus parkeri,AmphibiaWeb
Cophixalus peninsularis,Cophixalus peninsularis,AmphibiaWeb
Cophixalus petrophilus,Cophixalus petrophilus,AmphibiaWeb
Cophixalus phaeobalius,Cophixalus phaeobalius,AmphibiaWeb
Cophixalus pictus,Cophixalus pictus,AmphibiaWeb
Cophixalus pipilans,Cophixalus pipilans,AmphibiaWeb
Cophixalus pulchellus,Cophixalus pulchellus,AmphibiaWeb
Cophixalus pusillus,Cophixalus pusillus,AmphibiaWeb
Cophixalus rajampatensis,Cophixalus rajampatensis,AmphibiaWeb
Cophixalus riparius,Cophixalus riparius,AmphibiaWeb
Cophixalus salawatiensis,Cophixalus salawatiensis,AmphibiaWeb
Cophixalus saxatilis,Cophixalus saxatilis,AmphibiaWeb
Cophixalus shellyi,Cophixalus shellyi,AmphibiaWeb
Cophixalus sisyphus,Cophixalus verrucosus,AmphibiaWeb
Cophixalus sphagnicola,Cophixalus sphagnicola,AmphibiaWeb
Cophixalus tagulensis,Cophixalus tagulensis,AmphibiaWeb
Cophixalus tenuidactylus,Cophixalus tenuidactylus,AmphibiaWeb
Cophixalus tetzlaffi,Cophixalus tetzlaffi,AmphibiaWeb
Cophixalus timidus,Cophixalus timidus,AmphibiaWeb
Cophixalus tomaiodactylus,Cophixalus tomaiodactylus,AmphibiaWeb
Cophixalus tridactylus,Cophixalus tridactylus,AmphibiaWeb
Cophixalus variabilis,Cophixalus variabilis,AmphibiaWeb
Cophixalus verecundus,Cophixalus verecundus,AmphibiaWeb
Cophixalus verrucosus,Cophixalus verrucosus,AmphibiaWeb
Cophixalus viridis,Cophixalus viridis,AmphibiaWeb
Cophixalus wempi,Cophixalus wempi,AmphibiaWeb
Cophixalus zweifeli,Cophixalus zweifeli,AmphibiaWeb
Cophomantis punctillata,Boana semilineata,AmphibiaWeb
Cophyla alticola,Platypelis alticola,AmphibiaWeb
Cophyla barbouri,Platypelis barbouri,AmphibiaWeb
Cophyla berara,Cophyla berara,AmphibiaWeb
Cophyla cowanii,Platypelis cowanii,AmphibiaWeb
Cophyla fortuna,Cophyla fortuna,AmphibiaWeb
Cophyla grandis,Platypelis grandis,AmphibiaWeb
Cophyla karenae,Platypelis karenae,AmphibiaWeb
Cophyla maharipeo,Cophyla maharipeo,AmphibiaWeb
Cophyla mavomavo,Platypelis mavomavo,AmphibiaWeb
Cophyla milloti,Platypelis milloti,AmphibiaWeb
Cophyla noromalalae,Cophyla noromalalae,AmphibiaWeb
Cophyla occultans,Cophyla occultans,AmphibiaWeb
Cophyla olgae,Platypelis olgae,AmphibiaWeb
Cophyla phyllodactyla,Cophyla phyllodactyla,AmphibiaWeb
Cophyla pollicaris,Platypelis pollicaris,AmphibiaWeb
Cophyla puellarum,Cophyla puellarum,AmphibiaWeb
Cophyla rava,Platypelis ravus,AmphibiaWeb
Cophyla tetra,Platypelis tetra,AmphibiaWeb
Cophyla tsaratananaensis,Platypelis tsaratananaensis,AmphibiaWeb
Cophyla tuberifera,Platypelis tuberifera,AmphibiaWeb
Copiula alpestris,Sphenophryne alpestris,AmphibiaWeb
Copiula annanoreenae,Copiula annanoreenae,AmphibiaWeb
Copiula bisyllaba,Copiula bisyllaba,AmphibiaWeb
Copiula derongo,Austrochaperina derongo,AmphibiaWeb
Copiula exspectata,Copiula exspectata,AmphibiaWeb
Copiula fistulans,Copiula fistulans,AmphibiaWeb
Copiula guttata,Austrochaperina guttata,AmphibiaWeb
Copiula lennarti,Copiula lennarti,AmphibiaWeb
Copiula major,Copiula major,AmphibiaWeb
Copiula minor,Copiula minor,AmphibiaWeb
Copiula mosbyae,Copiula mosbyae,AmphibiaWeb
Copiula obsti,Copiula obsti,AmphibiaWeb
Copiula oxyrhina,Copiula oxyrhina,AmphibiaWeb
Copiula pipiens,Copiula pipiens,AmphibiaWeb
Copiula rivularis,Austrochaperina rivularis,AmphibiaWeb
Copiula tyleri,Copiula tyleri,AmphibiaWeb
Cornufer acrochordus,Cornufer acrochordus,AmphibiaWeb
Cornufer aculeodactylus,Cornufer aculeodactylus,AmphibiaWeb
Cornufer adiastolus,Cornufer adiastolus,AmphibiaWeb
Cornufer admiraltiensis,Cornufer admiraltiensis,AmphibiaWeb
Cornufer akarithymus,Cornufer akarithymus,AmphibiaWeb
Cornufer batantae,Platymantis batantae,AmphibiaWeb
Cornufer bimaculatus,Platymantis bimaculatus,AmphibiaWeb
Cornufer boulengeri,Cornufer boulengeri,AmphibiaWeb
Cornufer browni,Platymantis browni,AmphibiaWeb
Cornufer bufoniformis,Cornufer bufoniformis,AmphibiaWeb
Cornufer bufonulus,Platymantis bufonulus,AmphibiaWeb
Cornufer cheesmanae,Platymantis cheesmanae,AmphibiaWeb
Cornufer cheesmani,Platymantis cheesmanae,AmphibiaWeb
Cornufer citrinospilus,Cornufer citrinospilus,AmphibiaWeb
Cornufer corrugatus,Platymantis corrugatus,AmphibiaWeb
Cornufer corrugatus rubristriatus,Cornufer papuensis,AmphibiaWeb
Cornufer cryptotis,Platymantis cryptotis,AmphibiaWeb
Cornufer desticans,Cornufer desticans,AmphibiaWeb
Cornufer dorsalis,Platymantis dorsalis,AmphibiaWeb
Cornufer elegans,Cornufer elegans,AmphibiaWeb
Cornufer exedrus,Cornufer exedrus,AmphibiaWeb
Cornufer gigas,Cornufer gigas,AmphibiaWeb
Cornufer gilliardi,Cornufer gilliardi,AmphibiaWeb
Cornufer guppyi,Cornufer guppyi,AmphibiaWeb
Cornufer hazelae,Platymantis hazelae,AmphibiaWeb
Cornufer hedigeri,Cornufer hedigeri,AmphibiaWeb
Cornufer heffernani,Cornufer heffernani,AmphibiaWeb
Cornufer ingeri,Platymantis guentheri,AmphibiaWeb
Cornufer intermedius,Cornufer vitiensis,AmphibiaWeb
Cornufer latro,Cornufer latro,AmphibiaWeb
Cornufer macrops,Platymantis macrops,AmphibiaWeb
Cornufer macrosceles,Cornufer macrosceles,AmphibiaWeb
Cornufer magnus,Cornufer magnus,AmphibiaWeb
Cornufer malukuna,Cornufer malukuna,AmphibiaWeb
Cornufer mamusiorum,Cornufer mamusiorum,AmphibiaWeb
Cornufer mediodiscus,Cornufer mediodiscus,AmphibiaWeb
Cornufer mimicus,Platymantis mimicus,AmphibiaWeb
Cornufer minutus,Cornufer minutus,AmphibiaWeb
Cornufer moszkowskii,Cornufer papuensis,AmphibiaWeb
Cornufer myersi,Platymantis myersi,AmphibiaWeb
Cornufer nakanaiorum,Cornufer nakanaiorum,AmphibiaWeb
Cornufer neckeri,Cornufer neckeri,AmphibiaWeb
Cornufer nexipus,Cornufer nexipus,AmphibiaWeb
Cornufer opisthodon,Cornufer opisthodon,AmphibiaWeb
Cornufer paepkei,Cornufer paepkei,AmphibiaWeb
Cornufer papuensis,Cornufer papuensis,AmphibiaWeb
Cornufer papuensis weberi,Cornufer weberi,AmphibiaWeb
Cornufer parilis,Cornufer parilis,AmphibiaWeb
Cornufer parkeri,Platymantis parkeri,AmphibiaWeb
Cornufer parkeri bukanensis,Platymantis parkeri,AmphibiaWeb
Cornufer parkeri parkeri,Platymantis parkeri,AmphibiaWeb
Cornufer pelewensis,Cornufer pelewensis,AmphibiaWeb
Cornufer polillensis,Platymantis polillensis,AmphibiaWeb
Cornufer punctatus,Platymantis punctatus,AmphibiaWeb
Cornufer rivularis,Platymantis hazelae,AmphibiaWeb
Cornufer schmidti,Cornufer schmidti,AmphibiaWeb
Cornufer solomonis,Cornufer solomonis,AmphibiaWeb
Cornufer subterrestris,Platymantis subterrestris,AmphibiaWeb
Cornufer sulcatus,Cornufer sulcatus,AmphibiaWeb
Cornufer trossulus,Cornufer trossulus,AmphibiaWeb
Cornufer vertebralis,Cornufer vertebralis,AmphibiaWeb
Cornufer vitianus,Cornufer vitianus,AmphibiaWeb
Cornufer vitiensis,Cornufer vitiensis,AmphibiaWeb
Cornufer vogti,Cornufer vogti,AmphibiaWeb
Cornufer weberi,Cornufer weberi,AmphibiaWeb
Cornufer wolfi,Cornufer wolfi,AmphibiaWeb
Cornufer wuenscheorum,Platymantis wuenscheorum,AmphibiaWeb
Corythomantis botoque,Corythomantis botoque,AmphibiaWeb
Corythomantis greeningi,Corythomantis greeningi,AmphibiaWeb
Corythomantis schubarti,Corythomantis greeningi,AmphibiaWeb
Corythomantis venezolana,Aparasphenodon venezolanus,AmphibiaWeb
Cranopsis alvaria,Incilius alvarius,AmphibiaWeb
Cranopsis macrocristata,Incilius macrocristatus,AmphibiaWeb
Cranopsis melanochlora,Incilius melanochlorus,AmphibiaWeb
Cranopsis nebulifer,Incilius nebulifer,AmphibiaWeb
Craspedoglossa santaecatharinae,Cycloramphus bolitoglossus,AmphibiaWeb
Craspedoglossa stejnegeri,Cycloramphus stejnegeri,AmphibiaWeb
Craugastor adamastus,Craugastor adamastus,AmphibiaWeb
Craugastor aenigmaticus,Craugastor aenigmaticus,AmphibiaWeb
Craugastor alfredi,Craugastor alfredi,AmphibiaWeb
Craugastor amniscola,Craugastor amniscola,AmphibiaWeb
Craugastor anciano,Craugastor anciano,AmphibiaWeb
Craugastor andi,Craugastor andi,AmphibiaWeb
Craugastor angelicus,Craugastor angelicus,AmphibiaWeb
Craugastor aphanus,Craugastor aphanus,AmphibiaWeb
Craugastor augusti,Craugastor augusti,AmphibiaWeb
Craugastor aurilegulus,Craugastor aurilegulus,AmphibiaWeb
Craugastor azueroensis,Craugastor azueroensis,AmphibiaWeb
Craugastor batrachylus,Craugastor batrachylus,AmphibiaWeb
Craugastor berkenbuschii,Craugastor berkenbuschii,AmphibiaWeb
Craugastor bitonium,Craugastor bitonium,AmphibiaWeb
Craugastor blairi,Craugastor blairi,AmphibiaWeb
Craugastor bocourti,Craugastor bocourti,AmphibiaWeb
Craugastor bransfordii,Craugastor bransfordii,AmphibiaWeb
Craugastor brocchi,Craugastor brocchi,AmphibiaWeb
Craugastor campbelli,Craugastor campbelli,AmphibiaWeb
Craugastor candelariensis,Craugastor candelariensis,AmphibiaWeb
Craugastor castanedai,Craugastor castanedai,AmphibiaWeb
Craugastor catalinae,Craugastor catalinae,AmphibiaWeb
Craugastor chac,Craugastor chac,AmphibiaWeb
Craugastor charadra,Craugastor charadra,AmphibiaWeb
Craugastor chingopetaca,Craugastor chingopetaca,AmphibiaWeb
Craugastor chrysozetetes,Craugastor chrysozetetes,AmphibiaWeb
Craugastor coffeus,Craugastor coffeus,AmphibiaWeb
Craugastor crassidigitus,Craugastor crassidigitus,AmphibiaWeb
Craugastor cruzi,Craugastor cruzi,AmphibiaWeb
Craugastor cuaquero,Craugastor cuaquero,AmphibiaWeb
Craugastor cueyatl,Craugastor cueyatl,AmphibiaWeb
Craugastor cyanochthebius,Craugastor cyanochthebius,AmphibiaWeb
Craugastor daryi,Craugastor daryi,AmphibiaWeb
Craugastor decoratus,Craugastor decoratus,AmphibiaWeb
Craugastor emcelae,Craugastor emcelae,AmphibiaWeb
Craugastor emleni,Craugastor emleni,AmphibiaWeb
Craugastor epochthidius,Craugastor epochthidius,AmphibiaWeb
Craugastor escoces,Craugastor escoces,AmphibiaWeb
Craugastor evanesco,Craugastor evanesco,AmphibiaWeb
Craugastor fecundus,Craugastor fecundus,AmphibiaWeb
Craugastor fitzingeri,Craugastor fitzingeri,AmphibiaWeb
Craugastor fleischmanni,Craugastor fleischmanni,AmphibiaWeb
Craugastor gabbi,Craugastor gabbi,AmphibiaWeb
Craugastor galacticorhinus,Craugastor galacticorhinus,AmphibiaWeb
Craugastor glaucus,Craugastor glaucus,AmphibiaWeb
Craugastor gollmeri,Craugastor gollmeri,AmphibiaWeb
Craugastor greggi,Craugastor greggi,AmphibiaWeb
Craugastor guerreroensis,Craugastor guerreroensis,AmphibiaWeb
Craugastor gulosus,Craugastor gulosus,AmphibiaWeb
Craugastor gutschei,Craugastor gutschei,AmphibiaWeb
Craugastor hobartsmithi,Craugastor hobartsmithi,AmphibiaWeb
Craugastor inachus,Craugastor inachus,AmphibiaWeb
Craugastor jota,Craugastor podiciferus,AmphibiaWeb
Craugastor laevissimus,Craugastor laevissimus,AmphibiaWeb
Craugastor laticeps,Craugastor laticeps,AmphibiaWeb
Craugastor lauraster,Craugastor lauraster,AmphibiaWeb
Craugastor lineatus,Craugastor lineatus,AmphibiaWeb
Craugastor loki,Craugastor loki,AmphibiaWeb
Craugastor longirostris,Craugastor longirostris,AmphibiaWeb
Craugastor matudai,Craugastor matudai,AmphibiaWeb
Craugastor megacephalus,Craugastor megacephalus,AmphibiaWeb
Craugastor megalotympanum,Craugastor megalotympanum,AmphibiaWeb
Craugastor melanostictus,Craugastor melanostictus,AmphibiaWeb
Craugastor merendonensis,Craugastor merendonensis,AmphibiaWeb
Craugastor metriosistus,Craugastor metriosistus,AmphibiaWeb
Craugastor mexicanus,Craugastor mexicanus,AmphibiaWeb
Craugastor milesi,Craugastor milesi,AmphibiaWeb
Craugastor mimus,Craugastor mimus,AmphibiaWeb
Craugastor monnichorum,Craugastor monnichorum,AmphibiaWeb
Craugastor montanus,Craugastor montanus,AmphibiaWeb
Craugastor myllomyllon,Craugastor myllomyllon,AmphibiaWeb
Craugastor nefrens,Craugastor nefrens,AmphibiaWeb
Craugastor noblei,Craugastor noblei,AmphibiaWeb
Craugastor obesus,Craugastor obesus,AmphibiaWeb
Craugastor occidentalis,Craugastor occidentalis,AmphibiaWeb
Craugastor olanchano,Craugastor olanchano,AmphibiaWeb
Craugastor omiltemanus,Craugastor omiltemanus,AmphibiaWeb
Craugastor omoaensis,Craugastor omoaensis,AmphibiaWeb
Craugastor opimus,Craugastor opimus,AmphibiaWeb
Craugastor palenque,Craugastor palenque,AmphibiaWeb
Craugastor pechorum,Craugastor pechorum,AmphibiaWeb
Craugastor pelorus,Craugastor pelorus,AmphibiaWeb
Craugastor persimilis,Craugastor persimilis,AmphibiaWeb
Craugastor phasma,Craugastor phasma,AmphibiaWeb
Craugastor podiciferus,Craugastor podiciferus,AmphibiaWeb
Craugastor polaclavus,Craugastor polaclavus,AmphibiaWeb
Craugastor polymniae,Craugastor polymniae,AmphibiaWeb
Craugastor polyptychus,Craugastor polyptychus,AmphibiaWeb
Craugastor portilloensis,Craugastor portilloensis,AmphibiaWeb
Craugastor pozo,Craugastor pozo,AmphibiaWeb
Craugastor psephosypharus,Craugastor psephosypharus,AmphibiaWeb
Craugastor punctariolus,Craugastor punctariolus,AmphibiaWeb
Craugastor pygmaeus,Craugastor pygmaeus,AmphibiaWeb
Craugastor raniformis,Craugastor raniformis,AmphibiaWeb
Craugastor ranoides,Craugastor ranoides,AmphibiaWeb
Craugastor rayo,Craugastor rayo,AmphibiaWeb
Craugastor rhodopis,Craugastor rhodopis,AmphibiaWeb
Craugastor rhyacobatrachus,Craugastor rhyacobatrachus,AmphibiaWeb
Craugastor rivulus,Craugastor rivulus,AmphibiaWeb
Craugastor rostralis,Craugastor rostralis,AmphibiaWeb
Craugastor rubinus,Craugastor rubinus,AmphibiaWeb
Craugastor rugosus,Craugastor rugosus,AmphibiaWeb
Craugastor rugulosus,Craugastor rugulosus,AmphibiaWeb
Craugastor rupinius,Craugastor rupinius,AmphibiaWeb
Craugastor sabrinus,Craugastor sabrinus,AmphibiaWeb
Craugastor sagui,Craugastor sagui,AmphibiaWeb
Craugastor saltator,Craugastor saltator,AmphibiaWeb
Craugastor saltuarius,Craugastor saltuarius,AmphibiaWeb
Craugastor sandersoni,Craugastor sandersoni,AmphibiaWeb
Craugastor sartori,Craugastor montanus,AmphibiaWeb
Craugastor silvicola,Craugastor silvicola,AmphibiaWeb
Craugastor spatulatus,Craugastor spatulatus,AmphibiaWeb
Craugastor stadelmani,Craugastor stadelmani,AmphibiaWeb
Craugastor stejnegerianus,Craugastor stejnegerianus,AmphibiaWeb
Craugastor stuarti,Craugastor stuarti,AmphibiaWeb
Craugastor tabasarae,Craugastor tabasarae,AmphibiaWeb
Craugastor talamancae,Craugastor talamancae,AmphibiaWeb
Craugastor tarahumaraensis,Craugastor tarahumaraensis,AmphibiaWeb
Craugastor taurus,Craugastor taurus,AmphibiaWeb
Craugastor taylori,Craugastor taylori,AmphibiaWeb
Craugastor trachydermus,Craugastor trachydermus,AmphibiaWeb
Craugastor underwoodi,Craugastor underwoodi,AmphibiaWeb
Craugastor uno,Craugastor uno,AmphibiaWeb
Craugastor vocalis,Craugastor vocalis,AmphibiaWeb
Craugastor vulcani,Craugastor vulcani,AmphibiaWeb
Craugastor xucanebi,Craugastor xucanebi,AmphibiaWeb
Craugastor yucatanensis,Craugastor yucatanensis,AmphibiaWeb
Craugastor zunigai,Craugastor zunigai,AmphibiaWeb
Crepidius epioticus,Incilius epioticus,AmphibiaWeb
Crinia bilingua,Crinia bilingua,AmphibiaWeb
Crinia deserticola,Crinia deserticola,AmphibiaWeb
Crinia fimbriata,Crinia fimbriata,AmphibiaWeb
Crinia flindersensis,Crinia flindersensis,AmphibiaWeb
Crinia georgiana,Crinia georgiana,AmphibiaWeb
Crinia glauerti,Crinia glauerti,AmphibiaWeb
Crinia insignifera,Crinia insignifera,AmphibiaWeb
Crinia nimbus,Crinia nimbus,AmphibiaWeb
Crinia parinsignifera,Crinia parinsignifera,AmphibiaWeb
Crinia pseudinsignifera,Crinia pseudinsignifera,AmphibiaWeb
Crinia remota,Crinia remota,AmphibiaWeb
Crinia riparia,Crinia riparia,AmphibiaWeb
Crinia signifera,Crinia signifera,AmphibiaWeb
Crinia sloanei,Crinia sloanei,AmphibiaWeb
Crinia subinsignifera,Crinia subinsignifera,AmphibiaWeb
Crinia tasmaniensis,Crinia tasmaniensis,AmphibiaWeb
Crinia tinnula,Crinia tinnula,AmphibiaWeb
Crossodactylodes alairi,Crossodactylodes alairi,AmphibiaWeb
Crossodactylodes bokermanni,Crossodactylodes bokermanni,AmphibiaWeb
Crossodactylodes itambe,Crossodactylodes itambe,AmphibiaWeb
Crossodactylodes izecksohni,Crossodactylodes izecksohni,AmphibiaWeb
Crossodactylodes pintoi,Crossodactylodes pintoi,AmphibiaWeb
Crossodactylodes septentrionalis,Crossodactylodes septentrionalis,AmphibiaWeb
Crossodactylodes serranegra,Crossodactylodes serranegra,AmphibiaWeb
Crossodactylodes teixeirai,Crossodactylodes teixeirai,AmphibiaWeb
Crossodactylus aeneus,Crossodactylus aeneus,AmphibiaWeb
Crossodactylus boulengeri,Crossodactylus boulengeri,AmphibiaWeb
Crossodactylus caramaschii,Crossodactylus caramaschii,AmphibiaWeb
Crossodactylus cyclospinus,Crossodactylus cyclospinus,AmphibiaWeb
Crossodactylus dantei,Crossodactylus dantei,AmphibiaWeb
Crossodactylus dispar,Crossodactylus dispar,AmphibiaWeb
Crossodactylus franciscanus,Crossodactylus franciscanus,AmphibiaWeb
Crossodactylus gaudichaudii,Crossodactylus gaudichaudii,AmphibiaWeb
Crossodactylus grandis,Crossodactylus grandis,AmphibiaWeb
Crossodactylus lutzorum,Crossodactylus lutzorum,AmphibiaWeb
Crossodactylus schmidti,Crossodactylus schmidti,AmphibiaWeb
Crossodactylus timbuhy,Crossodactylus timbuhy,AmphibiaWeb
Crossodactylus trachystomus,Crossodactylus trachystomus,AmphibiaWeb
Crossodactylus werneri,Crossodactylus werneri,AmphibiaWeb
Crotaphatrema bornmuelleri,Crotaphatrema bornmuelleri,AmphibiaWeb
Crotaphatrema lamottei,Crotaphatrema lamottei,AmphibiaWeb
Crotaphatrema tchabalmbaboensis,Crotaphatrema tchabalmbaboensis,AmphibiaWeb
Cruziohyla calcarifer,Cruziohyla calcarifer,AmphibiaWeb
Cruziohyla craspedopus,Cruziohyla craspedopus,AmphibiaWeb
Cruziohyla sylviae,Cruziohyla sylviae,AmphibiaWeb
Cryptobatrachus boulengeri,Cryptobatrachus boulengeri,AmphibiaWeb
Cryptobatrachus conditus,Cryptobatrachus conditus,AmphibiaWeb
Cryptobatrachus fuhrmanni,Cryptobatrachus fuhrmanni,AmphibiaWeb
Cryptobatrachus incertus,Cryptobatrachus fuhrmanni,AmphibiaWeb
Cryptobatrachus nicefori,Cryptobatrachus nicefori,AmphibiaWeb
Cryptobatrachus pedroruizi,Cryptobatrachus pedroruizi,AmphibiaWeb
Cryptobatrachus remotus,Cryptobatrachus remotus,AmphibiaWeb
Cryptobatrachus ruthveni,Cryptobatrachus ruthveni,AmphibiaWeb
Cryptobranchus alleganiensis,Cryptobranchus alleganiensis,AmphibiaWeb
Cryptophyllobates azureiventris,Hyloxalus azureiventris,AmphibiaWeb
Cryptothylax greshoffii,Cryptothylax greshoffii,AmphibiaWeb
Cryptothylax minutus,Cryptothylax minutus,AmphibiaWeb
Cryptotriton adelos,Thorius adelos,AmphibiaWeb
Cryptotriton alvarezdeltoroi,Cryptotriton alvarezdeltoroi,AmphibiaWeb
Cryptotriton monzoni,Cryptotriton monzoni,AmphibiaWeb
Cryptotriton nasalis,Cryptotriton nasalis,AmphibiaWeb
Cryptotriton necopinus,Cryptotriton necopinus,AmphibiaWeb
Cryptotriton sierraminensis,Cryptotriton sierraminensis,AmphibiaWeb
Cryptotriton veraepacis,Cryptotriton veraepacis,AmphibiaWeb
Cryptotriton wakei,Cryptotriton nasalis,AmphibiaWeb
Cryptotriton xucaneborum,Cryptotriton xucaneborum,AmphibiaWeb
Ctenophryne aequatorialis,Ctenophryne aequatorialis,AmphibiaWeb
Ctenophryne aterrima,Ctenophryne aterrima,AmphibiaWeb
Ctenophryne barbatula,Ctenophryne barbatula,AmphibiaWeb
Ctenophryne carpish,Ctenophryne carpish,AmphibiaWeb
Ctenophryne geayi,Ctenophryne geayi,AmphibiaWeb
Ctenophryne minor,Ctenophryne minor,AmphibiaWeb
Cycloramphus acangatan,Cycloramphus acangatan,AmphibiaWeb
Cycloramphus asper,Cycloramphus asper,AmphibiaWeb
Cycloramphus bandeirensis,Cycloramphus bandeirensis,AmphibiaWeb
Cycloramphus bolitoglossus,Cycloramphus bolitoglossus,AmphibiaWeb
Cycloramphus boraceiensis,Cycloramphus boraceiensis,AmphibiaWeb
Cycloramphus brasiliensis,Cycloramphus brasiliensis,AmphibiaWeb
Cycloramphus carvalhoi,Cycloramphus carvalhoi,AmphibiaWeb
Cycloramphus catarinensis,Cycloramphus catarinensis,AmphibiaWeb
Cycloramphus cedrensis,Cycloramphus cedrensis,AmphibiaWeb
Cycloramphus diringshofeni,Cycloramphus diringshofeni,AmphibiaWeb
Cycloramphus dubius,Cycloramphus dubius,AmphibiaWeb
Cycloramphus duseni,Cycloramphus duseni,AmphibiaWeb
Cycloramphus eleutherodactylus,Cycloramphus eleutherodactylus,AmphibiaWeb
Cycloramphus faustoi,Cycloramphus faustoi,AmphibiaWeb
Cycloramphus fulginosus,Cycloramphus fuliginosus,AmphibiaWeb
Cycloramphus fuliginosus,Cycloramphus fuliginosus,AmphibiaWeb
Cycloramphus granulosus,Cycloramphus granulosus,AmphibiaWeb
Cycloramphus heyeri,Cycloramphus heyeri,AmphibiaWeb
Cycloramphus izecksohni,Cycloramphus izecksohni,AmphibiaWeb
Cycloramphus juimirim,Cycloramphus juimirim,AmphibiaWeb
Cycloramphus lithomimeticus,Cycloramphus lithomimeticus,AmphibiaWeb
Cycloramphus lutzorum,Cycloramphus lutzorum,AmphibiaWeb
Cycloramphus migueli,Cycloramphus migueli,AmphibiaWeb
Cycloramphus mirandaribeiroi,Cycloramphus mirandaribeiroi,AmphibiaWeb
Cycloramphus neglectus,Cycloramphus asper,AmphibiaWeb
Cycloramphus ohausi,Cycloramphus ohausi,AmphibiaWeb
Cycloramphus organensis,Cycloramphus organensis,AmphibiaWeb
Cycloramphus parvulus,Zachaenus parvulus,AmphibiaWeb
Cycloramphus rhyakonastes,Cycloramphus rhyakonastes,AmphibiaWeb
Cycloramphus semipalmatus,Cycloramphus semipalmatus,AmphibiaWeb
Cycloramphus stejnegeri,Cycloramphus stejnegeri,AmphibiaWeb
Cycloramphus umbrinus,Cycloramphus fuliginosus,AmphibiaWeb
Cycloramphus valae,Cycloramphus valae,AmphibiaWeb
Cyclorana alboguttata,Cyclorana alboguttata,AmphibiaWeb
Cyclorana australis,Cyclorana australis,AmphibiaWeb
Cyclorana brevipes,Cyclorana brevipes,AmphibiaWeb
Cyclorana cryptotis,Cyclorana cryptotis,AmphibiaWeb
Cyclorana cultripes,Cyclorana cultripes,AmphibiaWeb
Cyclorana longipes,Cyclorana longipes,AmphibiaWeb
Cyclorana maculosa,Cyclorana maculosa,AmphibiaWeb
Cyclorana maculosus,Cyclorana maculosa,AmphibiaWeb
Cyclorana maini,Cyclorana maini,AmphibiaWeb
Cyclorana manya,Cyclorana manya,AmphibiaWeb
Cyclorana novaehollandiae,Cyclorana novaehollandiae,AmphibiaWeb
Cyclorana occidentalis,Cyclorana occidentalis,AmphibiaWeb
Cyclorana platycephala,Cyclorana platycephala,AmphibiaWeb
Cyclorana verrucosa,Cyclorana verrucosa,AmphibiaWeb
Cyclorana verrucosus,Cyclorana verrucosa,AmphibiaWeb
Cynops cyanurus,Hypselotriton cyanurus,AmphibiaWeb
Cynops ensicauda,Cynops ensicauda,AmphibiaWeb
Cynops jiaoren,Hypselotriton jiaoren,AmphibiaWeb
Cynops orphicus,Hypselotriton orphicus,AmphibiaWeb
Cynops puerensis,Hypselotriton yunnanensis,AmphibiaWeb
Cynops pyrrhogaster,Cynops pyrrhogaster,AmphibiaWeb
Cynops yunnanensis,Hypselotriton yunnanensis,AmphibiaWeb
Cystignathus echinatus,Leptodactylus melanonotus,AmphibiaWeb
Cystignathus labialis,Leptodactylus mystacinus,AmphibiaWeb
Cystignathus macroglossus,Limnomedusa macroglossa,AmphibiaWeb
Cystignathus melanonotus,Leptodactylus melanonotus,AmphibiaWeb
Cystignathus mystacinus,Leptodactylus mystacinus,AmphibiaWeb
Cystignathus poecilochilus,Leptodactylus poecilochilus,AmphibiaWeb
Cystignathus roseus,Eupsophus roseus,AmphibiaWeb
Cystignathus sylvestris,Eupsophus roseus,AmphibiaWeb
Dasypops schirchi,Dasypops schirchi,AmphibiaWeb
Dendrobates amazonicus,Ranitomeya amazonica,AmphibiaWeb
Dendrobates andinus,Paruwrobates andina,AmphibiaWeb
Dendrobates arboreus,Oophaga arborea,AmphibiaWeb
Dendrobates auratus,Dendrobates auratus,AmphibiaWeb
Dendrobates azureus,Dendrobates tinctorius,AmphibiaWeb
Dendrobates captivus,Excidobates captivus,AmphibiaWeb
Dendrobates castaneoticus,Adelphobates castaneoticus,AmphibiaWeb
Dendrobates cyanovittata,Ranitomeya cyanovittata,AmphibiaWeb
Dendrobates fantasticus,Ranitomeya fantastica,AmphibiaWeb
Dendrobates flavovittatus,Ranitomeya flavovittata,AmphibiaWeb
Dendrobates galactonotus,Adelphobates galactonotus,AmphibiaWeb
Dendrobates granuliferus,Oophaga granulifera,AmphibiaWeb
Dendrobates histrionicus,Oophaga histrionica,AmphibiaWeb
Dendrobates imitator,Ranitomeya imitator,AmphibiaWeb
Dendrobates lehmanni,Oophaga lehmanni,AmphibiaWeb
Dendrobates leucomelas,Dendrobates leucomelas,AmphibiaWeb
Dendrobates minutus ventrimaculatus,Ranitomeya ventrimaculata,AmphibiaWeb
Dendrobates mysteriosus,Excidobates mysteriosus,AmphibiaWeb
Dendrobates nubeculosus,Dendrobates nubeculosus,AmphibiaWeb
Dendrobates occultator,Oophaga occultator,AmphibiaWeb
Dendrobates pumilio,Oophaga pumilio,AmphibiaWeb
Dendrobates reticulatus,Ranitomeya reticulata,AmphibiaWeb
Dendrobates shrevei,Andinobates minutus,AmphibiaWeb
Dendrobates sirensis,Ranitomeya sirensis,AmphibiaWeb
Dendrobates speciosus,Oophaga speciosa,AmphibiaWeb
Dendrobates steyermarki,Minyobates steyermarki,AmphibiaWeb
Dendrobates tinctorius,Dendrobates tinctorius,AmphibiaWeb
Dendrobates tolimensis,Andinobates tolimensis,AmphibiaWeb
Dendrobates truncatus,Dendrobates truncatus,AmphibiaWeb
Dendrobates vanzolinii,Ranitomeya vanzolinii,AmphibiaWeb
Dendrobates variabilis,Ranitomeya variabilis,AmphibiaWeb
Dendrobates ventrimaculatus,Ranitomeya ventrimaculata,AmphibiaWeb
Dendrobates vicentei,Oophaga vicentei,AmphibiaWeb
Dendrobates yavaricola,Ranitomeya yavaricola,AmphibiaWeb
Dendrohyas citropa,Dryopsophus citropa,AmphibiaWeb
Dendrophryniscus berthalutzae,Dendrophryniscus berthalutzae,AmphibiaWeb
Dendrophryniscus brevipollicatus,Dendrophryniscus brevipollicatus,AmphibiaWeb
Dendrophryniscus carvalhoi,Dendrophryniscus carvalhoi,AmphibiaWeb
Dendrophryniscus cuca,Dendrophryniscus cuca,AmphibiaWeb
Dendrophryniscus davori,Dendrophryniscus davori,AmphibiaWeb
Dendrophryniscus haddadi,Dendrophryniscus haddadi,AmphibiaWeb
Dendrophryniscus imitator,Dendrophryniscus imitator,AmphibiaWeb
Dendrophryniscus izecksohni,Dendrophryniscus izecksohni,AmphibiaWeb
Dendrophryniscus jureia,Dendrophryniscus jureia,AmphibiaWeb
Dendrophryniscus krausae,Dendrophryniscus krausae,AmphibiaWeb
Dendrophryniscus lauroi,Dendrophryniscus lauroi,AmphibiaWeb
Dendrophryniscus leucomystax,Dendrophryniscus leucomystax,AmphibiaWeb
Dendrophryniscus oreites,Dendrophryniscus oreites,AmphibiaWeb
Dendrophryniscus organensis,Dendrophryniscus organensis,AmphibiaWeb
Dendrophryniscus proboscideus,Dendrophryniscus proboscideus,AmphibiaWeb
Dendrophryniscus skuki,Dendrophryniscus skuki,AmphibiaWeb
Dendrophryniscus stawiarskyi,Dendrophryniscus stawiarskyi,AmphibiaWeb
Dendropsophus acreanus,Dendropsophus acreanus,AmphibiaWeb
Dendropsophus allenorum,Dendropsophus timbeba,AmphibiaWeb
Dendropsophus amicorum,Dendropsophus amicorum,AmphibiaWeb
Dendropsophus anataliasiasi,Dendropsophus anataliasiasi,AmphibiaWeb
Dendropsophus anceps,Dendropsophus anceps,AmphibiaWeb
Dendropsophus aperomeus,Dendropsophus aperomeus,AmphibiaWeb
Dendropsophus araguaya,Dendropsophus araguaya,AmphibiaWeb
Dendropsophus arndti,Dendropsophus arndti,AmphibiaWeb
Dendropsophus battersbyi,Dendropsophus battersbyi,AmphibiaWeb
Dendropsophus berthalutzae,Dendropsophus berthalutzae,AmphibiaWeb
Dendropsophus bifurcus,Dendropsophus bifurcus,AmphibiaWeb
Dendropsophus bilobatus,Dendropsophus bilobatus,AmphibiaWeb
Dendropsophus bipunctatus,Dendropsophus bipunctatus,AmphibiaWeb
Dendropsophus bogerti,Dendropsophus bogerti,AmphibiaWeb
Dendropsophus bokermanni,Dendropsophus bokermanni,AmphibiaWeb
Dendropsophus branneri,Dendropsophus branneri,AmphibiaWeb
Dendropsophus brevifrons,Dendropsophus brevifrons,AmphibiaWeb
Dendropsophus bromeliaceus,Dendropsophus bromeliaceus,AmphibiaWeb
Dendropsophus cachimbo,Dendropsophus cachimbo,AmphibiaWeb
Dendropsophus cannatellai,Dendropsophus cannatellai,AmphibiaWeb
Dendropsophus carnifex,Dendropsophus carnifex,AmphibiaWeb
Dendropsophus cerradensis,Dendropsophus cerradensis,AmphibiaWeb
Dendropsophus coffeus,Dendropsophus coffeus,AmphibiaWeb
Dendropsophus columbianus,Dendropsophus columbianus,AmphibiaWeb
Dendropsophus counani,Dendropsophus counani,AmphibiaWeb
Dendropsophus cruzi,Dendropsophus cruzi,AmphibiaWeb
Dendropsophus decipiens,Dendropsophus decipiens,AmphibiaWeb
Dendropsophus delarivai,Dendropsophus delarivai,AmphibiaWeb
Dendropsophus dutrai,Dendropsophus dutrai,AmphibiaWeb
Dendropsophus ebraccatus,Dendropsophus ebraccatus,AmphibiaWeb
Dendropsophus elegans,Dendropsophus elegans,AmphibiaWeb
Dendropsophus elianeae,Dendropsophus elianeae,AmphibiaWeb
Dendropsophus frosti,Dendropsophus frosti,AmphibiaWeb
Dendropsophus garagoensis,Dendropsophus garagoensis,AmphibiaWeb
Dendropsophus gaucheri,Dendropsophus gaucheri,AmphibiaWeb
Dendropsophus giesleri,Dendropsophus giesleri,AmphibiaWeb
Dendropsophus goughi,Dendropsophus goughi,AmphibiaWeb
Dendropsophus grandisonae,Dendropsophus grandisonae,AmphibiaWeb
Dendropsophus gryllatus,Dendropsophus gryllatus,AmphibiaWeb
Dendropsophus haddadi,Dendropsophus haddadi,AmphibiaWeb
Dendropsophus haraldschultzi,Dendropsophus haraldschultzi,AmphibiaWeb
Dendropsophus imitator,Dendropsophus imitator,AmphibiaWeb
Dendropsophus jamesi,Dendropsophus jamesi,AmphibiaWeb
Dendropsophus jimi,Dendropsophus cerradensis,AmphibiaWeb
Dendropsophus joannae,Dendropsophus joannae,AmphibiaWeb
Dendropsophus juliani,Dendropsophus juliani,AmphibiaWeb
Dendropsophus kamagarini,Dendropsophus kamagarini,AmphibiaWeb
Dendropsophus koechlini,Dendropsophus pauiniensis,AmphibiaWeb
Dendropsophus kubricki,Dendropsophus kubricki,AmphibiaWeb
Dendropsophus labialis,Dendropsophus labialis,AmphibiaWeb
Dendropsophus leali,Dendropsophus leali,AmphibiaWeb
Dendropsophus leucophyllatus,Dendropsophus leucophyllatus,AmphibiaWeb
Dendropsophus limai,Dendropsophus limai,AmphibiaWeb
Dendropsophus luddeckei,Dendropsophus luddeckei,AmphibiaWeb
Dendropsophus luteoocellatus,Dendropsophus luteoocellatus,AmphibiaWeb
Dendropsophus manonegra,Dendropsophus manonegra,AmphibiaWeb
Dendropsophus mapinguari,Dendropsophus mapinguari,AmphibiaWeb
Dendropsophus marmoratus,Dendropsophus marmoratus,AmphibiaWeb
Dendropsophus mathiassoni,Dendropsophus mathiassoni,AmphibiaWeb
Dendropsophus melanargyreus,Dendropsophus melanargyreus,AmphibiaWeb
Dendropsophus meridensis,Dendropsophus meridensis,AmphibiaWeb
Dendropsophus meridianus,Dendropsophus meridianus,AmphibiaWeb
Dendropsophus microcephalus,Dendropsophus microcephalus,AmphibiaWeb
Dendropsophus microps,Dendropsophus microps,AmphibiaWeb
Dendropsophus minimus,Dendropsophus minimus,AmphibiaWeb
Dendropsophus minusculus,Dendropsophus minusculus,AmphibiaWeb
Dendropsophus minutus,Dendropsophus minutus,AmphibiaWeb
Dendropsophus miyatai,Dendropsophus miyatai,AmphibiaWeb
Dendropsophus nahdereri,Dendropsophus nahdereri,AmphibiaWeb
Dendropsophus nanus,Dendropsophus nanus,AmphibiaWeb
Dendropsophus nekronastes,Dendropsophus nekronastes,AmphibiaWeb
Dendropsophus norandinus,Dendropsophus norandinus,AmphibiaWeb
Dendropsophus novaisi,Dendropsophus novaisi,AmphibiaWeb
Dendropsophus oliveirai,Dendropsophus oliveirai,AmphibiaWeb
Dendropsophus ozzyi,Dendropsophus ozzyi,AmphibiaWeb
Dendropsophus padreluna,Dendropsophus padreluna,AmphibiaWeb
Dendropsophus parviceps,Dendropsophus parviceps,AmphibiaWeb
Dendropsophus pauiniensis,Dendropsophus pauiniensis,AmphibiaWeb
Dendropsophus pelidna,Dendropsophus pelidna,AmphibiaWeb
Dendropsophus phlebodes,Dendropsophus phlebodes,AmphibiaWeb
Dendropsophus praestans,Dendropsophus praestans,AmphibiaWeb
Dendropsophus pseudomeridianus,Dendropsophus pseudomeridianus,AmphibiaWeb
Dendropsophus reichlei,Dendropsophus reichlei,AmphibiaWeb
Dendropsophus reticulatus,Dendropsophus reticulatus,AmphibiaWeb
Dendropsophus rhea,Dendropsophus cerradensis,AmphibiaWeb
Dendropsophus rhodopeplus,Dendropsophus rhodopeplus,AmphibiaWeb
Dendropsophus riveroi,Dendropsophus riveroi,AmphibiaWeb
Dendropsophus robertmertensi,Dendropsophus robertmertensi,AmphibiaWeb
Dendropsophus rossalleni,Dendropsophus rossalleni,AmphibiaWeb
Dendropsophus rozenmani,Dendropsophus rozenmani,AmphibiaWeb
Dendropsophus rubicundulus,Dendropsophus rubicundulus,AmphibiaWeb
Dendropsophus ruschii,Dendropsophus ruschii,AmphibiaWeb
Dendropsophus salli,Dendropsophus salli,AmphibiaWeb
Dendropsophus sanborni,Dendropsophus sanborni,AmphibiaWeb
Dendropsophus sarayacuensis,Dendropsophus sarayacuensis,AmphibiaWeb
Dendropsophus sartori,Dendropsophus sartori,AmphibiaWeb
Dendropsophus schubarti,Dendropsophus schubarti,AmphibiaWeb
Dendropsophus seniculus,Dendropsophus seniculus,AmphibiaWeb
Dendropsophus shiwiarum,Dendropsophus shiwiarum,AmphibiaWeb
Dendropsophus soaresi,Dendropsophus soaresi,AmphibiaWeb
Dendropsophus stingi,Dendropsophus stingi,AmphibiaWeb
Dendropsophus studerae,Dendropsophus studerae,AmphibiaWeb
Dendropsophus subocularis,Dendropsophus subocularis,AmphibiaWeb
Dendropsophus tapacurensis,Dendropsophus tapacurensis,AmphibiaWeb
Dendropsophus timbeba,Dendropsophus timbeba,AmphibiaWeb
Dendropsophus tintinnabulum,Dendropsophus tintinnabulum,AmphibiaWeb
Dendropsophus triangulum,Dendropsophus triangulum,AmphibiaWeb
Dendropsophus tritaeniatus,Dendropsophus tritaeniatus,AmphibiaWeb
Dendropsophus virolinensis,Dendropsophus virolinensis,AmphibiaWeb
Dendropsophus vraemi,Dendropsophus vraemi,AmphibiaWeb
Dendropsophus walfordi,Dendropsophus walfordi,AmphibiaWeb
Dendropsophus werneri,Dendropsophus werneri,AmphibiaWeb
Dendropsophus xapuriensis,Dendropsophus xapuriensis,AmphibiaWeb
Dendropsophus yaracuyanus,Dendropsophus yaracuyanus,AmphibiaWeb
Dendrotriton bromeliacius,Dendrotriton bromeliacius,AmphibiaWeb
Dendrotriton chujorum,Dendrotriton chujorum,AmphibiaWeb
Dendrotriton cuchumatanus,Dendrotriton cuchumatanus,AmphibiaWeb
Dendrotriton kekchiorum,Dendrotriton kekchiorum,AmphibiaWeb
Dendrotriton megarhinus,Dendrotriton megarhinus,AmphibiaWeb
Dendrotriton rabbi,Dendrotriton rabbi,AmphibiaWeb
Dendrotriton sanctibarbarus,Dendrotriton sanctibarbarus,AmphibiaWeb
Dendrotriton xolocalcae,Dendrotriton xolocalcae,AmphibiaWeb
Dermatonotus muelleri,Dermatonotus muelleri,AmphibiaWeb
Dermophis costaricense,Dermophis costaricense,AmphibiaWeb
Dermophis glandulosus,Dermophis glandulosus,AmphibiaWeb
Dermophis gracilior,Dermophis gracilior,AmphibiaWeb
Dermophis mexicanus,Dermophis mexicanus,AmphibiaWeb
Dermophis oaxacae,Dermophis oaxacae,AmphibiaWeb
Dermophis occidentalis,Dermophis occidentalis,AmphibiaWeb
Dermophis parviceps,Dermophis parviceps,AmphibiaWeb
Desmognathus abditus,Desmognathus abditus,AmphibiaWeb
Desmognathus adatsihi,Desmognathus adatsihi,AmphibiaWeb
Desmognathus aeneus,Desmognathus aeneus,AmphibiaWeb
Desmognathus amphileucas,Desmognathus amphileucas,AmphibiaWeb
Desmognathus anicetus,Desmognathus anicetus,AmphibiaWeb
Desmognathus apalachicolae,Desmognathus apalachicolae,AmphibiaWeb
Desmognathus aureatus,Desmognathus aureatus,AmphibiaWeb
Desmognathus auriculatus,Desmognathus auriculatus,AmphibiaWeb
Desmognathus bairdi,Desmognathus bairdi,AmphibiaWeb
Desmognathus balsameus,Desmognathus balsameus,AmphibiaWeb
Desmognathus brimleyorum,Desmognathus brimleyorum,AmphibiaWeb
Desmognathus campi,Desmognathus campi,AmphibiaWeb
Desmognathus carolinensis,Desmognathus carolinensis,AmphibiaWeb
Desmognathus catahoula,Desmognathus catahoula,AmphibiaWeb
Desmognathus cheaha,Desmognathus cheaha,AmphibiaWeb
Desmognathus conanti,Desmognathus conanti,AmphibiaWeb
Desmognathus folkertsi,Desmognathus folkertsi,AmphibiaWeb
Desmognathus fuscus,Desmognathus fuscus,AmphibiaWeb
Desmognathus gvnigeusgwotli,Desmognathus gvnigeusgwotli,AmphibiaWeb
Desmognathus imitator,Desmognathus imitator,AmphibiaWeb
Desmognathus intermedius,Desmognathus intermedius,AmphibiaWeb
Desmognathus kanawha,Desmognathus kanawha,AmphibiaWeb
Desmognathus lycos,Desmognathus lycos,AmphibiaWeb
Desmognathus marmoratus,Desmognathus marmoratus,AmphibiaWeb
Desmognathus mavrokoilius,Desmognathus mavrokoilius,AmphibiaWeb
Desmognathus monticola,Desmognathus monticola,AmphibiaWeb
Desmognathus ochrophaea,Desmognathus ochrophaeus,AmphibiaWeb
Desmognathus ochrophaea carolinensis,Desmognathus carolinensis,AmphibiaWeb
Desmognathus ochrophaeus,Desmognathus ochrophaeus,AmphibiaWeb
Desmognathus ocoee,Desmognathus ocoee,AmphibiaWeb
Desmognathus orestes,Desmognathus orestes,AmphibiaWeb
Desmognathus organi,Desmognathus organi,AmphibiaWeb
Desmognathus pascagoula,Desmognathus pascagoula,AmphibiaWeb
Desmognathus perlapsus,Desmognathus perlapsus,AmphibiaWeb
Desmognathus phoca,Desmognathus fuscus,AmphibiaWeb
Desmognathus planiceps,Desmognathus planiceps,AmphibiaWeb
Desmognathus quadramaculatus,Desmognathus fuscus,AmphibiaWeb
Desmognathus santeetlah,Desmognathus santeetlah,AmphibiaWeb
Desmognathus tilleyi,Desmognathus tilleyi,AmphibiaWeb
Desmognathus valentinei,Desmognathus valentinei,AmphibiaWeb
Desmognathus valtos,Desmognathus valtos,AmphibiaWeb
Desmognathus welteri,Desmognathus welteri,AmphibiaWeb
Desmognathus wrighti,Desmognathus wrighti,AmphibiaWeb
Desmognathus wrightii,Batrachoseps wrighti,AmphibiaWeb
Diaglena spatulata,Triprion spatulatus,AmphibiaWeb
Diasporus amirae,Diasporus amirae,AmphibiaWeb
Diasporus anthrax,Diasporus anthrax,AmphibiaWeb
Diasporus citrinobapheus,Diasporus citrinobapheus,AmphibiaWeb
Diasporus darienensis,Diasporus darienensis,AmphibiaWeb
Diasporus diastema,Diasporus diastema,AmphibiaWeb
Diasporus gularis,Diasporus gularis,AmphibiaWeb
Diasporus hylaeformis,Diasporus hylaeformis,AmphibiaWeb
Diasporus igneus,Diasporus igneus,AmphibiaWeb
Diasporus lynchi,Diasporus lynchi,AmphibiaWeb
Diasporus majeensis,Diasporus majeensis,AmphibiaWeb
Diasporus pequeno,Diasporus pequeno,AmphibiaWeb
Diasporus quidditus,Diasporus quidditus,AmphibiaWeb
Diasporus sapo,Diasporus sapo,AmphibiaWeb
Diasporus tigrillo,Diasporus tigrillo,AmphibiaWeb
Diasporus tinker,Diasporus tinker,AmphibiaWeb
Diasporus ventrimaculatus,Diasporus ventrimaculatus,AmphibiaWeb
Diasporus vocator,Diasporus vocator,AmphibiaWeb
Dicamptodon aterrimus,Dicamptodon aterrimus,AmphibiaWeb
Dicamptodon copei,Dicamptodon copei,AmphibiaWeb
Dicamptodon ensatus,Dicamptodon ensatus,AmphibiaWeb
Dicamptodon tenebrosus,Dicamptodon tenebrosus,AmphibiaWeb
Didynamipus sjostedti,Didynamipus sjostedti,AmphibiaWeb
Diemictylus montandoni,Lissotriton montandoni,AmphibiaWeb
Diemictylus viridescens,Notophthalmus viridescens,AmphibiaWeb
Diemictylus viridescens perstriatus,Notophthalmus perstriatus,AmphibiaWeb
Dimorphognathus africanus,Phrynobatrachus africanus,AmphibiaWeb
Dischidodactylus colonnelloi,Dischidodactylus colonnelloi,AmphibiaWeb
Dischidodactylus duidensis,Dischidodactylus duidensis,AmphibiaWeb
Discodeles guppyi,Cornufer guppyi,AmphibiaWeb
Discoglossus galganoi,Discoglossus galganoi,AmphibiaWeb
Discoglossus jeanneae,Discoglossus galganoi,AmphibiaWeb
Discoglossus montalenti,Discoglossus montalentii,AmphibiaWeb
Discoglossus montalentii,Discoglossus montalentii,AmphibiaWeb
Discoglossus pictus,Discoglossus pictus,AmphibiaWeb
Discoglossus sardus,Discoglossus sardus,AmphibiaWeb
Discoglossus scovazzi,Discoglossus scovazzi,AmphibiaWeb
Dryaderces inframaculata,Dryaderces inframaculata,AmphibiaWeb
Dryaderces pearsoni,Dryaderces pearsoni,AmphibiaWeb
Dryadobates alagoanus,Dryadobates alagoanus,AmphibiaWeb
Dryadobates bokermanni,Dryadobates bokermanni,AmphibiaWeb
Dryadobates capixaba,Dryadobates capixaba,AmphibiaWeb
Dryadobates carioca,Dryadobates carioca,AmphibiaWeb
Dryadobates erythropus,Dryadobates erythropus,AmphibiaWeb
Dryadobates lutzi,Dryadobates lutzi,AmphibiaWeb
Dryadobates olfersioides,Dryadobates olfersioides,AmphibiaWeb
Drymomantis cooloolensis,Drymomantis cooloolensis,AmphibiaWeb
Drymomantis fallax,Drymomantis fallax,AmphibiaWeb
Drymomantis olongburensis,Drymomantis olongburensis,AmphibiaWeb
Dryomelictes aurantiacus,Sphaenorhynchus lacteus,AmphibiaWeb
Dryomelictes seabrai,Allophryne ruthveni,AmphibiaWeb
Dryophytes andersonii,Hyla andersonii,AmphibiaWeb
Dryophytes arboricola,Hyla arboricola,AmphibiaWeb
Dryophytes arenicolor,Hyla arenicolor,AmphibiaWeb
Dryophytes avivoca,Hyla avivoca,AmphibiaWeb
Dryophytes bocourti,Hyla bocourti,AmphibiaWeb
Dryophytes chrysoscelis,Hyla chrysoscelis,AmphibiaWeb
Dryophytes cinereus,Hyla cinerea,AmphibiaWeb
Dryophytes euphorbiaceus,Hyla euphorbiacea,AmphibiaWeb
Dryophytes eximius,Hyla eximia,AmphibiaWeb
Dryophytes femoralis,Hyla femoralis,AmphibiaWeb
Dryophytes flaviventris,Dryophytes flaviventris,AmphibiaWeb
Dryophytes gratiosus,Hyla gratiosa,AmphibiaWeb
Dryophytes heinzsteinitzi,Hyla heinzsteinitzi,AmphibiaWeb
Dryophytes immaculatus,Hyla immaculata,AmphibiaWeb
Dryophytes japonicus,Hyla japonica,AmphibiaWeb
Dryophytes plicatus,Hyla plicata,AmphibiaWeb
Dryophytes squirellus,Hyla squirella,AmphibiaWeb
Dryophytes suweonensis,Hyla suweonensis,AmphibiaWeb
Dryophytes versicolor,Hyla versicolor,AmphibiaWeb
Dryophytes walkeri,Hyla walkeri,AmphibiaWeb
Dryophytes wrightorum,Hyla wrightorum,AmphibiaWeb
Dryopsophus barringtonensis,Dryopsophus barringtonensis,AmphibiaWeb
Dryopsophus caeruleus,Pelodryas caerulea,AmphibiaWeb
Dryopsophus daviesae,Dryopsophus daviesae,AmphibiaWeb
Dryopsophus pearsoniana,Dryopsophus pearsoniana,AmphibiaWeb
Dryopsophus phyllochrous,Dryopsophus phyllochrous,AmphibiaWeb
Dryopsophus piperata,Dryopsophus piperata,AmphibiaWeb
Dryopsophus spenceri,Dryopsophus spenceri,AmphibiaWeb
Dryopsophus subglandulosus,Dryopsophus subglandulosus,AmphibiaWeb
Duellmanohyla chamulae,Duellmanohyla chamulae,AmphibiaWeb
Duellmanohyla ignicolor,Duellmanohyla ignicolor,AmphibiaWeb
Duellmanohyla lythrodes,Duellmanohyla lythrodes,AmphibiaWeb
Duellmanohyla rufioculis,Duellmanohyla rufioculis,AmphibiaWeb
Duellmanohyla salvavida,Duellmanohyla salvavida,AmphibiaWeb
Duellmanohyla schmidtorum,Duellmanohyla schmidtorum,AmphibiaWeb
Duellmanohyla soralia,Duellmanohyla soralia,AmphibiaWeb
Duellmanohyla uranochroa,Duellmanohyla uranochroa,AmphibiaWeb
Duttaphrynus atukoralei,Duttaphrynus scaber,AmphibiaWeb
Duttaphrynus beddomii,Duttaphrynus beddomii,AmphibiaWeb
Duttaphrynus bengalensis,Duttaphrynus bengalensis,AmphibiaWeb
Duttaphrynus brevirostris,Duttaphrynus brevirostris,AmphibiaWeb
Duttaphrynus chandai,Duttaphrynus chandai,AmphibiaWeb
Duttaphrynus crocus,Duttaphrynus crocus,AmphibiaWeb
Duttaphrynus cyphosus,Duttaphrynus cyphosus,AmphibiaWeb
Duttaphrynus dhufarensis,Duttaphrynus dhufarensis,AmphibiaWeb
Duttaphrynus hololius,Duttaphrynus hololius,AmphibiaWeb
Duttaphrynus kiphirensis,Duttaphrynus kiphirensis,AmphibiaWeb
Duttaphrynus kotagamai,Duttaphrynus kotagamai,AmphibiaWeb
Duttaphrynus mamitensis,Duttaphrynus mamitensis,AmphibiaWeb
Duttaphrynus manipurensis,Duttaphrynus manipurensis,AmphibiaWeb
Duttaphrynus melanostictus,Duttaphrynus melanostictus,AmphibiaWeb
Duttaphrynus microtympanum,Duttaphrynus microtympanum,AmphibiaWeb
Duttaphrynus mizoramensis,Duttaphrynus mizoramensis,AmphibiaWeb
Duttaphrynus nagalandensis,Duttaphrynus nagalandensis,AmphibiaWeb
Duttaphrynus noellerti,Duttaphrynus noellerti,AmphibiaWeb
Duttaphrynus olivaceus,Duttaphrynus olivaceus,AmphibiaWeb
Duttaphrynus parietalis,Duttaphrynus parietalis,AmphibiaWeb
Duttaphrynus peninsularis,Duttaphrynus peninsularis,AmphibiaWeb
Duttaphrynus scaber,Duttaphrynus scaber,AmphibiaWeb
Duttaphrynus scorteccii,Duttaphrynus scorteccii,AmphibiaWeb
Duttaphrynus silentvalleyensis,Duttaphrynus silentvalleyensis,AmphibiaWeb
Duttaphrynus stomaticus,Duttaphrynus stomaticus,AmphibiaWeb
Duttaphrynus stuarti,Duttaphrynus stuarti,AmphibiaWeb
Duttaphrynus sumatranus,Duttaphrynus sumatranus,AmphibiaWeb
Duttaphrynus totol,Duttaphrynus totol,AmphibiaWeb
Duttaphrynus valhallae,Duttaphrynus valhallae,AmphibiaWeb
Duttaphrynus wokhaensis,Duttaphrynus wokhaensis,AmphibiaWeb
Dyscophus antongilii,Dyscophus antongilii,AmphibiaWeb
Dyscophus guineti,Dyscophus guineti,AmphibiaWeb
Dyscophus insularis,Dyscophus insularis,AmphibiaWeb
Echinotriton andersoni,Echinotriton andersoni,AmphibiaWeb
Echinotriton chinhaiensis,Echinotriton chinhaiensis,AmphibiaWeb
Echinotriton maxiquadratus,Echinotriton maxiquadratus,AmphibiaWeb
Echinotriton raffaellii,Echinotriton raffaellii,AmphibiaWeb
Ecnomiohyla bailarina,Ecnomiohyla bailarina,AmphibiaWeb
Ecnomiohyla echinata,Ecnomiohyla echinata,AmphibiaWeb
Ecnomiohyla fimbrimembra,Ecnomiohyla fimbrimembra,AmphibiaWeb
Ecnomiohyla miliaria,Ecnomiohyla miliaria,AmphibiaWeb
Ecnomiohyla minera,Ecnomiohyla minera,AmphibiaWeb
Ecnomiohyla miotympanum,Ecnomiohyla miotympanum,AmphibiaWeb
Ecnomiohyla phantasmagoria,Ecnomiohyla phantasmagoria,AmphibiaWeb
Ecnomiohyla rabborum,Ecnomiohyla rabborum,AmphibiaWeb
Ecnomiohyla salvaje,Ecnomiohyla salvaje,AmphibiaWeb
Ecnomiohyla sukia,Ecnomiohyla sukia,AmphibiaWeb
Ecnomiohyla thysanota,Ecnomiohyla thysanota,AmphibiaWeb
Ecnomiohyla valancifer,Ecnomiohyla valancifer,AmphibiaWeb
Ecnomiohyla veraguensis,Ecnomiohyla veraguensis,AmphibiaWeb
Ectopoglossus absconditus,Ectopoglossus absconditus,AmphibiaWeb
Ectopoglossus astralogaster,Ectopoglossus astralogaster,AmphibiaWeb
Ectopoglossus atopoglossus,Ectopoglossus atopoglossus,AmphibiaWeb
Ectopoglossus confusus,Ectopoglossus confusus,AmphibiaWeb
Ectopoglossus isthminus,Ectopoglossus isthminus,AmphibiaWeb
Ectopoglossus lacrimosus,Ectopoglossus lacrimosus,AmphibiaWeb
Ectopoglossus saxatilis,Ectopoglossus saxatilis,AmphibiaWeb
Edalorhina nasuta,Edalorhina nasuta,AmphibiaWeb
Edalorhina perezi,Edalorhina perezi,AmphibiaWeb
Elachistocleis araios,Elachistocleis araios,AmphibiaWeb
Elachistocleis bicolor,Elachistocleis bicolor,AmphibiaWeb
Elachistocleis bumbameuboi,Elachistocleis magna,AmphibiaWeb
Elachistocleis carvalhoi,Elachistocleis magna,AmphibiaWeb
Elachistocleis cesarii,Elachistocleis cesarii,AmphibiaWeb
Elachistocleis corumbaensis,Elachistocleis corumbaensis,AmphibiaWeb
Elachistocleis erythrogaster,Elachistocleis erythrogaster,AmphibiaWeb
Elachistocleis haroi,Elachistocleis haroi,AmphibiaWeb
Elachistocleis helianneae,Elachistocleis helianneae,AmphibiaWeb
Elachistocleis magna,Elachistocleis magna,AmphibiaWeb
Elachistocleis matogrosso,Elachistocleis matogrosso,AmphibiaWeb
Elachistocleis muiraquitan,Elachistocleis muiraquitan,AmphibiaWeb
Elachistocleis nigrogularis,Elachistocleis nigrogularis,AmphibiaWeb
Elachistocleis ovalis,Elachistocleis ovalis,AmphibiaWeb
Elachistocleis panamensis,Elachistocleis panamensis,AmphibiaWeb
Elachistocleis pearsei,Elachistocleis pearsei,AmphibiaWeb
Elachistocleis piauiensis,Elachistocleis piauiensis,AmphibiaWeb
Elachistocleis sikuani,Elachistocleis sikuani,AmphibiaWeb
Elachistocleis skotogaster,Elachistocleis skotogaster,AmphibiaWeb
Elachistocleis surinamensis,Elachistocleis surinamensis,AmphibiaWeb
Elachistocleis surumu,Elachistocleis surinamensis,AmphibiaWeb
Elachistocleis tinigua,Elachistocleis tinigua,AmphibiaWeb
Eleutherodactylus aaptus,Pristimantis aaptus,AmphibiaWeb
Eleutherodactylus abbotti,Eleutherodactylus abbotti,AmphibiaWeb
Eleutherodactylus acatallelus,Pristimantis acatallelus,AmphibiaWeb
Eleutherodactylus acerus,Pristimantis acerus,AmphibiaWeb
Eleutherodactylus achatinus,Pristimantis achatinus,AmphibiaWeb
Eleutherodactylus acmonis,Eleutherodactylus acmonis,AmphibiaWeb
Eleutherodactylus actinolaimus,Pristimantis actinolaimus,AmphibiaWeb
Eleutherodactylus actites,Pristimantis actites,AmphibiaWeb
Eleutherodactylus acuminatus,Pristimantis acuminatus,AmphibiaWeb
Eleutherodactylus acutirostris,Pristimantis acutirostris,AmphibiaWeb
Eleutherodactylus adamastus,Craugastor adamastus,AmphibiaWeb
Eleutherodactylus adelus,Eleutherodactylus adelus,AmphibiaWeb
Eleutherodactylus adercus,Niceforonia aderca,AmphibiaWeb
Eleutherodactylus aemulatus,Pristimantis aemulatus,AmphibiaWeb
Eleutherodactylus affinis,Pristimantis affinis,AmphibiaWeb
Eleutherodactylus alalocophus,Pristimantis alalocophus,AmphibiaWeb
Eleutherodactylus albericoi,Pristimantis albericoi,AmphibiaWeb
Eleutherodactylus albipes,Eleutherodactylus albipes,AmphibiaWeb
Eleutherodactylus albolabris,Eleutherodactylus albolabris,AmphibiaWeb
Eleutherodactylus alcoae,Eleutherodactylus alcoae,AmphibiaWeb
Eleutherodactylus alfredi,Craugastor alfredi,AmphibiaWeb
Eleutherodactylus altae,Pristimantis altae,AmphibiaWeb
Eleutherodactylus altamazonicus,Pristimantis altamazonicus,AmphibiaWeb
Eleutherodactylus alticola,Eleutherodactylus alticola,AmphibiaWeb
Eleutherodactylus amadeus,Eleutherodactylus amadeus,AmphibiaWeb
Eleutherodactylus amniscola,Craugastor amniscola,AmphibiaWeb
Eleutherodactylus amplinympha,Eleutherodactylus amplinympha,AmphibiaWeb
Eleutherodactylus anatipes,Strabomantis anatipes,AmphibiaWeb
Eleutherodactylus anciano,Craugastor anciano,AmphibiaWeb
Eleutherodactylus andi,Craugastor andi,AmphibiaWeb
Eleutherodactylus andicola,Gastrotheca marsupiata,AmphibiaWeb
Eleutherodactylus andrewsi,Eleutherodactylus andrewsi,AmphibiaWeb
Eleutherodactylus anemerus,Pristimantis anemerus,AmphibiaWeb
Eleutherodactylus angelicus,Craugastor angelicus,AmphibiaWeb
Eleutherodactylus angustidigitorum,Eleutherodactylus angustidigitorum,AmphibiaWeb
Eleutherodactylus angustilineata,Pristimantis angustilineatus,AmphibiaWeb
Eleutherodactylus angustilineatus,Pristimantis angustilineatus,AmphibiaWeb
Eleutherodactylus anolirex,Pristimantis anolirex,AmphibiaWeb
Eleutherodactylus anomalus,Strabomantis anomalus,AmphibiaWeb
Eleutherodactylus anonymus,Pristimantis incertus,AmphibiaWeb
Eleutherodactylus anotis,Pristimantis anotis,AmphibiaWeb
Eleutherodactylus anthrax,Diasporus anthrax,AmphibiaWeb
Eleutherodactylus antillensis,Eleutherodactylus antillensis,AmphibiaWeb
Eleutherodactylus anzuetoi,Craugastor lineatus,AmphibiaWeb
Eleutherodactylus aphanus,Craugastor aphanus,AmphibiaWeb
Eleutherodactylus apiculatus,Pristimantis apiculatus,AmphibiaWeb
Eleutherodactylus aporostegus,Eleutherodactylus aporostegus,AmphibiaWeb
Eleutherodactylus apostates,Eleutherodactylus apostates,AmphibiaWeb
Eleutherodactylus appendiculatus,Pristimantis appendiculatus,AmphibiaWeb
Eleutherodactylus araiodactylus,Niceforonia araiodactyla,AmphibiaWeb
Eleutherodactylus ardalonychus,Pristimantis ardalonychus,AmphibiaWeb
Eleutherodactylus argyreornatus,Ololygon argyreornata,AmphibiaWeb
Eleutherodactylus armstrongi,Eleutherodactylus armstrongi,AmphibiaWeb
Eleutherodactylus ashkapara,Yunganastes ashkapara,AmphibiaWeb
Eleutherodactylus atkinsi,Eleutherodactylus atkinsi,AmphibiaWeb
Eleutherodactylus atrabracus,Pristimantis atrabracus,AmphibiaWeb
Eleutherodactylus atratus,Pristimantis atratus,AmphibiaWeb
Eleutherodactylus audanti,Eleutherodactylus audanti,AmphibiaWeb
Eleutherodactylus augusti,Craugastor augusti,AmphibiaWeb
Eleutherodactylus aurantiguttatus,Pristimantis aurantiguttatus,AmphibiaWeb
Eleutherodactylus auriculatoides,Eleutherodactylus auriculatoides,AmphibiaWeb
Eleutherodactylus auriculatus,Eleutherodactylus auriculatus,AmphibiaWeb
Eleutherodactylus aurilegulus,Craugastor aurilegulus,AmphibiaWeb
Eleutherodactylus avicuporum,Pristimantis avicuporum,AmphibiaWeb
Eleutherodactylus avius,Pristimantis avius,AmphibiaWeb
Eleutherodactylus azueroensis,Craugastor azueroensis,AmphibiaWeb
Eleutherodactylus babax,Niceforonia babax,AmphibiaWeb
Eleutherodactylus bacchus,Pristimantis bacchus,AmphibiaWeb
Eleutherodactylus baiotis,Pristimantis baiotis,AmphibiaWeb
Eleutherodactylus bakeri,Eleutherodactylus bakeri,AmphibiaWeb
Eleutherodactylus balionotus,Pristimantis balionotus,AmphibiaWeb
Eleutherodactylus barlagnei,Eleutherodactylus barlagnei,AmphibiaWeb
Eleutherodactylus bartonsmithi,Eleutherodactylus bartonsmithi,AmphibiaWeb
Eleutherodactylus baryecuus,Pristimantis baryecuus,AmphibiaWeb
Eleutherodactylus batrachites,Pristimantis batrachites,AmphibiaWeb
Eleutherodactylus batrachylus,Craugastor batrachylus,AmphibiaWeb
Eleutherodactylus bearsei,Pristimantis bearsei,AmphibiaWeb
Eleutherodactylus beatae,Craugastor rhodopis,AmphibiaWeb
Eleutherodactylus beebei,Eleutherodactylus inoptatus,AmphibiaWeb
Eleutherodactylus beguei,Eleutherodactylus beguei,AmphibiaWeb
Eleutherodactylus bellona,Pristimantis bellona,AmphibiaWeb
Eleutherodactylus berkenbuschii,Craugastor berkenbuschii,AmphibiaWeb
Eleutherodactylus bernali,Pristimantis bernali,AmphibiaWeb
Eleutherodactylus bicolor,Pristimantis bicolor,AmphibiaWeb
Eleutherodactylus bicumulus,Pristimantis bicumulus,AmphibiaWeb
Eleutherodactylus bilineatus,Bahius bilineatus,AmphibiaWeb
Eleutherodactylus binotatus,Haddadus binotatus,AmphibiaWeb
Eleutherodactylus biporcatus,Strabomantis biporcatus,AmphibiaWeb
Eleutherodactylus bisignatus,Yunganastes bisignatus,AmphibiaWeb
Eleutherodactylus blairhedgesi,Eleutherodactylus blairhedgesi,AmphibiaWeb
Eleutherodactylus bocourti,Craugastor bocourti,AmphibiaWeb
Eleutherodactylus bogotensis,Pristimantis bogotensis,AmphibiaWeb
Eleutherodactylus bolbodactylus,Ischnocnema bolbodactyla,AmphibiaWeb
Eleutherodactylus bothroboans,Eleutherodactylus bothroboans,AmphibiaWeb
Eleutherodactylus boulengeri,Pristimantis boulengeri,AmphibiaWeb
Eleutherodactylus brachypodius,Pristimantis vilarsi,AmphibiaWeb
Eleutherodactylus bransfordii,Craugastor bransfordii,AmphibiaWeb
Eleutherodactylus brederi,Pristimantis achatinus,AmphibiaWeb
Eleutherodactylus bresslerae,Eleutherodactylus bresslerae,AmphibiaWeb
Eleutherodactylus brevicrus,Pristimantis altamazonicus,AmphibiaWeb
Eleutherodactylus brevifrons,Pristimantis brevifrons,AmphibiaWeb
Eleutherodactylus brevipalmatus,Eleutherodactylus cuneatus,AmphibiaWeb
Eleutherodactylus brevirostris,Eleutherodactylus brevirostris,AmphibiaWeb
Eleutherodactylus brittoni,Eleutherodactylus brittoni,AmphibiaWeb
Eleutherodactylus brocchi,Craugastor brocchi,AmphibiaWeb
Eleutherodactylus bromeliaceus,Pristimantis bromeliaceus,AmphibiaWeb
Eleutherodactylus buccinator,Pristimantis buccinator,AmphibiaWeb
Eleutherodactylus buckleyi,Pristimantis buckleyi,AmphibiaWeb
Eleutherodactylus buergeri,Pristimantis w-nigrum,AmphibiaWeb
Eleutherodactylus bufoniformis,Strabomantis bufoniformis,AmphibiaWeb
Eleutherodactylus bufonius,Pristimantis diadematus,AmphibiaWeb
Eleutherodactylus bufonoides,Craugastor spatulatus,AmphibiaWeb
Eleutherodactylus cabrerai,Pristimantis cabrerai,AmphibiaWeb
Eleutherodactylus cacao,Pristimantis cacao,AmphibiaWeb
Eleutherodactylus cadenai,Strabomantis cadenai,AmphibiaWeb
Eleutherodactylus cajamarcensis,Pristimantis cajamarcensis,AmphibiaWeb
Eleutherodactylus calcaratus,Pristimantis calcaratus,AmphibiaWeb
Eleutherodactylus calcarulatus,Pristimantis calcarulatus,AmphibiaWeb
Eleutherodactylus calcitrans,Craugastor omiltemanus,AmphibiaWeb
Eleutherodactylus campi,Eleutherodactylus campi,AmphibiaWeb
Eleutherodactylus cantitans,Pristimantis cantitans,AmphibiaWeb
Eleutherodactylus capitonis,Pristimantis capitonis,AmphibiaWeb
Eleutherodactylus caprifer,Pristimantis caprifer,AmphibiaWeb
Eleutherodactylus caribe,Eleutherodactylus caribe,AmphibiaWeb
Eleutherodactylus carmelitae,Serranobatrachus carmelitae,AmphibiaWeb
Eleutherodactylus carranguerorum,Pristimantis carranguerorum,AmphibiaWeb
Eleutherodactylus carvalhoi,Pristimantis carvalhoi,AmphibiaWeb
Eleutherodactylus caryophyllaceus,Pristimantis caryophyllaceus,AmphibiaWeb
Eleutherodactylus casparii,Eleutherodactylus casparii,AmphibiaWeb
Eleutherodactylus catalinae,Craugastor catalinae,AmphibiaWeb
Eleutherodactylus cattus,Eleutherodactylus cattus,AmphibiaWeb
Eleutherodactylus cavernicola,Eleutherodactylus cavernicola,AmphibiaWeb
Eleutherodactylus celator,Pristimantis celator,AmphibiaWeb
Eleutherodactylus cerasinus,Pristimantis cerasinus,AmphibiaWeb
Eleutherodactylus cerastes,Strabomantis cerastes,AmphibiaWeb
Eleutherodactylus ceuthospilus,Pristimantis ceuthospilus,AmphibiaWeb
Eleutherodactylus chac,Craugastor chac,AmphibiaWeb
Eleutherodactylus chalceus,Pristimantis chalceus,AmphibiaWeb
Eleutherodactylus charadra,Craugastor charadra,AmphibiaWeb
Eleutherodactylus charlottevillensis,Pristimantis charlottevillensis,AmphibiaWeb
Eleutherodactylus cheiroplethus,Strabomantis cheiroplethus,AmphibiaWeb
Eleutherodactylus chiastonotus,Pristimantis chiastonotus,AmphibiaWeb
Eleutherodactylus chiquito,Craugastor greggi,AmphibiaWeb
Eleutherodactylus chloronotus,Pristimantis chloronotus,AmphibiaWeb
Eleutherodactylus chlorophenax,Eleutherodactylus chlorophenax,AmphibiaWeb
Eleutherodactylus chrysops,Pristimantis chrysops,AmphibiaWeb
Eleutherodactylus chrysozetetes,Craugastor chrysozetetes,AmphibiaWeb
Eleutherodactylus citriogaster,Pristimantis citriogaster,AmphibiaWeb
Eleutherodactylus cochranae,Eleutherodactylus cochranae,AmphibiaWeb
Eleutherodactylus coelum,Eleutherodactylus coelum,AmphibiaWeb
Eleutherodactylus coffeus,Craugastor coffeus,AmphibiaWeb
Eleutherodactylus colimotl,Eleutherodactylus colimotl,AmphibiaWeb
Eleutherodactylus colodactylus,Pristimantis colodactylus,AmphibiaWeb
Eleutherodactylus colomai,Pristimantis colomai,AmphibiaWeb
Eleutherodactylus colostichos,Pristimantis colostichos,AmphibiaWeb
Eleutherodactylus condor,Pristimantis condor,AmphibiaWeb
Eleutherodactylus conspicillatus,Pristimantis conspicillatus,AmphibiaWeb
Eleutherodactylus cooki,Eleutherodactylus cooki,AmphibiaWeb
Eleutherodactylus coqui,Eleutherodactylus coqui,AmphibiaWeb
Eleutherodactylus corniger,Pristimantis corniger,AmphibiaWeb
Eleutherodactylus cornutus,Strabomantis cornutus,AmphibiaWeb
Eleutherodactylus corona,Eleutherodactylus corona,AmphibiaWeb
Eleutherodactylus cosnipatae,Pristimantis cosnipatae,AmphibiaWeb
Eleutherodactylus costaricensis,Craugastor bransfordii,AmphibiaWeb
Eleutherodactylus counouspeus,Eleutherodactylus counouspeus,AmphibiaWeb
Eleutherodactylus cramptoni,Eleutherodactylus locustus,AmphibiaWeb
Eleutherodactylus crassidigitus,Craugastor crassidigitus,AmphibiaWeb
Eleutherodactylus cremnobates,Pristimantis cremnobates,AmphibiaWeb
Eleutherodactylus crenunguis,Pristimantis crenunguis,AmphibiaWeb
Eleutherodactylus crepitans,Oreobates crepitans,AmphibiaWeb
Eleutherodactylus cristinae,Serranobatrachus cristinae,AmphibiaWeb
Eleutherodactylus croceoinguinis,Pristimantis croceoinguinis,AmphibiaWeb
Eleutherodactylus crucifer,Pristimantis crucifer,AmphibiaWeb
Eleutherodactylus cruentus,Pristimantis cruentus,AmphibiaWeb
Eleutherodactylus cruralis,Oreobates cruralis,AmphibiaWeb
Eleutherodactylus cruzi,Craugastor cruzi,AmphibiaWeb
Eleutherodactylus cryophilius,Pristimantis cryophilius,AmphibiaWeb
Eleutherodactylus cryptomelas,Pristimantis cryptomelas,AmphibiaWeb
Eleutherodactylus cuaquero,Craugastor cuaquero,AmphibiaWeb
Eleutherodactylus cubanus,Eleutherodactylus cubanus,AmphibiaWeb
Eleutherodactylus cuentasi,Tachiramantis cuentasi,AmphibiaWeb
Eleutherodactylus cundalli,Eleutherodactylus cundalli,AmphibiaWeb
Eleutherodactylus cuneatus,Eleutherodactylus cuneatus,AmphibiaWeb
Eleutherodactylus cuneirostris,Pristimantis cuneirostris,AmphibiaWeb
Eleutherodactylus curtipes,Pristimantis curtipes,AmphibiaWeb
Eleutherodactylus cystignathoides,Eleutherodactylus cystignathoides,AmphibiaWeb
Eleutherodactylus danae,Pristimantis danae,AmphibiaWeb
Eleutherodactylus darlingtoni,Eleutherodactylus darlingtoni,AmphibiaWeb
Eleutherodactylus daryi,Craugastor daryi,AmphibiaWeb
Eleutherodactylus decoratus,Craugastor decoratus,AmphibiaWeb
Eleutherodactylus degener,Pristimantis degener,AmphibiaWeb
Eleutherodactylus deinops,Pristimantis deinops,AmphibiaWeb
Eleutherodactylus delicatus,Serranobatrachus delicatus,AmphibiaWeb
Eleutherodactylus delius,Pristimantis delius,AmphibiaWeb
Eleutherodactylus devillei,Pristimantis devillei,AmphibiaWeb
Eleutherodactylus diadematus,Pristimantis diadematus,AmphibiaWeb
Eleutherodactylus diaphonus,Pristimantis diaphonus,AmphibiaWeb
Eleutherodactylus diastema,Diasporus diastema,AmphibiaWeb
Eleutherodactylus dilatus,Eleutherodactylus dilatus,AmphibiaWeb
Eleutherodactylus dimidiatus,Eleutherodactylus dimidiatus,AmphibiaWeb
Eleutherodactylus diogenes,Pristimantis diogenes,AmphibiaWeb
Eleutherodactylus diplasius,Eleutherodactylus diplasius,AmphibiaWeb
Eleutherodactylus discoidalis,Oreobates discoidalis,AmphibiaWeb
Eleutherodactylus dissimulatus,Pristimantis dissimulatus,AmphibiaWeb
Eleutherodactylus dixoni,Eleutherodactylus albolabris,AmphibiaWeb
Eleutherodactylus dolomedes,Eleutherodactylus dolomedes,AmphibiaWeb
Eleutherodactylus dolops,Niceforonia philippi,AmphibiaWeb
Eleutherodactylus dorsoconcolor,Craugastor rhodopis,AmphibiaWeb
Eleutherodactylus dorsopictus,Pristimantis dorsopictus,AmphibiaWeb
Eleutherodactylus douglasi,Tachiramantis douglasi,AmphibiaWeb
Eleutherodactylus dubitus,Pristimantis cruentus,AmphibiaWeb
Eleutherodactylus duellmani,Pristimantis duellmani,AmphibiaWeb
Eleutherodactylus duende,Pristimantis duende,AmphibiaWeb
Eleutherodactylus dundeei,Pristimantis dundeei,AmphibiaWeb
Eleutherodactylus dunni,Craugastor rhodopis,AmphibiaWeb
Eleutherodactylus eileenae,Eleutherodactylus eileenae,AmphibiaWeb
Eleutherodactylus elassodiscus,Niceforonia elassodisca,AmphibiaWeb
Eleutherodactylus elegans,Pristimantis elegans,AmphibiaWeb
Eleutherodactylus emcelae,Craugastor emcelae,AmphibiaWeb
Eleutherodactylus emiliae,Eleutherodactylus emiliae,AmphibiaWeb
Eleutherodactylus emleni,Craugastor emleni,AmphibiaWeb
Eleutherodactylus eneidae,Eleutherodactylus eneidae,AmphibiaWeb
Eleutherodactylus epacrus,Pristimantis epacrus,AmphibiaWeb
Eleutherodactylus epipedus,Ischnocnema epipeda,AmphibiaWeb
Eleutherodactylus epochthidius,Craugastor epochthidius,AmphibiaWeb
Eleutherodactylus eremitus,Pristimantis eremitus,AmphibiaWeb
Eleutherodactylus erendirae,Eleutherodactylus erendirae,AmphibiaWeb
Eleutherodactylus eriphus,Pristimantis eriphus,AmphibiaWeb
Eleutherodactylus ernesti,Pristimantis ernesti,AmphibiaWeb
Eleutherodactylus erythrochomus,Eleutherodactylus erythrochomus,AmphibiaWeb
Eleutherodactylus erythromerus,Ischnocnema erythromera,AmphibiaWeb
Eleutherodactylus erythropleura,Pristimantis erythropleura,AmphibiaWeb
Eleutherodactylus erythroproctus,Eleutherodactylus erythroproctus,AmphibiaWeb
Eleutherodactylus escoces,Craugastor escoces,AmphibiaWeb
Eleutherodactylus esmeraldas,Pristimantis esmeraldas,AmphibiaWeb
Eleutherodactylus etheridgei,Eleutherodactylus etheridgei,AmphibiaWeb
Eleutherodactylus eugeniae,Pristimantis eugeniae,AmphibiaWeb
Eleutherodactylus eunaster,Eleutherodactylus eunaster,AmphibiaWeb
Eleutherodactylus euphronides,Pristimantis euphronides,AmphibiaWeb
Eleutherodactylus eurydactylus,Pristimantis eurydactylus,AmphibiaWeb
Eleutherodactylus exoristus,Pristimantis exoristus,AmphibiaWeb
Eleutherodactylus factiosus,Pristimantis factiosus,AmphibiaWeb
Eleutherodactylus fallax,Pristimantis fallax,AmphibiaWeb
Eleutherodactylus fecundus,Craugastor fecundus,AmphibiaWeb
Eleutherodactylus feichtingeri,Eleutherodactylus feichtingeri,AmphibiaWeb
Eleutherodactylus femurlevis,Eleutherodactylus oxyrhyncus,AmphibiaWeb
Eleutherodactylus fenestratus,Pristimantis fenestratus,AmphibiaWeb
Eleutherodactylus festae,Pristimantis galdi,AmphibiaWeb
Eleutherodactylus fetosus,Pristimantis fetosus,AmphibiaWeb
Eleutherodactylus fitzingeri,Craugastor fitzingeri,AmphibiaWeb
Eleutherodactylus flavescens,Eleutherodactylus flavescens,AmphibiaWeb
Eleutherodactylus flavomaculatus,Lynchius flavomaculatus,AmphibiaWeb
Eleutherodactylus fleischmanni,Craugastor fleischmanni,AmphibiaWeb
Eleutherodactylus floresvillelai,Eleutherodactylus floresvillelai,AmphibiaWeb
Eleutherodactylus floridus,Pristimantis floridus,AmphibiaWeb
Eleutherodactylus florulentus,Craugastor rugosus,AmphibiaWeb
Eleutherodactylus footei,Gastrotheca marsupiata,AmphibiaWeb
Eleutherodactylus fowleri,Eleutherodactylus fowleri,AmphibiaWeb
Eleutherodactylus franzi,Eleutherodactylus franzi,AmphibiaWeb
Eleutherodactylus frater,Pristimantis frater,AmphibiaWeb
Eleutherodactylus fraudator,Yunganastes fraudator,AmphibiaWeb
Eleutherodactylus furcyensis,Eleutherodactylus furcyensis,AmphibiaWeb
Eleutherodactylus gaigeae,Pristimantis gaigei,AmphibiaWeb
Eleutherodactylus galdi,Pristimantis galdi,AmphibiaWeb
Eleutherodactylus ganonotus,Pristimantis ganonotus,AmphibiaWeb
Eleutherodactylus gehrti,Ischnocnema gehrti,AmphibiaWeb
Eleutherodactylus geitonos,Eleutherodactylus geitonos,AmphibiaWeb
Eleutherodactylus gentryi,Pristimantis gentryi,AmphibiaWeb
Eleutherodactylus gladiator,Pristimantis gladiator,AmphibiaWeb
Eleutherodactylus glamyrus,Eleutherodactylus glamyrus,AmphibiaWeb
Eleutherodactylus glandulifer,Eleutherodactylus glandulifer,AmphibiaWeb
Eleutherodactylus glanduliferoides,Eleutherodactylus glanduliferoides,AmphibiaWeb
Eleutherodactylus glandulosus,Pristimantis glandulosus,AmphibiaWeb
Eleutherodactylus glaphycompus,Eleutherodactylus glaphycompus,AmphibiaWeb
Eleutherodactylus glaucoreius,Eleutherodactylus glaucoreius,AmphibiaWeb
Eleutherodactylus glaucus,Craugastor glaucus,AmphibiaWeb
Eleutherodactylus goini,Eleutherodactylus goini,AmphibiaWeb
Eleutherodactylus gollmeri,Craugastor gollmeri,AmphibiaWeb
Eleutherodactylus gossei,Eleutherodactylus gossei,AmphibiaWeb
Eleutherodactylus grabhami,Eleutherodactylus grabhami,AmphibiaWeb
Eleutherodactylus gracilis,Pristimantis gracilis,AmphibiaWeb
Eleutherodactylus grahami,Eleutherodactylus grahami,AmphibiaWeb
Eleutherodactylus grandiceps,Pristimantis grandiceps,AmphibiaWeb
Eleutherodactylus grandis,Eleutherodactylus grandis,AmphibiaWeb
Eleutherodactylus grandoculis,Pristimantis marmoratus,AmphibiaWeb
Eleutherodactylus granulosus,Oreobates granulosus,AmphibiaWeb
Eleutherodactylus greggi,Craugastor greggi,AmphibiaWeb
Eleutherodactylus greyi,Eleutherodactylus greyi,AmphibiaWeb
Eleutherodactylus griphus,Eleutherodactylus griphus,AmphibiaWeb
Eleutherodactylus griseus,Craugastor fitzingeri,AmphibiaWeb
Eleutherodactylus grunwaldi,Eleutherodactylus grunwaldi,AmphibiaWeb
Eleutherodactylus gryllus,Eleutherodactylus gryllus,AmphibiaWeb
Eleutherodactylus gualteri,Ischnocnema gualteri,AmphibiaWeb
Eleutherodactylus guanahacabibes,Eleutherodactylus guanahacabibes,AmphibiaWeb
Eleutherodactylus guantanamera,Eleutherodactylus guantanamera,AmphibiaWeb
Eleutherodactylus guentheri,Ischnocnema guentheri,AmphibiaWeb
Eleutherodactylus guerreroensis,Craugastor guerreroensis,AmphibiaWeb
Eleutherodactylus gularis,Diasporus gularis,AmphibiaWeb
Eleutherodactylus gulosus,Craugastor gulosus,AmphibiaWeb
Eleutherodactylus gundlachi,Eleutherodactylus gundlachi,AmphibiaWeb
Eleutherodactylus guttilatus,Eleutherodactylus guttilatus,AmphibiaWeb
Eleutherodactylus gutturalis,Pristimantis gutturalis,AmphibiaWeb
Eleutherodactylus haitianus,Eleutherodactylus haitianus,AmphibiaWeb
Eleutherodactylus hamiotae,Pristimantis hamiotae,AmphibiaWeb
Eleutherodactylus hectus,Pristimantis hectus,AmphibiaWeb
Eleutherodactylus hedricki,Eleutherodactylus hedricki,AmphibiaWeb
Eleutherodactylus helonotus,Strabomantis helonotus,AmphibiaWeb
Eleutherodactylus helvolus,Pristimantis helvolus,AmphibiaWeb
Eleutherodactylus heminota,Eleutherodactylus heminota,AmphibiaWeb
Eleutherodactylus hernandezi,Pristimantis hernandezi,AmphibiaWeb
Eleutherodactylus heterodactylus,Oreobates heterodactylus,AmphibiaWeb
Eleutherodactylus hobartsmithi,Craugastor hobartsmithi,AmphibiaWeb
Eleutherodactylus hoehnei,Ischnocnema hoehnei,AmphibiaWeb
Eleutherodactylus holti,Ischnocnema holti,AmphibiaWeb
Eleutherodactylus humboldti,Eleutherodactylus humboldti,AmphibiaWeb
Eleutherodactylus hybotragus,Pristimantis hybotragus,AmphibiaWeb
Eleutherodactylus hylaeformis,Diasporus hylaeformis,AmphibiaWeb
Eleutherodactylus hypostenor,Eleutherodactylus hypostenor,AmphibiaWeb
Eleutherodactylus iberia,Eleutherodactylus iberia,AmphibiaWeb
Eleutherodactylus ibischi,Oreobates ibischi,AmphibiaWeb
Eleutherodactylus ignicolor,Pristimantis ignicolor,AmphibiaWeb
Eleutherodactylus illotus,Pristimantis illotus,AmphibiaWeb
Eleutherodactylus imitatrix,Pristimantis imitatrix,AmphibiaWeb
Eleutherodactylus inachus,Craugastor inachus,AmphibiaWeb
Eleutherodactylus incanus,Pristimantis incanus,AmphibiaWeb
Eleutherodactylus incertus,Pristimantis incertus,AmphibiaWeb
Eleutherodactylus incomptus,Pristimantis incomptus,AmphibiaWeb
Eleutherodactylus infraguttatus,Pristimantis infraguttatus,AmphibiaWeb
Eleutherodactylus ingeri,Strabomantis ingeri,AmphibiaWeb
Eleutherodactylus inguinalis,Pristimantis inguinalis,AmphibiaWeb
Eleutherodactylus inoptatus,Eleutherodactylus inoptatus,AmphibiaWeb
Eleutherodactylus insignitus,Serranobatrachus insignitus,AmphibiaWeb
Eleutherodactylus intermedius,Eleutherodactylus intermedius,AmphibiaWeb
Eleutherodactylus interorbitalis,Eleutherodactylus interorbitalis,AmphibiaWeb
Eleutherodactylus inusitatus,Pristimantis inusitatus,AmphibiaWeb
Eleutherodactylus ionthus,Eleutherodactylus ionthus,AmphibiaWeb
Eleutherodactylus ixalus,Pristimantis ixalus,AmphibiaWeb
Eleutherodactylus izecksohni,Ischnocnema izecksohni,AmphibiaWeb
Eleutherodactylus jaimei,Pristimantis jaimei,AmphibiaWeb
Eleutherodactylus jaliscoensis,Eleutherodactylus jaliscoensis,AmphibiaWeb
Eleutherodactylus jamaicensis,Eleutherodactylus jamaicensis,AmphibiaWeb
Eleutherodactylus jamesdixoni,Eleutherodactylus jamesdixoni,AmphibiaWeb
Eleutherodactylus jasperi,Eleutherodactylus jasperi,AmphibiaWeb
Eleutherodactylus jaumei,Eleutherodactylus jaumei,AmphibiaWeb
Eleutherodactylus johannesdei,Pristimantis johannesdei,AmphibiaWeb
Eleutherodactylus johnstonei,Eleutherodactylus johnstonei,AmphibiaWeb
Eleutherodactylus johnwrighti,Pristimantis petersi,AmphibiaWeb
Eleutherodactylus jorgevelosai,Pristimantis jorgevelosai,AmphibiaWeb
Eleutherodactylus juanariveroi,Eleutherodactylus juanariveroi,AmphibiaWeb
Eleutherodactylus juanchoi,Pristimantis juanchoi,AmphibiaWeb
Eleutherodactylus jugans,Eleutherodactylus jugans,AmphibiaWeb
Eleutherodactylus juipoca,Ischnocnema juipoca,AmphibiaWeb
Eleutherodactylus junori,Eleutherodactylus junori,AmphibiaWeb
Eleutherodactylus karcharias,Pristimantis skydmainos,AmphibiaWeb
Eleutherodactylus karlschmidti,Eleutherodactylus karlschmidti,AmphibiaWeb
Eleutherodactylus katoptroides,Pristimantis katoptroides,AmphibiaWeb
Eleutherodactylus kelephas,Pristimantis kelephas,AmphibiaWeb
Eleutherodactylus kirklandi,Pristimantis kirklandi,AmphibiaWeb
Eleutherodactylus klinikowskii,Eleutherodactylus klinikowskii,AmphibiaWeb
Eleutherodactylus koki,Strabomantis sulcatus,AmphibiaWeb
Eleutherodactylus labiosus,Pristimantis labiosus,AmphibiaWeb
Eleutherodactylus lacrimosus,Pristimantis lacrimosus,AmphibiaWeb
Eleutherodactylus lacteus,Ischnocnema lactea,AmphibiaWeb
Eleutherodactylus laevissimus,Craugastor laevissimus,AmphibiaWeb
Eleutherodactylus lamprotes,Eleutherodactylus lamprotes,AmphibiaWeb
Eleutherodactylus lancinii,Pristimantis lancinii,AmphibiaWeb
Eleutherodactylus lanthanites,Pristimantis lanthanites,AmphibiaWeb
Eleutherodactylus lasalleorum,Pristimantis lasalleorum,AmphibiaWeb
Eleutherodactylus latens,Niceforonia latens,AmphibiaWeb
Eleutherodactylus laticeps,Craugastor laticeps,AmphibiaWeb
Eleutherodactylus laticlavius,Pristimantis laticlavius,AmphibiaWeb
Eleutherodactylus laticorpus,Strabomantis laticorpus,AmphibiaWeb
Eleutherodactylus latidiscus,Pristimantis latidiscus,AmphibiaWeb
Eleutherodactylus latidiscus tamsitti,Pristimantis tamsitti,AmphibiaWeb
Eleutherodactylus lauraster,Craugastor lauraster,AmphibiaWeb
Eleutherodactylus leberi,Eleutherodactylus leberi,AmphibiaWeb
Eleutherodactylus lehmanni,Pristimantis unistrigatus,AmphibiaWeb
Eleutherodactylus lehmanvalenciae,Pristimantis moro,AmphibiaWeb
Eleutherodactylus lemur,Pristimantis lemur,AmphibiaWeb
Eleutherodactylus lentiginosus,Tachiramantis lentiginosus,AmphibiaWeb
Eleutherodactylus lentus,Eleutherodactylus lentus,AmphibiaWeb
Eleutherodactylus leoncei,Eleutherodactylus leoncei,AmphibiaWeb
Eleutherodactylus leoni,Pristimantis leoni,AmphibiaWeb
Eleutherodactylus leprus,Eleutherodactylus leprus,AmphibiaWeb
Eleutherodactylus leptodactyloides,Leptodactylus leptodactyloides,AmphibiaWeb
Eleutherodactylus leptolophus,Pristimantis leptolophus,AmphibiaWeb
Eleutherodactylus leucopus,Pristimantis leucopus,AmphibiaWeb
Eleutherodactylus librarius,Pristimantis librarius,AmphibiaWeb
Eleutherodactylus lichenoides,Pristimantis lichenoides,AmphibiaWeb
Eleutherodactylus ligiae,Eleutherodactylus ligiae,AmphibiaWeb
Eleutherodactylus limbatus,Eleutherodactylus limbatus,AmphibiaWeb
Eleutherodactylus limbensis,Eleutherodactylus limbensis,AmphibiaWeb
Eleutherodactylus lindae,Pristimantis lindae,AmphibiaWeb
Eleutherodactylus lineatissimus,Craugastor mexicanus,AmphibiaWeb
Eleutherodactylus lineatus,Craugastor lineatus,AmphibiaWeb
Eleutherodactylus lirellus,Pristimantis lirellus,AmphibiaWeb
Eleutherodactylus lividus,Pristimantis lividus,AmphibiaWeb
Eleutherodactylus llojsintuta,Pristimantis llojsintuta,AmphibiaWeb
Eleutherodactylus locustus,Eleutherodactylus locustus,AmphibiaWeb
Eleutherodactylus loki,Craugastor loki,AmphibiaWeb
Eleutherodactylus longipes,Eleutherodactylus longipes,AmphibiaWeb
Eleutherodactylus longirostris,Craugastor longirostris,AmphibiaWeb
Eleutherodactylus loustes,Pristimantis loustes,AmphibiaWeb
Eleutherodactylus lucida,Niceforonia lucida,AmphibiaWeb
Eleutherodactylus lucioi,Eleutherodactylus lucioi,AmphibiaWeb
Eleutherodactylus lundbergi,Oreobates lundbergi,AmphibiaWeb
Eleutherodactylus luscombei,Pristimantis luscombei,AmphibiaWeb
Eleutherodactylus luteolateralis,Pristimantis luteolateralis,AmphibiaWeb
Eleutherodactylus luteolus,Eleutherodactylus luteolus,AmphibiaWeb
Eleutherodactylus lutitus,Pristimantis lutitus,AmphibiaWeb
Eleutherodactylus lutosus,Pristimantis cruentus,AmphibiaWeb
Eleutherodactylus lymani,Pristimantis lymani,AmphibiaWeb
Eleutherodactylus lynchi,Pristimantis lynchi,AmphibiaWeb
Eleutherodactylus lynni,Eleutherodactylus cundalli,AmphibiaWeb
Eleutherodactylus lythrodes,Pristimantis lythrodes,AmphibiaWeb
Eleutherodactylus macdougalli,Craugastor lineatus,AmphibiaWeb
Eleutherodactylus macrocephalus,Strabomantis sulcatus,AmphibiaWeb
Eleutherodactylus maculabialis,Eleutherodactylus maculabialis,AmphibiaWeb
Eleutherodactylus maculosus,Pristimantis maculosus,AmphibiaWeb
Eleutherodactylus maestrensis,Eleutherodactylus maestrensis,AmphibiaWeb
Eleutherodactylus malkini,Pristimantis malkini,AmphibiaWeb
Eleutherodactylus manantlanensis,Eleutherodactylus manantlanensis,AmphibiaWeb
Eleutherodactylus manezinho,Ischnocnema manezinho,AmphibiaWeb
Eleutherodactylus mantipus,Niceforonia mantipa,AmphibiaWeb
Eleutherodactylus mariposa,Eleutherodactylus mariposa,AmphibiaWeb
Eleutherodactylus marmoratus,Pristimantis marmoratus,AmphibiaWeb
Eleutherodactylus marnockii,Eleutherodactylus marnockii,AmphibiaWeb
Eleutherodactylus mars,Pristimantis mars,AmphibiaWeb
Eleutherodactylus martiae,Pristimantis martiae,AmphibiaWeb
Eleutherodactylus martinicensis,Eleutherodactylus martinicensis,AmphibiaWeb
Eleutherodactylus matudai,Craugastor matudai,AmphibiaWeb
Eleutherodactylus maurus,Eleutherodactylus maurus,AmphibiaWeb
Eleutherodactylus maussi,Strabomantis biporcatus,AmphibiaWeb
Eleutherodactylus medemi,Pristimantis medemi,AmphibiaWeb
Eleutherodactylus megacephalus,Craugastor megacephalus,AmphibiaWeb
Eleutherodactylus megalops,Serranobatrachus megalops,AmphibiaWeb
Eleutherodactylus megalotympanum,Craugastor megalotympanum,AmphibiaWeb
Eleutherodactylus melacara,Eleutherodactylus melacara,AmphibiaWeb
Eleutherodactylus melanogaster,Pristimantis melanogaster,AmphibiaWeb
Eleutherodactylus melanoproctus,Pristimantis melanoproctus,AmphibiaWeb
Eleutherodactylus melanostictus,Craugastor melanostictus,AmphibiaWeb
Eleutherodactylus melatrigonum,Eleutherodactylus melatrigonum,AmphibiaWeb
Eleutherodactylus melini,Pristimantis ockendeni,AmphibiaWeb
Eleutherodactylus memorans,Pristimantis memorans,AmphibiaWeb
Eleutherodactylus mendax,Pristimantis mendax,AmphibiaWeb
Eleutherodactylus mercedesae,Yunganastes mercedesae,AmphibiaWeb
Eleutherodactylus merendonensis,Craugastor merendonensis,AmphibiaWeb
Eleutherodactylus merostictus,Pristimantis merostictus,AmphibiaWeb
Eleutherodactylus metabates,Pristimantis metabates,AmphibiaWeb
Eleutherodactylus mexicanus,Craugastor mexicanus,AmphibiaWeb
Eleutherodactylus michaelschmidi,Eleutherodactylus michaelschmidi,AmphibiaWeb
Eleutherodactylus milesi,Craugastor milesi,AmphibiaWeb
Eleutherodactylus mimus,Craugastor mimus,AmphibiaWeb
Eleutherodactylus minutus,Eleutherodactylus minutus,AmphibiaWeb
Eleutherodactylus miyatai,Pristimantis miyatai,AmphibiaWeb
Eleutherodactylus mnionaetes,Pristimantis mnionaetes,AmphibiaWeb
Eleutherodactylus modestus,Eleutherodactylus modestus,AmphibiaWeb
Eleutherodactylus modipeplus,Pristimantis modipeplus,AmphibiaWeb
Eleutherodactylus molybrignus,Pristimantis molybrignus,AmphibiaWeb
Eleutherodactylus mondolfii,Pristimantis mondolfii,AmphibiaWeb
Eleutherodactylus monensis,Eleutherodactylus monensis,AmphibiaWeb
Eleutherodactylus monnichorum,Craugastor monnichorum,AmphibiaWeb
Eleutherodactylus montanus,Eleutherodactylus montanus,AmphibiaWeb
Eleutherodactylus montserratae,Eleutherodactylus montserratae,AmphibiaWeb
Eleutherodactylus moro,Pristimantis moro,AmphibiaWeb
Eleutherodactylus muricatus,Pristimantis muricatus,AmphibiaWeb
Eleutherodactylus muscosus,Pristimantis muscosus,AmphibiaWeb
Eleutherodactylus museosus,Pristimantis museosus,AmphibiaWeb
Eleutherodactylus myersi,Pristimantis myersi,AmphibiaWeb
Eleutherodactylus myllomyllon,Craugastor myllomyllon,AmphibiaWeb
Eleutherodactylus myops,Pristimantis myops,AmphibiaWeb
Eleutherodactylus nasutus,Ischnocnema nasuta,AmphibiaWeb
Eleutherodactylus nebulanastes,Lynchius nebulanastes,AmphibiaWeb
Eleutherodactylus nebulosus,Eleutherodactylus nebulosus,AmphibiaWeb
Eleutherodactylus necerus,Strabomantis necerus,AmphibiaWeb
Eleutherodactylus necopinus,Strabomantis necopinus,AmphibiaWeb
Eleutherodactylus neiba,Eleutherodactylus neiba,AmphibiaWeb
Eleutherodactylus neodreptus,Eleutherodactylus audanti,AmphibiaWeb
Eleutherodactylus nephophilus,Pristimantis nephophilus,AmphibiaWeb
Eleutherodactylus nervicus,Pristimantis nervicus,AmphibiaWeb
Eleutherodactylus nicefori,Pristimantis nicefori,AmphibiaWeb
Eleutherodactylus nietoi,Eleutherodactylus nietoi,AmphibiaWeb
Eleutherodactylus nigriventris,Ischnocnema nigriventris,AmphibiaWeb
Eleutherodactylus nigrogriseus,Pristimantis nigrogriseus,AmphibiaWeb
Eleutherodactylus nigrovittatus,Niceforonia nigrovittata,AmphibiaWeb
Eleutherodactylus nitidus,Eleutherodactylus nitidus,AmphibiaWeb
Eleutherodactylus nivicolimae,Eleutherodactylus rufescens,AmphibiaWeb
Eleutherodactylus noblei,Craugastor noblei,AmphibiaWeb
Eleutherodactylus nortoni,Eleutherodactylus nortoni,AmphibiaWeb
Eleutherodactylus notidodes,Eleutherodactylus notidodes,AmphibiaWeb
Eleutherodactylus nubicola,Eleutherodactylus nubicola,AmphibiaWeb
Eleutherodactylus nubilus,Craugastor fitzingeri,AmphibiaWeb
Eleutherodactylus nyctophylax,Pristimantis nyctophylax,AmphibiaWeb
Eleutherodactylus oaxacae,Craugastor mexicanus,AmphibiaWeb
Eleutherodactylus obesus,Craugastor obesus,AmphibiaWeb
Eleutherodactylus obmutescens,Pristimantis obmutescens,AmphibiaWeb
Eleutherodactylus occidentalis,Craugastor occidentalis,AmphibiaWeb
Eleutherodactylus ocellatus,Pristimantis ocellatus,AmphibiaWeb
Eleutherodactylus ockendeni,Pristimantis ockendeni,AmphibiaWeb
Eleutherodactylus ocreatus,Pristimantis ocreatus,AmphibiaWeb
Eleutherodactylus octavioi,Ischnocnema octavioi,AmphibiaWeb
Eleutherodactylus oeus,Ischnocnema oea,AmphibiaWeb
Eleutherodactylus olanchano,Craugastor olanchano,AmphibiaWeb
Eleutherodactylus olibrus,Eleutherodactylus olibrus,AmphibiaWeb
Eleutherodactylus olivaceus,Pristimantis olivaceus,AmphibiaWeb
Eleutherodactylus omiltemanus,Craugastor omiltemanus,AmphibiaWeb
Eleutherodactylus omoaensis,Craugastor omoaensis,AmphibiaWeb
Eleutherodactylus opimus,Craugastor opimus,AmphibiaWeb
Eleutherodactylus orarius,Eleutherodactylus orarius,AmphibiaWeb
Eleutherodactylus orcesi,Pristimantis orcesi,AmphibiaWeb
Eleutherodactylus orcutti,Eleutherodactylus orcutti,AmphibiaWeb
Eleutherodactylus orestes,Pristimantis orestes,AmphibiaWeb
Eleutherodactylus orientalis,Eleutherodactylus orientalis,AmphibiaWeb
Eleutherodactylus ornatissimus,Pristimantis ornatissimus,AmphibiaWeb
Eleutherodactylus orocostalis,Pristimantis bicumulus,AmphibiaWeb
Eleutherodactylus orpacobates,Pristimantis orpacobates,AmphibiaWeb
Eleutherodactylus orphnolaimus,Pristimantis orphnolaimus,AmphibiaWeb
Eleutherodactylus oxyrhynchus,Eleutherodactylus oxyrhyncus,AmphibiaWeb
Eleutherodactylus oxyrhyncus,Eleutherodactylus oxyrhyncus,AmphibiaWeb
Eleutherodactylus pagmae,Pristimantis achatinus,AmphibiaWeb
Eleutherodactylus paisa,Pristimantis paisa,AmphibiaWeb
Eleutherodactylus palenque,Craugastor palenque,AmphibiaWeb
Eleutherodactylus pallidus,Eleutherodactylus pallidus,AmphibiaWeb
Eleutherodactylus palmatus,Craugastor rugulosus,AmphibiaWeb
Eleutherodactylus palmeri,Pristimantis palmeri,AmphibiaWeb
Eleutherodactylus pantoni,Eleutherodactylus pantoni,AmphibiaWeb
Eleutherodactylus parabates,Eleutherodactylus parabates,AmphibiaWeb
Eleutherodactylus paralius,Eleutherodactylus paralius,AmphibiaWeb
Eleutherodactylus paramerus,Pristimantis paramerus,AmphibiaWeb
Eleutherodactylus paranaensis,Ischnocnema paranaensis,AmphibiaWeb
Eleutherodactylus parapelates,Eleutherodactylus parapelates,AmphibiaWeb
Eleutherodactylus pardalis,Pristimantis pardalis,AmphibiaWeb
Eleutherodactylus parectatus,Pristimantis parectatus,AmphibiaWeb
Eleutherodactylus parvillus,Pristimantis parvillus,AmphibiaWeb
Eleutherodactylus parvus,Ischnocnema parva,AmphibiaWeb
Eleutherodactylus pastazensis,Pristimantis pastazensis,AmphibiaWeb
Eleutherodactylus pataikos,Pristimantis pataikos,AmphibiaWeb
Eleutherodactylus patriciae,Eleutherodactylus patriciae,AmphibiaWeb
Eleutherodactylus paulodutrai,Pristimantis paulodutrai,AmphibiaWeb
Eleutherodactylus paulsoni,Eleutherodactylus paulsoni,AmphibiaWeb
Eleutherodactylus paululus,Pristimantis paululus,AmphibiaWeb
Eleutherodactylus pechorum,Craugastor pechorum,AmphibiaWeb
Eleutherodactylus pecki,Pristimantis pecki,AmphibiaWeb
Eleutherodactylus pedimontanus,Pristimantis pedimontanus,AmphibiaWeb
Eleutherodactylus pelorus,Craugastor pelorus,AmphibiaWeb
Eleutherodactylus penelopus,Pristimantis penelopus,AmphibiaWeb
Eleutherodactylus pentasyringos,Eleutherodactylus pentasyringos,AmphibiaWeb
Eleutherodactylus peraltae,Pristimantis cerasinus,AmphibiaWeb
Eleutherodactylus peraticus,Pristimantis peraticus,AmphibiaWeb
Eleutherodactylus percnopterus,Pristimantis percnopterus,AmphibiaWeb
Eleutherodactylus percultus,Pristimantis percultus,AmphibiaWeb
Eleutherodactylus pereger,Oreobates pereger,AmphibiaWeb
Eleutherodactylus permixtus,Pristimantis permixtus,AmphibiaWeb
Eleutherodactylus persimilis,Craugastor persimilis,AmphibiaWeb
Eleutherodactylus peruvianus,Pristimantis peruvianus,AmphibiaWeb
Eleutherodactylus petersi,Pristimantis petersi,AmphibiaWeb
Eleutherodactylus petersorum,Pristimantis petersi,AmphibiaWeb
Eleutherodactylus petrobardus,Pristimantis petrobardus,AmphibiaWeb
Eleutherodactylus pezopetrus,Eleutherodactylus pezopetrus,AmphibiaWeb
Eleutherodactylus phalarus,Pristimantis phalarus,AmphibiaWeb
Eleutherodactylus phasma,Craugastor phasma,AmphibiaWeb
Eleutherodactylus philipi,Pristimantis philipi,AmphibiaWeb
Eleutherodactylus phoxocephalus,Pristimantis phoxocephalus,AmphibiaWeb
Eleutherodactylus phragmipleuron,Pristimantis phragmipleuron,AmphibiaWeb
Eleutherodactylus phyzelus,Eleutherodactylus varleyi,AmphibiaWeb
Eleutherodactylus piceus,Pristimantis piceus,AmphibiaWeb
Eleutherodactylus pictissimus,Eleutherodactylus pictissimus,AmphibiaWeb
Eleutherodactylus pinarensis,Eleutherodactylus pinarensis,AmphibiaWeb
Eleutherodactylus pinchoni,Eleutherodactylus pinchoni,AmphibiaWeb
Eleutherodactylus pinguis,Pristimantis pinguis,AmphibiaWeb
Eleutherodactylus pipilans,Eleutherodactylus pipilans,AmphibiaWeb
Eleutherodactylus pirrensis,Pristimantis pirrensis,AmphibiaWeb
Eleutherodactylus pittieri,Craugastor ranoides,AmphibiaWeb
Eleutherodactylus pituinus,Eleutherodactylus pituinus,AmphibiaWeb
Eleutherodactylus planirostris,Eleutherodactylus planirostris,AmphibiaWeb
Eleutherodactylus platychilus,Pristimantis platychilus,AmphibiaWeb
Eleutherodactylus platydactylus,Pristimantis platydactylus,AmphibiaWeb
Eleutherodactylus platyrhynchus,Craugastor melanostictus,AmphibiaWeb
Eleutherodactylus pleurostriatus,Pristimantis pleurostriatus,AmphibiaWeb
Eleutherodactylus plicifer,Haddadus plicifer,AmphibiaWeb
Eleutherodactylus pluvicanorus,Yunganastes pluvicanorus,AmphibiaWeb
Eleutherodactylus podiciferus,Craugastor podiciferus,AmphibiaWeb
Eleutherodactylus polychrus,Pristimantis polychrus,AmphibiaWeb
Eleutherodactylus polymniae,Craugastor polymniae,AmphibiaWeb
Eleutherodactylus polyptychus,Craugastor polyptychus,AmphibiaWeb
Eleutherodactylus poolei,Eleutherodactylus poolei,AmphibiaWeb
Eleutherodactylus portoricensis,Eleutherodactylus portoricensis,AmphibiaWeb
Eleutherodactylus potosiensis,Eleutherodactylus potosiensis,AmphibiaWeb
Eleutherodactylus pozo,Craugastor pozo,AmphibiaWeb
Eleutherodactylus principalis,Eleutherodactylus principalis,AmphibiaWeb
Eleutherodactylus probolaeus,Eleutherodactylus probolaeus,AmphibiaWeb
Eleutherodactylus prolatus,Pristimantis prolatus,AmphibiaWeb
Eleutherodactylus prolixodiscus,Tachiramantis prolixodiscus,AmphibiaWeb
Eleutherodactylus proserpens,Pristimantis proserpens,AmphibiaWeb
Eleutherodactylus pruinatus,Pristimantis pruinatus,AmphibiaWeb
Eleutherodactylus psephosypharus,Craugastor psephosypharus,AmphibiaWeb
Eleutherodactylus pseudoacuminatus,Pristimantis pseudoacuminatus,AmphibiaWeb
Eleutherodactylus pteridophilus,Pristimantis pteridophilus,AmphibiaWeb
Eleutherodactylus ptochus,Pristimantis ptochus,AmphibiaWeb
Eleutherodactylus pugnax,Pristimantis pugnax,AmphibiaWeb
Eleutherodactylus pulvinatus,Pristimantis pulvinatus,AmphibiaWeb
Eleutherodactylus punctariolus,Craugastor punctariolus,AmphibiaWeb
Eleutherodactylus pusillus,Ischnocnema pusilla,AmphibiaWeb
Eleutherodactylus pycnodermis,Pristimantis pycnodermis,AmphibiaWeb
Eleutherodactylus pygmaeus,Craugastor pygmaeus,AmphibiaWeb
Eleutherodactylus pyrrhomerus,Pristimantis pyrrhomerus,AmphibiaWeb
Eleutherodactylus quantus,Pristimantis quantus,AmphibiaWeb
Eleutherodactylus quaquaversus,Pristimantis quaquaversus,AmphibiaWeb
Eleutherodactylus quidditus,Diasporus quidditus,AmphibiaWeb
Eleutherodactylus quinquagesimus,Pristimantis quinquagesimus,AmphibiaWeb
Eleutherodactylus racemus,Pristimantis racemus,AmphibiaWeb
Eleutherodactylus racenisi,Pristimantis bicumulus,AmphibiaWeb
Eleutherodactylus ramagii,Pristimantis ramagii,AmphibiaWeb
Eleutherodactylus ramosi,Eleutherodactylus cochranae,AmphibiaWeb
Eleutherodactylus randorum,Ischnocnema randorum,AmphibiaWeb
Eleutherodactylus raniformis,Craugastor raniformis,AmphibiaWeb
Eleutherodactylus ranoides,Craugastor ranoides,AmphibiaWeb
Eleutherodactylus ranoides emleni,Craugastor emleni,AmphibiaWeb
Eleutherodactylus ranoides nubicola,Craugastor emleni,AmphibiaWeb
Eleutherodactylus rayo,Craugastor rayo,AmphibiaWeb
Eleutherodactylus rearki,Craugastor bransfordii,AmphibiaWeb
Eleutherodactylus reclusas,Pristimantis reclusas,AmphibiaWeb
Eleutherodactylus renjiforum,Pristimantis renjiforum,AmphibiaWeb
Eleutherodactylus repens,Pristimantis repens,AmphibiaWeb
Eleutherodactylus restrepoi,Pristimantis restrepoi,AmphibiaWeb
Eleutherodactylus reticulatus,Pristimantis reticulatus,AmphibiaWeb
Eleutherodactylus rhabdolaemus,Pristimantis rhabdolaemus,AmphibiaWeb
Eleutherodactylus rhodesi,Eleutherodactylus rhodesi,AmphibiaWeb
Eleutherodactylus rhodoplichus,Pristimantis rhodoplichus,AmphibiaWeb
Eleutherodactylus rhodostichus,Pristimantis rhodostichus,AmphibiaWeb
Eleutherodactylus rhyacobatrachus,Craugastor rhyacobatrachus,AmphibiaWeb
Eleutherodactylus richmondi,Eleutherodactylus richmondi,AmphibiaWeb
Eleutherodactylus ricordii,Eleutherodactylus ricordii,AmphibiaWeb
Eleutherodactylus ridens,Pristimantis ridens,AmphibiaWeb
Eleutherodactylus riparius,Eleutherodactylus riparius,AmphibiaWeb
Eleutherodactylus riveroi,Pristimantis riveroi,AmphibiaWeb
Eleutherodactylus riveti,Pristimantis riveti,AmphibiaWeb
Eleutherodactylus rivularis,Eleutherodactylus rivularis,AmphibiaWeb
Eleutherodactylus rivulus,Craugastor rivulus,AmphibiaWeb
Eleutherodactylus rogersi,Eleutherodactylus rogersi,AmphibiaWeb
Eleutherodactylus ronaldi,Eleutherodactylus ronaldi,AmphibiaWeb
Eleutherodactylus rosadoi,Pristimantis rosadoi,AmphibiaWeb
Eleutherodactylus roseus,Pristimantis roseus,AmphibiaWeb
Eleutherodactylus rosmelinus,Pristimantis vilarsi,AmphibiaWeb
Eleutherodactylus rostralis,Craugastor rostralis,AmphibiaWeb
Eleutherodactylus rozei,Pristimantis rozei,AmphibiaWeb
Eleutherodactylus rubicundus,Pristimantis rubicundus,AmphibiaWeb
Eleutherodactylus rubrimaculatus,Eleutherodactylus rubrimaculatus,AmphibiaWeb
Eleutherodactylus rucillensis,Eleutherodactylus rucillensis,AmphibiaWeb
Eleutherodactylus ruedai,Pristimantis ruedai,AmphibiaWeb
Eleutherodactylus rufescens,Eleutherodactylus rufescens,AmphibiaWeb
Eleutherodactylus rufifemoralis,Eleutherodactylus rufifemoralis,AmphibiaWeb
Eleutherodactylus rufioculis,Pristimantis rufioculis,AmphibiaWeb
Eleutherodactylus rugosus,Craugastor rugosus,AmphibiaWeb
Eleutherodactylus rugulosus,Craugastor rugulosus,AmphibiaWeb
Eleutherodactylus ruidus,Pristimantis ruidus,AmphibiaWeb
Eleutherodactylus ruizi,Strabomantis ruizi,AmphibiaWeb
Eleutherodactylus rupinius,Craugastor rupinius,AmphibiaWeb
Eleutherodactylus ruthae,Eleutherodactylus ruthae,AmphibiaWeb
Eleutherodactylus ruthveni,Serranobatrachus ruthveni,AmphibiaWeb
Eleutherodactylus sabrinus,Craugastor sabrinus,AmphibiaWeb
Eleutherodactylus sagittulus,Pristimantis sagittulus,AmphibiaWeb
Eleutherodactylus salaputium,Pristimantis salaputium,AmphibiaWeb
Eleutherodactylus saltator,Craugastor saltator,AmphibiaWeb
Eleutherodactylus saltuarius,Craugastor saltuarius,AmphibiaWeb
Eleutherodactylus samaipatae,Pristimantis samaipatae,AmphibiaWeb
Eleutherodactylus sambaqui,Ischnocnema sambaqui,AmphibiaWeb
Eleutherodactylus sanctaemartae,Serranobatrachus sanctaemartae,AmphibiaWeb
Eleutherodactylus sandersoni,Craugastor sandersoni,AmphibiaWeb
Eleutherodactylus sanguineus,Pristimantis sanguineus,AmphibiaWeb
Eleutherodactylus sanmartinensis,Craugastor loki,AmphibiaWeb
Eleutherodactylus sartori,Craugastor montanus,AmphibiaWeb
Eleutherodactylus satagius,Pristimantis satagius,AmphibiaWeb
Eleutherodactylus savagei,Pristimantis savagei,AmphibiaWeb
Eleutherodactylus saxatilis,Eleutherodactylus saxatilis,AmphibiaWeb
Eleutherodactylus schmidti,Eleutherodactylus schmidti,AmphibiaWeb
Eleutherodactylus schultei,Pristimantis schultei,AmphibiaWeb
Eleutherodactylus schwartzi,Eleutherodactylus schwartzi,AmphibiaWeb
Eleutherodactylus sciagraphus,Eleutherodactylus sciagraphus,AmphibiaWeb
Eleutherodactylus scitulus,Pristimantis scitulus,AmphibiaWeb
Eleutherodactylus scoloblepharus,Pristimantis scoloblepharus,AmphibiaWeb
Eleutherodactylus scolodiscus,Pristimantis scolodiscus,AmphibiaWeb
Eleutherodactylus scopaeus,Pristimantis scopaeus,AmphibiaWeb
Eleutherodactylus semipalmatus,Eleutherodactylus semipalmatus,AmphibiaWeb
Eleutherodactylus sentinelus,Eleutherodactylus sentinelus,AmphibiaWeb
Eleutherodactylus serendipitus,Pristimantis serendipitus,AmphibiaWeb
Eleutherodactylus shrevei,Pristimantis shrevei,AmphibiaWeb
Eleutherodactylus sierramaestrae,Eleutherodactylus cuneatus,AmphibiaWeb
Eleutherodactylus signifer,Pristimantis signifer,AmphibiaWeb
Eleutherodactylus silverstonei,Pristimantis silverstonei,AmphibiaWeb
Eleutherodactylus silvicola,Craugastor silvicola,AmphibiaWeb
Eleutherodactylus simonbolivari,Pristimantis simonbolivari,AmphibiaWeb
Eleutherodactylus simoteriscus,Pristimantis simoteriscus,AmphibiaWeb
Eleutherodactylus simoterus,Pristimantis simoterus,AmphibiaWeb
Eleutherodactylus simulans,Eleutherodactylus simulans,AmphibiaWeb
Eleutherodactylus siopelus,Pristimantis siopelus,AmphibiaWeb
Eleutherodactylus sisyphodemus,Eleutherodactylus sisyphodemus,AmphibiaWeb
Eleutherodactylus skydmainos,Pristimantis skydmainos,AmphibiaWeb
Eleutherodactylus sobetes,Pristimantis sobetes,AmphibiaWeb
Eleutherodactylus sommeri,Eleutherodactylus sommeri,AmphibiaWeb
Eleutherodactylus spanios,Ischnocnema spanios,AmphibiaWeb
Eleutherodactylus spatulatus,Craugastor spatulatus,AmphibiaWeb
Eleutherodactylus spilogaster,Pristimantis spilogaster,AmphibiaWeb
Eleutherodactylus spinosus,Pristimantis spinosus,AmphibiaWeb
Eleutherodactylus stadelmani,Craugastor stadelmani,AmphibiaWeb
Eleutherodactylus staurometopon,Eleutherodactylus staurometopon,AmphibiaWeb
Eleutherodactylus stejnegerianus,Craugastor stejnegerianus,AmphibiaWeb
Eleutherodactylus stenodiscus,Pristimantis stenodiscus,AmphibiaWeb
Eleutherodactylus sternothylax,Pristimantis sternothylax,AmphibiaWeb
Eleutherodactylus stuarti,Craugastor stuarti,AmphibiaWeb
Eleutherodactylus subsigillatus,Pristimantis subsigillatus,AmphibiaWeb
Eleutherodactylus suetus,Pristimantis suetus,AmphibiaWeb
Eleutherodactylus sulcatus,Strabomantis sulcatus,AmphibiaWeb
Eleutherodactylus sulculus,Pristimantis sulculus,AmphibiaWeb
Eleutherodactylus supernatis,Pristimantis supernatis,AmphibiaWeb
Eleutherodactylus surdus,Pristimantis surdus,AmphibiaWeb
Eleutherodactylus surdus cabrerai,Pristimantis cabrerai,AmphibiaWeb
Eleutherodactylus susaguae,Pristimantis susaguae,AmphibiaWeb
Eleutherodactylus symingtoni,Eleutherodactylus symingtoni,AmphibiaWeb
Eleutherodactylus syristes,Eleutherodactylus syristes,AmphibiaWeb
Eleutherodactylus taciturnus,Pristimantis taciturnus,AmphibiaWeb
Eleutherodactylus taeniatus,Pristimantis taeniatus,AmphibiaWeb
Eleutherodactylus talamancae,Craugastor talamancae,AmphibiaWeb
Eleutherodactylus tamsitti,Pristimantis tamsitti,AmphibiaWeb
Eleutherodactylus tarahumaraensis,Craugastor tarahumaraensis,AmphibiaWeb
Eleutherodactylus taurus,Craugastor taurus,AmphibiaWeb
Eleutherodactylus taylori,Craugastor taylori,AmphibiaWeb
Eleutherodactylus tayrona,Tachiramantis tayrona,AmphibiaWeb
Eleutherodactylus tenebrionis,Pristimantis tenebrionis,AmphibiaWeb
Eleutherodactylus teretistes,Eleutherodactylus teretistes,AmphibiaWeb
Eleutherodactylus terraebolivaris,Pristimantis terraebolivaris,AmphibiaWeb
Eleutherodactylus tetajulia,Eleutherodactylus tetajulia,AmphibiaWeb
Eleutherodactylus thectopternus,Pristimantis thectopternus,AmphibiaWeb
Eleutherodactylus thomasi,Eleutherodactylus thomasi,AmphibiaWeb
Eleutherodactylus thorectes,Eleutherodactylus thorectes,AmphibiaWeb
Eleutherodactylus thymalopsoides,Pristimantis thymalopsoides,AmphibiaWeb
Eleutherodactylus thymelensis,Pristimantis thymelensis,AmphibiaWeb
Eleutherodactylus tigrillo,Diasporus tigrillo,AmphibiaWeb
Eleutherodactylus tinker,Diasporus tinker,AmphibiaWeb
Eleutherodactylus tiptoni,Pristimantis cerasinus,AmphibiaWeb
Eleutherodactylus toa,Eleutherodactylus toa,AmphibiaWeb
Eleutherodactylus toftae,Pristimantis toftae,AmphibiaWeb
Eleutherodactylus tonyi,Eleutherodactylus tonyi,AmphibiaWeb
Eleutherodactylus torrenticola,Pristimantis torrenticola,AmphibiaWeb
Eleutherodactylus trachyblepharis,Pristimantis trachyblepharis,AmphibiaWeb
Eleutherodactylus trachydermus,Craugastor trachydermus,AmphibiaWeb
Eleutherodactylus trepidotus,Pristimantis festae,AmphibiaWeb
Eleutherodactylus tribulosus,Pristimantis tribulosus,AmphibiaWeb
Eleutherodactylus truebae,Pristimantis truebae,AmphibiaWeb
Eleutherodactylus tubernasus,Pristimantis tubernasus,AmphibiaWeb
Eleutherodactylus turpinorum,Pristimantis turpinorum,AmphibiaWeb
Eleutherodactylus turquinensis,Eleutherodactylus turquinensis,AmphibiaWeb
Eleutherodactylus turumiquirensis,Pristimantis turumiquirensis,AmphibiaWeb
Eleutherodactylus tychathrous,Eleutherodactylus tychathrous,AmphibiaWeb
Eleutherodactylus uisae,Pristimantis uisae,AmphibiaWeb
Eleutherodactylus underwoodi,Craugastor underwoodi,AmphibiaWeb
Eleutherodactylus unicolor,Eleutherodactylus unicolor,AmphibiaWeb
Eleutherodactylus unistrigatus,Pristimantis unistrigatus,AmphibiaWeb
Eleutherodactylus unistrigatus holti,Ischnocnema holti,AmphibiaWeb
Eleutherodactylus uno,Craugastor uno,AmphibiaWeb
Eleutherodactylus uranobates,Pristimantis uranobates,AmphibiaWeb
Eleutherodactylus urichi,Pristimantis urichi,AmphibiaWeb
Eleutherodactylus urichi euphronides,Pristimantis euphronides,AmphibiaWeb
Eleutherodactylus urichi shrevei,Pristimantis shrevei,AmphibiaWeb
Eleutherodactylus vanadise,Pristimantis vanadise,AmphibiaWeb
Eleutherodactylus variabilis,Pristimantis variabilis,AmphibiaWeb
Eleutherodactylus varians,Eleutherodactylus varians,AmphibiaWeb
Eleutherodactylus varleyi,Eleutherodactylus varleyi,AmphibiaWeb
Eleutherodactylus veletis,Pristimantis veletis,AmphibiaWeb
Eleutherodactylus venancioi,Ischnocnema venancioi,AmphibiaWeb
Eleutherodactylus ventrilineatus,Eleutherodactylus ventrilineatus,AmphibiaWeb
Eleutherodactylus ventrimarmoratus,Pristimantis ventrimarmoratus,AmphibiaWeb
Eleutherodactylus ventrivittatus,Pristimantis ventrimarmoratus,AmphibiaWeb
Eleutherodactylus verecundus,Pristimantis verecundus,AmphibiaWeb
Eleutherodactylus verrucipes,Eleutherodactylus verrucipes,AmphibiaWeb
Eleutherodactylus verrucosus,Oreobates quixensis,AmphibiaWeb
Eleutherodactylus verruculatus,Eleutherodactylus verruculatus,AmphibiaWeb
Eleutherodactylus versicolor,Pristimantis versicolor,AmphibiaWeb
Eleutherodactylus vertebralis,Pristimantis vertebralis,AmphibiaWeb
Eleutherodactylus vicarius,Pristimantis vicarius,AmphibiaWeb
Eleutherodactylus vidua,Pristimantis vidua,AmphibiaWeb
Eleutherodactylus viejas,Pristimantis viejas,AmphibiaWeb
Eleutherodactylus vilarsi,Pristimantis vilarsi,AmphibiaWeb
Eleutherodactylus vinhai,Pristimantis vinhai,AmphibiaWeb
Eleutherodactylus viridicans,Pristimantis viridicans,AmphibiaWeb
Eleutherodactylus vocalis,Craugastor vocalis,AmphibiaWeb
Eleutherodactylus vocator,Diasporus vocator,AmphibiaWeb
Eleutherodactylus vulcani,Craugastor vulcani,AmphibiaWeb
Eleutherodactylus w-nigrum,Pristimantis w-nigrum,AmphibiaWeb
Eleutherodactylus walkeri,Pristimantis walkeri,AmphibiaWeb
Eleutherodactylus warreni,Eleutherodactylus warreni,AmphibiaWeb
Eleutherodactylus weinlandi,Eleutherodactylus weinlandi,AmphibiaWeb
Eleutherodactylus werleri,Craugastor laticeps,AmphibiaWeb
Eleutherodactylus wetmorei,Eleutherodactylus wetmorei,AmphibiaWeb
Eleutherodactylus whymperi,Pristimantis curtipes,AmphibiaWeb
Eleutherodactylus wiensi,Pristimantis wiensi,AmphibiaWeb
Eleutherodactylus wightmanae,Eleutherodactylus wightmanae,AmphibiaWeb
Eleutherodactylus wixarika,Eleutherodactylus wixarika,AmphibiaWeb
Eleutherodactylus xeniolum,Pristimantis xeniolum,AmphibiaWeb
Eleutherodactylus xestus,Pristimantis xestus,AmphibiaWeb
Eleutherodactylus xucanebi,Craugastor xucanebi,AmphibiaWeb
Eleutherodactylus xylochobates,Pristimantis xylochobates,AmphibiaWeb
Eleutherodactylus yaviensis,Pristimantis yaviensis,AmphibiaWeb
Eleutherodactylus yucatanensis,Craugastor yucatanensis,AmphibiaWeb
Eleutherodactylus zeuctotylus,Pristimantis zeuctotylus,AmphibiaWeb
Eleutherodactylus zeus,Eleutherodactylus zeus,AmphibiaWeb
Eleutherodactylus zimmermanae,Pristimantis zimmermanae,AmphibiaWeb
Eleutherodactylus zongoensis,Oreobates zongoensis,AmphibiaWeb
Eleutherodactylus zophus,Pristimantis zophus,AmphibiaWeb
Eleutherodactylus zugi,Eleutherodactylus zugi,AmphibiaWeb
Eleutherodactylus zygodactylus,Strabomantis zygodactylus,AmphibiaWeb
Elosia aspera,Hylodes asper,AmphibiaWeb
Elosia glabra,Hylodes glaber,AmphibiaWeb
Elosia lateristrigata,Hylodes lateristrigatus,AmphibiaWeb
Elosia mertensi,Hylodes mertensi,AmphibiaWeb
Elosia nasus,Hylodes nasus,AmphibiaWeb
Elosia ornata,Hylodes ornatus,AmphibiaWeb
Elosia perplicata,Hylodes perplicatus,AmphibiaWeb
Elosia pulchra,Hylodes glaber,AmphibiaWeb
Engystoma carolinensis,Gastrophryne carolinensis,AmphibiaWeb
Engystoma olivaceum,Gastrophryne olivacea,AmphibiaWeb
Engystomops coloradorum,Engystomops coloradorum,AmphibiaWeb
Engystomops freibergi,Engystomops freibergi,AmphibiaWeb
Engystomops guayaco,Engystomops guayaco,AmphibiaWeb
Engystomops montubio,Engystomops montubio,AmphibiaWeb
Engystomops petersi,Engystomops petersi,AmphibiaWeb
Engystomops pustulatus,Engystomops pustulatus,AmphibiaWeb
Engystomops pustulosus,Engystomops pustulosus,AmphibiaWeb
Engystomops puyango,Engystomops puyango,AmphibiaWeb
Engystomops randi,Engystomops randi,AmphibiaWeb
Ensatina eschscholtzii,Ensatina eschscholtzii,AmphibiaWeb
Epicrionops bicolor,Epicrionops bicolor,AmphibiaWeb
Epicrionops columbianus,Epicrionops columbianus,AmphibiaWeb
Epicrionops lativittatus,Epicrionops lativittatus,AmphibiaWeb
Epicrionops marmoratus,Epicrionops marmoratus,AmphibiaWeb
Epicrionops niger,Rhinatrema nigrum,AmphibiaWeb
Epicrionops parkeri,Epicrionops parkeri,AmphibiaWeb
Epicrionops peruvianus,Epicrionops peruvianus,AmphibiaWeb
Epicrionops petersi,Epicrionops petersi,AmphibiaWeb
Epidalea calamita,Epidalea calamita,AmphibiaWeb
Epipedobates andinus,Paruwrobates andina,AmphibiaWeb
Epipedobates anthonyi,Epipedobates anthonyi,AmphibiaWeb
Epipedobates bassleri,Ameerega bassleri,AmphibiaWeb
Epipedobates bilinguis,Ameerega bilinguis,AmphibiaWeb
Epipedobates bolivianus,Ameerega boliviana,AmphibiaWeb
Epipedobates boulengeri,Epipedobates boulengeri,AmphibiaWeb
Epipedobates braccatus,Ameerega braccata,AmphibiaWeb
Epipedobates cainarachi,Ameerega cainarachi,AmphibiaWeb
Epipedobates currulao,Epipedobates currulao,AmphibiaWeb
Epipedobates darwinwallacei,Epipedobates espinosai,AmphibiaWeb
Epipedobates erythromos,Paruwrobates erythromos,AmphibiaWeb
Epipedobates espinosai,Epipedobates espinosai,AmphibiaWeb
Epipedobates flavopictus,Ameerega flavopicta,AmphibiaWeb
Epipedobates hahneli,Ameerega hahneli,AmphibiaWeb
Epipedobates ingeri,Ameerega ingeri,AmphibiaWeb
Epipedobates labialis,Ameerega labialis,AmphibiaWeb
Epipedobates macero,Ameerega macero,AmphibiaWeb
Epipedobates machalilla,Epipedobates machalilla,AmphibiaWeb
Epipedobates maculatus,Ameerega maculata,AmphibiaWeb
Epipedobates myersi,Allobates myersi,AmphibiaWeb
Epipedobates narinensis,Epipedobates narinensis,AmphibiaWeb
Epipedobates parvulus,Ameerega parvula,AmphibiaWeb
Epipedobates petersi,Ameerega petersi,AmphibiaWeb
Epipedobates pictus,Ameerega picta,AmphibiaWeb
Epipedobates planipaleae,Ameerega planipaleae,AmphibiaWeb
Epipedobates pongoensis,Ameerega pongoensis,AmphibiaWeb
Epipedobates pulchripectus,Ameerega pulchripecta,AmphibiaWeb
Epipedobates rubriventris,Ameerega rubriventris,AmphibiaWeb
Epipedobates rufulus,Anomaloglossus rufulus,AmphibiaWeb
Epipedobates silverstonei,Ameerega silverstonei,AmphibiaWeb
Epipedobates simulans,Ameerega simulans,AmphibiaWeb
Epipedobates tricolor,Epipedobates tricolor,AmphibiaWeb
Epipedobates trivittatus,Ameerega trivittata,AmphibiaWeb
Ericabatrachus baleensis,Ericabatrachus baleensis,AmphibiaWeb
Espadarana andina,Espadarana andina,AmphibiaWeb
Espadarana audax,Espadarana audax,AmphibiaWeb
Espadarana callistomma,Espadarana callistomma,AmphibiaWeb
Espadarana durrellorum,Espadarana durrellorum,AmphibiaWeb
Espadarana prosoblepon,Espadarana prosoblepon,AmphibiaWeb
Euhyas cundalli,Eleutherodactylus cundalli,AmphibiaWeb
Euhyas varleyi,Eleutherodactylus varleyi,AmphibiaWeb
Euhyas warreni,Eleutherodactylus warreni,AmphibiaWeb
Euhyas weinlandi,Eleutherodactylus weinlandi,AmphibiaWeb
Euparkerella brasiliensis,Euparkerella brasiliensis,AmphibiaWeb
Euparkerella cochranae,Euparkerella cochranae,AmphibiaWeb
Euparkerella cryptica,Euparkerella cryptica,AmphibiaWeb
Euparkerella robusta,Euparkerella robusta,AmphibiaWeb
Euparkerella tridactyla,Euparkerella tridactyla,AmphibiaWeb
Eupemphix bolbodactyla,Ischnocnema bolbodactyla,AmphibiaWeb
Euphlyctis adolfi,Euphlyctis adolfi,AmphibiaWeb
Euphlyctis aloysii,Euphlyctis aloysii,AmphibiaWeb
Euphlyctis cyanophlyctis,Euphlyctis cyanophlyctis,AmphibiaWeb
Euphlyctis ehrenbergii,Euphlyctis ehrenbergii,AmphibiaWeb
Euphlyctis ghoshi,Limnonectes ghoshi,AmphibiaWeb
Euphlyctis hexadactylus,Euphlyctis hexadactylus,AmphibiaWeb
Euphlyctis jaladhara,Euphlyctis jaladhara,AmphibiaWeb
Euphlyctis kalasgramensis,Euphlyctis adolfi,AmphibiaWeb
Euphlyctis karaavali,Euphlyctis karaavali,AmphibiaWeb
Euphlyctis kerala,Euphlyctis kerala,AmphibiaWeb
Euphlyctis konkani,Euphlyctis konkani,AmphibiaWeb
Euphlyctis mudigere,Euphlyctis cyanophlyctis,AmphibiaWeb
Euphlyctis toumanoffi,Limnonectes dabanus,AmphibiaWeb
Euproctus asper,Calotriton asper,AmphibiaWeb
Euproctus montanus,Euproctus montanus,AmphibiaWeb
Euproctus platycephalus,Euproctus platycephalus,AmphibiaWeb
Eupsophus altor,Eupsophus migueli,AmphibiaWeb
Eupsophus bolitoglossus,Cycloramphus bolitoglossus,AmphibiaWeb
Eupsophus calcaratus,Eupsophus calcaratus,AmphibiaWeb
Eupsophus columbianus,Niceforonia columbiana,AmphibiaWeb
Eupsophus contulmoensis,Eupsophus roseus,AmphibiaWeb
Eupsophus coppingeri,Alsodes coppingeri,AmphibiaWeb
Eupsophus emiliopugini,Eupsophus emiliopugini,AmphibiaWeb
Eupsophus illotus,Alsodes nodosus,AmphibiaWeb
Eupsophus insularis,Eupsophus insularis,AmphibiaWeb
Eupsophus lancinii,Pristimantis lancinii,AmphibiaWeb
Eupsophus migueli,Eupsophus migueli,AmphibiaWeb
Eupsophus monticola,Alsodes monticola,AmphibiaWeb
Eupsophus nahuelbutensis,Eupsophus roseus,AmphibiaWeb
Eupsophus nodosus,Alsodes nodosus,AmphibiaWeb
Eupsophus peruanus,Phrynopus peruanus,AmphibiaWeb
Eupsophus quixensis,Oreobates quixensis,AmphibiaWeb
Eupsophus roseus,Eupsophus roseus,AmphibiaWeb
Eupsophus septentrionalis,Eupsophus roseus,AmphibiaWeb
Eupsophus sylvestris,Eupsophus roseus,AmphibiaWeb
Eupsophus taeniatus,Batrachyla taeniata,AmphibiaWeb
Eupsophus versus,Ischnocnema verrucosa,AmphibiaWeb
Eupsophus vertebralis,Eupsophus vertebralis,AmphibiaWeb
Eupsophus wettsteini,Microkayla wettsteini,AmphibiaWeb
Eurycea aquatica,Eurycea aquatica,AmphibiaWeb
Eurycea arenicola,Eurycea arenicola,AmphibiaWeb
Eurycea bislineata,Eurycea bislineata,AmphibiaWeb
Eurycea braggi,Eurycea braggi,AmphibiaWeb
Eurycea chamberlaini,Eurycea chamberlaini,AmphibiaWeb
Eurycea chisholmensis,Eurycea chisholmensis,AmphibiaWeb
Eurycea cirrigera,Eurycea cirrigera,AmphibiaWeb
Eurycea griseogaster,Eurycea tynerensis,AmphibiaWeb
Eurycea guttolineata,Eurycea guttolineata,AmphibiaWeb
Eurycea hillisi,Eurycea hillisi,AmphibiaWeb
Eurycea junaluska,Eurycea junaluska,AmphibiaWeb
Eurycea latitans,Eurycea latitans,AmphibiaWeb
Eurycea longicauda,Eurycea longicauda,AmphibiaWeb
Eurycea lucifuga,Eurycea lucifuga,AmphibiaWeb
Eurycea multiplicata,Eurycea multiplicata,AmphibiaWeb
Eurycea nana,Eurycea nana,AmphibiaWeb
Eurycea naufragia,Eurycea naufragia,AmphibiaWeb
Eurycea neotenes,Eurycea neotenes,AmphibiaWeb
Eurycea nerea,Eurycea nerea,AmphibiaWeb
Eurycea paludicola,Eurycea paludicola,AmphibiaWeb
Eurycea pterophila,Eurycea pterophila,AmphibiaWeb
Eurycea quadridigitata,Eurycea quadridigitata,AmphibiaWeb
Eurycea rathbuni,Eurycea rathbuni,AmphibiaWeb
Eurycea robusta,Eurycea robusta,AmphibiaWeb
Eurycea sosorum,Eurycea sosorum,AmphibiaWeb
Eurycea spelaea,Eurycea spelaea,AmphibiaWeb
Eurycea spelaeus,Eurycea spelaea,AmphibiaWeb
Eurycea sphagnicola,Eurycea sphagnicola,AmphibiaWeb
Eurycea subfluvicola,Eurycea subfluvicola,AmphibiaWeb
Eurycea tonkawae,Eurycea tonkawae,AmphibiaWeb
Eurycea tridentifera,Eurycea tridentifera,AmphibiaWeb
Eurycea troglodytes,Eurycea troglodytes,AmphibiaWeb
Eurycea tynerensis,Eurycea tynerensis,AmphibiaWeb
Eurycea wallacei,Eurycea wallacei,AmphibiaWeb
Eurycea waterlooensis,Eurycea waterlooensis,AmphibiaWeb
Eurycea wilderae,Eurycea wilderae,AmphibiaWeb
Excidobates captivus,Excidobates captivus,AmphibiaWeb
Excidobates condor,Excidobates condor,AmphibiaWeb
Excidobates mysteriosus,Excidobates mysteriosus,AmphibiaWeb
Exedobatrachus biakensis,Exedrobatrachus biakensis,AmphibiaWeb
Exerodonta abdivita,Exerodonta abdivita,AmphibiaWeb
Exerodonta bivocata,Exerodonta bivocata,AmphibiaWeb
Exerodonta catracha,Exerodonta catracha,AmphibiaWeb
Exerodonta chimalapa,Exerodonta chimalapa,AmphibiaWeb
Exerodonta juanitae,Charadrahyla juanitae,AmphibiaWeb
Exerodonta melanomma,Exerodonta melanomma,AmphibiaWeb
Exerodonta perkinsi,Exerodonta perkinsi,AmphibiaWeb
Exerodonta pinorum,Charadrahyla pinorum,AmphibiaWeb
Exerodonta smaragdina,Exerodonta smaragdina,AmphibiaWeb
Exerodonta sumichrasti,Exerodonta sumichrasti,AmphibiaWeb
Exerodonta xera,Exerodonta xera,AmphibiaWeb
Exochohyla chrisdahli,Exochohyla chrisdahli,AmphibiaWeb
Exochohyla hilli,Exochohyla hilli,AmphibiaWeb
Exochohyla humboldtorum,Exochohyla humboldtorum,AmphibiaWeb
Exochohyla prora,Exochohyla prora,AmphibiaWeb
Feihyla fuhua,Feihyla fuhua,AmphibiaWeb
Feihyla hansenae,Feihyla hansenae,AmphibiaWeb
Feihyla kajau,Feihyla kajau,AmphibiaWeb
Feihyla palpebralis,Feihyla palpebralis,AmphibiaWeb
Feihyla vittata,Feihyla vittata,AmphibiaWeb
Feihyla wenshanensis,Feihyla wenshanensis,AmphibiaWeb
Feihyla zhaotongensis,Feihyla zhaotongensis,AmphibiaWeb
Fejervarya altilabris,Fejervarya altilabris,AmphibiaWeb
Fejervarya andamanensis,Minervarya andamanensis,AmphibiaWeb
Fejervarya asmati,Minervarya asmati,AmphibiaWeb
Fejervarya assimilis,Fejervarya assimilis,AmphibiaWeb
Fejervarya brama,Fejervarya brama,AmphibiaWeb
Fejervarya brevipalmata,Minervarya brevipalmata,AmphibiaWeb
Fejervarya cancrivora,Fejervarya cancrivora,AmphibiaWeb
Fejervarya cepfi,Minervarya cepfi,AmphibiaWeb
Fejervarya chiangmaiensis,Minervarya chiangmaiensis,AmphibiaWeb
Fejervarya chilapata,Minervarya chilapata,AmphibiaWeb
Fejervarya dhaka,Minervarya dhaka,AmphibiaWeb
Fejervarya frithi,Fejervarya frithi,AmphibiaWeb
Fejervarya frithii,Fejervarya frithi,AmphibiaWeb
Fejervarya gomantaki,Minervarya gomantaki,AmphibiaWeb
Fejervarya greenii,Minervarya greenii,AmphibiaWeb
Fejervarya iskandari,Fejervarya iskandari,AmphibiaWeb
Fejervarya kadar,Minervarya kadar,AmphibiaWeb
Fejervarya kawamurai,Fejervarya kawamurai,AmphibiaWeb
Fejervarya keralensis,Minervarya keralensis,AmphibiaWeb
Fejervarya kirtisinghei,Minervarya kirtisinghei,AmphibiaWeb
Fejervarya kupitzi,Fejervarya kupitzi,AmphibiaWeb
Fejervarya limnocharis,Fejervarya limnocharis,AmphibiaWeb
Fejervarya manoharani,Minervarya manoharani,AmphibiaWeb
Fejervarya moodiei,Fejervarya moodiei,AmphibiaWeb
Fejervarya multistriata,Fejervarya multistriata,AmphibiaWeb
Fejervarya mysorensis,Minervarya mysorensis,AmphibiaWeb
Fejervarya neilcoxi,Minervarya neilcoxi,AmphibiaWeb
Fejervarya nepalensis,Minervarya nepalensis,AmphibiaWeb
Fejervarya nicobariensis,Indosylvirana nicobariensis,AmphibiaWeb
Fejervarya nilagirica,Minervarya nilagirica,AmphibiaWeb
Fejervarya orissaensis,Fejervarya orissaensis,AmphibiaWeb
Fejervarya pierrei,Minervarya pierrei,AmphibiaWeb
Fejervarya pulla,Fejervarya pulla,AmphibiaWeb
Fejervarya raja,Fejervarya cancrivora,AmphibiaWeb
Fejervarya rufescens,Minervarya rufescens,AmphibiaWeb
Fejervarya sahyadris,Minervarya sahyadris,AmphibiaWeb
Fejervarya sakishimensis,Fejervarya sakishimensis,AmphibiaWeb
Fejervarya sengupti,Minervarya sengupti,AmphibiaWeb
Fejervarya syhadrensis,Minervarya syhadrensis,AmphibiaWeb
Fejervarya teraiensis,Minervarya teraiensis,AmphibiaWeb
Fejervarya triora,Fejervarya triora,AmphibiaWeb
Fejervarya verruculosa,Fejervarya verruculosa,AmphibiaWeb
Fejervarya vittigera,Fejervarya vittigera,AmphibiaWeb
Fejervarya zhoushanensis,Fejervarya zhoushanensis,AmphibiaWeb
Flectonotus fissilis,Fritziana fissilis,AmphibiaWeb
Flectonotus fitzgeraldi,Flectonotus fitzgeraldi,AmphibiaWeb
Flectonotus goeldii,Fritziana goeldii,AmphibiaWeb
Flectonotus pygmaeus,Flectonotus pygmaeus,AmphibiaWeb
Flectonotus ulei,Fritziana fissilis,AmphibiaWeb
Fritziana fissilis,Fritziana fissilis,AmphibiaWeb
Fritziana goeldii,Fritziana goeldii,AmphibiaWeb
Fritziana izecksohni,Fritziana izecksohni,AmphibiaWeb
Fritziana mitus,Fritziana mitus,AmphibiaWeb
Fritziana ohausi,Fritziana ohausi,AmphibiaWeb
Fritziana tonimi,Fritziana tonimi,AmphibiaWeb
Fritziana ulei,Fritziana ulei,AmphibiaWeb
Frostius erythrophthalmus,Frostius erythrophthalmus,AmphibiaWeb
Frostius pernambucensis,Frostius pernambucensis,AmphibiaWeb
Gastrophryne carolinensis,Gastrophryne carolinensis,AmphibiaWeb
Gastrophryne elegans,Gastrophryne elegans,AmphibiaWeb
Gastrophryne mazatlanensis,Gastrophryne mazatlanensis,AmphibiaWeb
Gastrophryne olivacea,Gastrophryne olivacea,AmphibiaWeb
Gastrophrynoides borneensis,Gastrophrynoides borneensis,AmphibiaWeb
Gastrophrynoides immaculatus,Gastrophrynoides immaculatus,AmphibiaWeb
Gastrotheca abdita,Gastrotheca abdita,AmphibiaWeb
Gastrotheca aguaruna,Gastrotheca aguaruna,AmphibiaWeb
Gastrotheca albolineata,Gastrotheca albolineata,AmphibiaWeb
Gastrotheca andaquiensis,Gastrotheca andaquiensis,AmphibiaWeb
Gastrotheca angustifrons,Gastrotheca angustifrons,AmphibiaWeb
Gastrotheca antomia,Gastrotheca antomia,AmphibiaWeb
Gastrotheca antoniiochoai,Gastrotheca antoniiochoai,AmphibiaWeb
Gastrotheca aratia,Gastrotheca aratia,AmphibiaWeb
Gastrotheca argenteovirens,Gastrotheca argenteovirens,AmphibiaWeb
Gastrotheca atympana,Gastrotheca atympana,AmphibiaWeb
Gastrotheca aureomaculata,Gastrotheca aureomaculata,AmphibiaWeb
Gastrotheca boliviana,Gastrotheca marsupiata,AmphibiaWeb
Gastrotheca bufona,Gastrotheca bufona,AmphibiaWeb
Gastrotheca carinaceps,Gastrotheca carinaceps,AmphibiaWeb
Gastrotheca ceratophrys,Gastrotheca cornuta,AmphibiaWeb
Gastrotheca christiani,Gastrotheca christiani,AmphibiaWeb
Gastrotheca chrysosticta,Gastrotheca chrysosticta,AmphibiaWeb
Gastrotheca coeruleomaculatus,Gastrotheca coeruleomaculatus,AmphibiaWeb
Gastrotheca cornuta,Gastrotheca cornuta,AmphibiaWeb
Gastrotheca cuencana,Gastrotheca cuencana,AmphibiaWeb
Gastrotheca dendronastes,Gastrotheca dendronastes,AmphibiaWeb
Gastrotheca dissimilis,Gastrotheca dissimilis,AmphibiaWeb
Gastrotheca dunni,Gastrotheca dunni,AmphibiaWeb
Gastrotheca dysprosita,Gastrotheca dysprosita,AmphibiaWeb
Gastrotheca elicioi,Gastrotheca elicioi,AmphibiaWeb
Gastrotheca ernestoi,Gastrotheca ernestoi,AmphibiaWeb
Gastrotheca espeletia,Gastrotheca espeletia,AmphibiaWeb
Gastrotheca excubitor,Gastrotheca excubitor,AmphibiaWeb
Gastrotheca fissipes,Gastrotheca fissipes,AmphibiaWeb
Gastrotheca flamma,Gastrotheca flamma,AmphibiaWeb
Gastrotheca flavodactyla,Gastrotheca flavodactyla,AmphibiaWeb
Gastrotheca fulvorufa,Gastrotheca fulvorufa,AmphibiaWeb
Gastrotheca galeata,Gastrotheca galeata,AmphibiaWeb
Gastrotheca gemma,Gastrotheca gemma,AmphibiaWeb
Gastrotheca gracilis,Gastrotheca gracilis,AmphibiaWeb
Gastrotheca griswoldi,Gastrotheca griswoldi,AmphibiaWeb
Gastrotheca guentheri,Gastrotheca guentheri,AmphibiaWeb
Gastrotheca helenae,Gastrotheca helenae,AmphibiaWeb
Gastrotheca lateonota,Gastrotheca lateonota,AmphibiaWeb
Gastrotheca litonedis,Gastrotheca litonedis,AmphibiaWeb
Gastrotheca lojana,Gastrotheca lojana,AmphibiaWeb
Gastrotheca longipes,Gastrotheca longipes,AmphibiaWeb
Gastrotheca marsupiata,Gastrotheca marsupiata,AmphibiaWeb
Gastrotheca megacephala,Gastrotheca megacephala,AmphibiaWeb
Gastrotheca microdiscus,Gastrotheca microdiscus,AmphibiaWeb
Gastrotheca mittaliiti,Gastrotheca mittaliiti,AmphibiaWeb
Gastrotheca monticola,Gastrotheca monticola,AmphibiaWeb
Gastrotheca nebulanastes,Gastrotheca nebulanastes,AmphibiaWeb
Gastrotheca nicefori,Gastrotheca nicefori,AmphibiaWeb
Gastrotheca ochoai,Gastrotheca ochoai,AmphibiaWeb
Gastrotheca oresbios,Gastrotheca oresbios,AmphibiaWeb
Gastrotheca orophylax,Gastrotheca orophylax,AmphibiaWeb
Gastrotheca ossilaginis,Gastrotheca ossilaginis,AmphibiaWeb
Gastrotheca ovifera,Gastrotheca ovifera,AmphibiaWeb
Gastrotheca pacchamama,Gastrotheca pacchamama,AmphibiaWeb
Gastrotheca pachachacae,Gastrotheca pachachacae,AmphibiaWeb
Gastrotheca peruana,Gastrotheca peruana,AmphibiaWeb
Gastrotheca phalarosa,Gastrotheca phalarosa,AmphibiaWeb
Gastrotheca phelloderma,Gastrotheca phelloderma,AmphibiaWeb
Gastrotheca piperata,Gastrotheca piperata,AmphibiaWeb
Gastrotheca plumbea,Gastrotheca plumbea,AmphibiaWeb
Gastrotheca prasina,Gastrotheca prasina,AmphibiaWeb
Gastrotheca pseustes,Gastrotheca pseustes,AmphibiaWeb
Gastrotheca psychrophila,Gastrotheca psychrophila,AmphibiaWeb
Gastrotheca pulchra,Gastrotheca pulchra,AmphibiaWeb
Gastrotheca rebeccae,Gastrotheca rebeccae,AmphibiaWeb
Gastrotheca recava,Gastrotheca recava,AmphibiaWeb
Gastrotheca riobambae,Gastrotheca riobambae,AmphibiaWeb
Gastrotheca ruizi,Gastrotheca ruizi,AmphibiaWeb
Gastrotheca spectabilis,Gastrotheca spectabilis,AmphibiaWeb
Gastrotheca splendens,Gastrotheca splendens,AmphibiaWeb
Gastrotheca stictopleura,Gastrotheca stictopleura,AmphibiaWeb
Gastrotheca testudinea,Gastrotheca testudinea,AmphibiaWeb
Gastrotheca trachyceps,Gastrotheca trachyceps,AmphibiaWeb
Gastrotheca trachyplevra,Gastrotheca trachyplevra,AmphibiaWeb
Gastrotheca turnerorum,Gastrotheca turnerorum,AmphibiaWeb
Gastrotheca viviparum,Gastrotheca testudinea,AmphibiaWeb
Gastrotheca walkeri,Gastrotheca walkeri,AmphibiaWeb
Gastrotheca weinlandii,Gastrotheca weinlandii,AmphibiaWeb
Gastrotheca williamsoni,Gastrotheca williamsoni,AmphibiaWeb
Gastrotheca yacuri,Gastrotheca yacuri,AmphibiaWeb
Gastrotheca zeugocystis,Gastrotheca zeugocystis,AmphibiaWeb
Gegeneophis bavali,Gegeneophis bavali,AmphibiaWeb
Gegeneophis carnosus,Gegeneophis carnosus,AmphibiaWeb
Gegeneophis danieli,Gegeneophis danieli,AmphibiaWeb
Gegeneophis goaensis,Gegeneophis goaensis,AmphibiaWeb
Gegeneophis krishni,Gegeneophis krishni,AmphibiaWeb
Gegeneophis madhavai,Gegeneophis madhavai,AmphibiaWeb
Gegeneophis mhadeiensis,Gegeneophis mhadeiensis,AmphibiaWeb
Gegeneophis nadkarnii,Gegeneophis danieli,AmphibiaWeb
Gegeneophis orientalis,Gegeneophis orientalis,AmphibiaWeb
Gegeneophis pareshi,Gegeneophis pareshi,AmphibiaWeb
Gegeneophis primus,Gegeneophis primus,AmphibiaWeb
Gegeneophis ramaswamii,Gegeneophis ramaswamii,AmphibiaWeb
Gegeneophis seshachari,Gegeneophis seshachari,AmphibiaWeb
Gegeneophis tejaswini,Gegeneophis tejaswini,AmphibiaWeb
Gegeneophis valmiki,Gegeneophis valmiki,AmphibiaWeb
Genyophryne thomsoni,Sphenophryne thomsoni,AmphibiaWeb
Geobatrachus walkeri,Geobatrachus walkeri,AmphibiaWeb
Geocrinia alba,Anstisia alba,AmphibiaWeb
Geocrinia laevis,Geocrinia laevis,AmphibiaWeb
Geocrinia leai,Geocrinia leai,AmphibiaWeb
Geocrinia lutea,Anstisia lutea,AmphibiaWeb
Geocrinia rosea,Anstisia rosea,AmphibiaWeb
Geocrinia victoriana,Geocrinia victoriana,AmphibiaWeb
Geocrinia vitellina,Anstisia vitellina,AmphibiaWeb
Geotrypetes angeli,Geotrypetes angeli,AmphibiaWeb
Geotrypetes pseudoangeli,Geotrypetes pseudoangeli,AmphibiaWeb
Geotrypetes seraphini,Geotrypetes seraphini,AmphibiaWeb
Gephyromantis ambohitra,Gephyromantis ambohitra,AmphibiaWeb
Gephyromantis ampondo,Gephyromantis ampondo,AmphibiaWeb
Gephyromantis angano,Gephyromantis angano,AmphibiaWeb
Gephyromantis asper,Gephyromantis asper,AmphibiaWeb
Gephyromantis atsingy,Gephyromantis atsingy,AmphibiaWeb
Gephyromantis azzurrae,Gephyromantis corvus,AmphibiaWeb
Gephyromantis bemiray,Gephyromantis bemiray,AmphibiaWeb
Gephyromantis blanci,Gephyromantis blanci,AmphibiaWeb
Gephyromantis boulengeri,Gephyromantis boulengeri,AmphibiaWeb
Gephyromantis ceratophrys,Gephyromantis ceratophrys,AmphibiaWeb
Gephyromantis cornucopia,Gephyromantis cornucopia,AmphibiaWeb
Gephyromantis cornutus,Gephyromantis cornutus,AmphibiaWeb
Gephyromantis corvus,Gephyromantis corvus,AmphibiaWeb
Gephyromantis decaryi,Gephyromantis decaryi,AmphibiaWeb
Gephyromantis eiselti,Gephyromantis eiselti,AmphibiaWeb
Gephyromantis enki,Gephyromantis enki,AmphibiaWeb
Gephyromantis feomborona,Gephyromantis feomborona,AmphibiaWeb
Gephyromantis fiharimpe,Gephyromantis fiharimpe,AmphibiaWeb
Gephyromantis fuscus,Gephyromantis fuscus,AmphibiaWeb
Gephyromantis granulatus,Gephyromantis granulatus,AmphibiaWeb
Gephyromantis grosjeani,Gephyromantis grosjeani,AmphibiaWeb
Gephyromantis hintelmannae,Gephyromantis hintelmannae,AmphibiaWeb
Gephyromantis horridus,Gephyromantis horridus,AmphibiaWeb
Gephyromantis kintana,Gephyromantis kintana,AmphibiaWeb
Gephyromantis klemmeri,Gephyromantis klemmeri,AmphibiaWeb
Gephyromantis kremenae,Gephyromantis kremenae,AmphibiaWeb
Gephyromantis leucocephalus,Gephyromantis leucocephalus,AmphibiaWeb
Gephyromantis leucomaculatus,Gephyromantis leucomaculatus,AmphibiaWeb
Gephyromantis lomorina,Gephyromantis lomorina,AmphibiaWeb
Gephyromantis luteus,Gephyromantis luteus,AmphibiaWeb
Gephyromantis mafifeo,Gephyromantis mafifeo,AmphibiaWeb
Gephyromantis mafy,Gephyromantis mafy,AmphibiaWeb
Gephyromantis makira,Gephyromantis makira,AmphibiaWeb
Gephyromantis malagasius,Gephyromantis malagasius,AmphibiaWeb
Gephyromantis marokoroko,Gephyromantis marokoroko,AmphibiaWeb
Gephyromantis matsilo,Gephyromantis matsilo,AmphibiaWeb
Gephyromantis mitsinjo,Gephyromantis mitsinjo,AmphibiaWeb
Gephyromantis moseri,Gephyromantis moseri,AmphibiaWeb
Gephyromantis oelkrugi,Gephyromantis oelkrugi,AmphibiaWeb
Gephyromantis pedronoi,Gephyromantis pedronoi,AmphibiaWeb
Gephyromantis plicifer,Gephyromantis plicifer,AmphibiaWeb
Gephyromantis portonae,Gephyromantis portonae,AmphibiaWeb
Gephyromantis pseudoasper,Gephyromantis pseudoasper,AmphibiaWeb
Gephyromantis ranjomavo,Gephyromantis ranjomavo,AmphibiaWeb
Gephyromantis redimitus,Gephyromantis redimitus,AmphibiaWeb
Gephyromantis rivicola,Gephyromantis rivicola,AmphibiaWeb
Gephyromantis runewsweeki,Gephyromantis runewsweeki,AmphibiaWeb
Gephyromantis salegy,Gephyromantis salegy,AmphibiaWeb
Gephyromantis saturnini,Gephyromantis saturnini,AmphibiaWeb
Gephyromantis schilfi,Gephyromantis schilfi,AmphibiaWeb
Gephyromantis sculpturatus,Gephyromantis sculpturatus,AmphibiaWeb
Gephyromantis sergei,Gephyromantis sergei,AmphibiaWeb
Gephyromantis silvanus,Gephyromantis silvanus,AmphibiaWeb
Gephyromantis spiniferus,Gephyromantis spiniferus,AmphibiaWeb
Gephyromantis striatus,Gephyromantis striatus,AmphibiaWeb
Gephyromantis tahotra,Gephyromantis tahotra,AmphibiaWeb
Gephyromantis tandroka,Gephyromantis tandroka,AmphibiaWeb
Gephyromantis thelenae,Gephyromantis thelenae,AmphibiaWeb
Gephyromantis tohatra,Gephyromantis tohatra,AmphibiaWeb
Gephyromantis tschenki,Gephyromantis tschenki,AmphibiaWeb
Gephyromantis ventrimaculatus,Gephyromantis malagasius,AmphibiaWeb
Gephyromantis verrucosus,Gephyromantis verrucosus,AmphibiaWeb
Gephyromantis webbi,Gephyromantis webbi,AmphibiaWeb
Gephyromantis zavona,Gephyromantis zavona,AmphibiaWeb
Ghatixalus asterops,Ghatixalus asterops,AmphibiaWeb
Ghatixalus magnus,Ghatixalus magnus,AmphibiaWeb
Ghatixalus variabilis,Ghatixalus variabilis,AmphibiaWeb
Ghatophryne ornata,Ghatophryne ornata,AmphibiaWeb
Ghatophryne rubigina,Ghatophryne rubigina,AmphibiaWeb
Glandirana emeljanovi,Glandirana emeljanovi,AmphibiaWeb
Glandirana minima,Glandirana minima,AmphibiaWeb
Glandirana reliquia,Glandirana reliquia,AmphibiaWeb
Glandirana rugosa,Glandirana rugosa,AmphibiaWeb
Glandirana susurra,Glandirana susurra,AmphibiaWeb
Glandirana tientaiensis,Glandirana tientaiensis,AmphibiaWeb
Glyphoglossus brooksii,Glyphoglossus brooksii,AmphibiaWeb
Glyphoglossus capsus,Glyphoglossus capsus,AmphibiaWeb
Glyphoglossus flavus,Glyphoglossus flavus,AmphibiaWeb
Glyphoglossus guttulatus,Glyphoglossus guttulatus,AmphibiaWeb
Glyphoglossus huadianensis,Glyphoglossus huadianensis,AmphibiaWeb
Glyphoglossus minutus,Glyphoglossus minutus,AmphibiaWeb
Glyphoglossus molossus,Glyphoglossus molossus,AmphibiaWeb
Glyphoglossus smithi,Glyphoglossus smithi,AmphibiaWeb
Glyphoglossus volzi,Glyphoglossus volzi,AmphibiaWeb
Glyphoglossus yunnanensis,Glyphoglossus yunnanensis,AmphibiaWeb
Gracixalus carinensis,Gracixalus carinensis,AmphibiaWeb
Gracixalus gracilipes,Gracixalus gracilipes,AmphibiaWeb
Gracixalus guangdongensis,Gracixalus guangdongensis,AmphibiaWeb
Gracixalus huaping,Gracixalus huaping,AmphibiaWeb
Gracixalus jinggangensis,Gracixalus jinggangensis,AmphibiaWeb
Gracixalus jinxiuensis,Gracixalus jinxiuensis,AmphibiaWeb
Gracixalus liusanjieae,Gracixalus liusanjieae,AmphibiaWeb
Gracixalus lumarius,Gracixalus lumarius,AmphibiaWeb
Gracixalus medogensis,Gracixalus medogensis,AmphibiaWeb
Gracixalus nonggangensis,Gracixalus nonggangensis,AmphibiaWeb
Gracixalus patkaiensis,Gracixalus patkaiensis,AmphibiaWeb
Gracixalus quangi,Gracixalus quangi,AmphibiaWeb
Gracixalus quyeti,Gracixalus quyeti,AmphibiaWeb
Gracixalus sapaensis,Gracixalus sapaensis,AmphibiaWeb
Gracixalus seesom,Gracixalus seesom,AmphibiaWeb
Gracixalus supercornutus,Gracixalus supercornutus,AmphibiaWeb
Gracixalus tianlinensis,Gracixalus tianlinensis,AmphibiaWeb
Gracixalus trieng,Gracixalus trieng,AmphibiaWeb
Gracixalus waza,Gracixalus waza,AmphibiaWeb
Gracixalus weii,Gracixalus weii,AmphibiaWeb
Gracixalus yunnanensis,Gracixalus yunnanensis,AmphibiaWeb
Gracixalus ziegleri,Gracixalus ziegleri,AmphibiaWeb
Grandisonia alternans,Hypogeophis alternans,AmphibiaWeb
Grandisonia brevis,Hypogeophis brevis,AmphibiaWeb
Grandisonia larvata,Hypogeophis larvata,AmphibiaWeb
Grandisonia sechellensis,Hypogeophis sechellensis,AmphibiaWeb
Grypiscus lutzi,Cycloramphus brasiliensis,AmphibiaWeb
Guibemantis albolineatus,Guibemantis albolineatus,AmphibiaWeb
Guibemantis albomaculatus,Guibemantis albomaculatus,AmphibiaWeb
Guibemantis ambakoana,Guibemantis ambakoana,AmphibiaWeb
Guibemantis annulatus,Guibemantis annulatus,AmphibiaWeb
Guibemantis bicalcaratus,Guibemantis bicalcaratus,AmphibiaWeb
Guibemantis depressiceps,Guibemantis depressiceps,AmphibiaWeb
Guibemantis diphonus,Guibemantis diphonus,AmphibiaWeb
Guibemantis flavobrunneus,Guibemantis flavobrunneus,AmphibiaWeb
Guibemantis fotsitenda,Guibemantis fotsitenda,AmphibiaWeb
Guibemantis kathrinae,Guibemantis kathrinae,AmphibiaWeb
Guibemantis liber,Guibemantis liber,AmphibiaWeb
Guibemantis methueni,Guibemantis methueni,AmphibiaWeb
Guibemantis milingilingy,Guibemantis milingilingy,AmphibiaWeb
Guibemantis pulcher,Guibemantis pulcher,AmphibiaWeb
Guibemantis pulcherrimus,Guibemantis pulcherrimus,AmphibiaWeb
Guibemantis punctatus,Guibemantis punctatus,AmphibiaWeb
Guibemantis razandry,Guibemantis razandry,AmphibiaWeb
Guibemantis razoky,Guibemantis razoky,AmphibiaWeb
Guibemantis rianasoa,Guibemantis rianasoa,AmphibiaWeb
Guibemantis sioka,Guibemantis sioka,AmphibiaWeb
Guibemantis tasifotsy,Guibemantis tasifotsy,AmphibiaWeb
Guibemantis timidus,Guibemantis timidus,AmphibiaWeb
Guibemantis tornieri,Guibemantis tornieri,AmphibiaWeb
Guibemantis vakoa,Guibemantis vakoa,AmphibiaWeb
Guibemantis wattersoni,Guibemantis wattersoni,AmphibiaWeb
Guibemantis woosteri,Guibemantis woosteri,AmphibiaWeb
Gymnopis multiplicata,Gymnopis multiplicata,AmphibiaWeb
Gymnopis syntrema,Gymnopis syntrema,AmphibiaWeb
Gynandropaa feae,Nanorana feae,AmphibiaWeb
Gyrinophilus gulolineatus,Gyrinophilus gulolineatus,AmphibiaWeb
Gyrinophilus palleucus,Gyrinophilus palleucus,AmphibiaWeb
Gyrinophilus porphyriticus,Gyrinophilus porphyriticus,AmphibiaWeb
Gyrinophilus subterraneus,Gyrinophilus subterraneus,AmphibiaWeb
Habrahyla eiselti,Leptopelis notatus,AmphibiaWeb
Haddadus aramunha,Haddadus aramunha,AmphibiaWeb
Haddadus binotatus,Haddadus binotatus,AmphibiaWeb
Haddadus plicifer,Haddadus plicifer,AmphibiaWeb
Hadromophryne natalensis,Hadromophryne natalensis,AmphibiaWeb
Haideotriton wallacei,Eurycea wallacei,AmphibiaWeb
Halophila chryseus,Cornufer vitiensis,AmphibiaWeb
Halophila heros,Cornufer vitianus,AmphibiaWeb
Halophila platydactyla,Platymantis dorsalis,AmphibiaWeb
Halophila vitiensis,Cornufer vitiensis,AmphibiaWeb
Hamptophryne alios,Hamptophryne alios,AmphibiaWeb
Hamptophryne boliviana,Hamptophryne boliviana,AmphibiaWeb
Heleioporus albopunctatus,Heleioporus albopunctatus,AmphibiaWeb
Heleioporus australiacus,Heleioporus australiacus,AmphibiaWeb
Heleioporus barycragus,Heleioporus barycragus,AmphibiaWeb
Heleioporus eyrei,Heleioporus eyrei,AmphibiaWeb
Heleioporus inornatus,Heleioporus inornatus,AmphibiaWeb
Heleioporus psammophilus,Heleioporus psammophilus,AmphibiaWeb
Heleophryne hewitti,Heleophryne hewitti,AmphibiaWeb
Heleophryne natalensis,Hadromophryne natalensis,AmphibiaWeb
Heleophryne orientalis,Heleophryne orientalis,AmphibiaWeb
Heleophryne purcelli,Heleophryne purcelli,AmphibiaWeb
Heleophryne regis,Heleophryne regis,AmphibiaWeb
Heleophryne rosei,Heleophryne rosei,AmphibiaWeb
Helocaetes clarkii,Pseudacris clarkii,AmphibiaWeb
Helocaetes feriarum,Pseudacris feriarum,AmphibiaWeb
Helocaetes nigrita,Pseudacris nigrita,AmphibiaWeb
Hemidactylium pacificum,Batrachoseps pacificus,AmphibiaWeb
Hemidactylium scutatum,Hemidactylium scutatum,AmphibiaWeb
Hemimantis horrida,Gephyromantis horridus,AmphibiaWeb
Hemiphractus bubalus,Hemiphractus bubalus,AmphibiaWeb
Hemiphractus divaricatus,Hemiphractus scutatus,AmphibiaWeb
Hemiphractus elioti,Hemiphractus elioti,AmphibiaWeb
Hemiphractus fasciatus,Hemiphractus fasciatus,AmphibiaWeb
Hemiphractus helioi,Hemiphractus helioi,AmphibiaWeb
Hemiphractus johnsoni,Hemiphractus johnsoni,AmphibiaWeb
Hemiphractus kaylockae,Hemiphractus kaylockae,AmphibiaWeb
Hemiphractus proboscideus,Hemiphractus proboscideus,AmphibiaWeb
Hemiphractus scutatus,Hemiphractus scutatus,AmphibiaWeb
Hemisus barotseensis,Hemisus barotseensis,AmphibiaWeb
Hemisus brachydactylus,Hemisus brachydactylus,AmphibiaWeb
Hemisus guineensis,Hemisus guineensis,AmphibiaWeb
Hemisus guttatus,Hemisus guttatus,AmphibiaWeb
Hemisus marmoratus,Hemisus marmoratus,AmphibiaWeb
Hemisus microscaphus,Hemisus microscaphus,AmphibiaWeb
Hemisus olivaceus,Hemisus olivaceus,AmphibiaWeb
Hemisus perreti,Hemisus perreti,AmphibiaWeb
Hemisus wittei,Hemisus wittei,AmphibiaWeb
Hemitriton asper,Calotriton asper,AmphibiaWeb
Herpele multiplicata,Herpele multiplicata,AmphibiaWeb
Herpele squalostoma,Herpele squalostoma,AmphibiaWeb
Heterixalus alboguttatus,Heterixalus alboguttatus,AmphibiaWeb
Heterixalus andrakata,Heterixalus andrakata,AmphibiaWeb
Heterixalus betsileo,Heterixalus betsileo,AmphibiaWeb
Heterixalus boettgeri,Heterixalus boettgeri,AmphibiaWeb
Heterixalus carbonei,Heterixalus carbonei,AmphibiaWeb
Heterixalus luteostriatus,Heterixalus luteostriatus,AmphibiaWeb
Heterixalus madagascariensis,Heterixalus madagascariensis,AmphibiaWeb
Heterixalus punctatus,Heterixalus punctatus,AmphibiaWeb
Heterixalus rutenbergi,Heterixalus rutenbergi,AmphibiaWeb
Heterixalus tricolor,Heterixalus tricolor,AmphibiaWeb
Heterixalus variabilis,Heterixalus variabilis,AmphibiaWeb
Heyerus bilineatus,Bahius bilineatus,AmphibiaWeb
Hildebrandtia macrotympanum,Hildebrandtia macrotympanum,AmphibiaWeb
Hildebrandtia ornata,Hildebrandtia ornata,AmphibiaWeb
Hildebrandtia ornatissima,Hildebrandtia ornatissima,AmphibiaWeb
Holoaden bradei,Holoaden bradei,AmphibiaWeb
Holoaden leuderwaldti,Holoaden luederwaldti,AmphibiaWeb
Holoaden luederwaldti,Holoaden luederwaldti,AmphibiaWeb
Holoaden pholeter,Holoaden pholeter,AmphibiaWeb
Holoaden suarezi,Holoaden suarezi,AmphibiaWeb
Hoplobatrachus chinensis,Hoplobatrachus rugulosus,AmphibiaWeb
Hoplobatrachus crassus,Hoplobatrachus crassus,AmphibiaWeb
Hoplobatrachus litoralis,Hoplobatrachus litoralis,AmphibiaWeb
Hoplobatrachus occipitalis,Hoplobatrachus occipitalis,AmphibiaWeb
Hoplobatrachus rugulosus,Hoplobatrachus rugulosus,AmphibiaWeb
Hoplobatrachus salween,Hoplobatrachus salween,AmphibiaWeb
Hoplobatrachus tigerinus,Hoplobatrachus tigerinus,AmphibiaWeb
Hoplophryne rogersi,Hoplophryne rogersi,AmphibiaWeb
Hoplophryne uluguruensis,Hoplophryne uluguruensis,AmphibiaWeb
Huia absita,Odorrana absita,AmphibiaWeb
Huia bacboensis,Odorrana bacboensis,AmphibiaWeb
Huia banaorum,Odorrana banaorum,AmphibiaWeb
Huia cavitympanum,Huia cavitympanum,AmphibiaWeb
Huia daorum,Amolops daorum,AmphibiaWeb
Huia exiliversabilis,Odorrana exiliversabilis,AmphibiaWeb
Huia hainanensis,Odorrana hainanensis,AmphibiaWeb
Huia hosii,Odorrana hosii,AmphibiaWeb
Huia javana,Wijayarana javana,AmphibiaWeb
Huia junlianensis,Odorrana junlianensis,AmphibiaWeb
Huia masonii,Wijayarana masonii,AmphibiaWeb
Huia melasma,Wijayarana melasma,AmphibiaWeb
Huia modiglianii,Wijayarana modiglianii,AmphibiaWeb
Huia morafkai,Odorrana morafkai,AmphibiaWeb
Huia nasica,Odorrana nasica,AmphibiaWeb
Huia nasuta,Odorrana nasuta,AmphibiaWeb
Huia sinica,Odorrana sinica,AmphibiaWeb
Huia sumatrana,Wijayarana sumatrana,AmphibiaWeb
Humerana humeralis,Humerana humeralis,AmphibiaWeb
Humerana miopus,Humerana miopus,AmphibiaWeb
Humerana oatesii,Humerana oatesii,AmphibiaWeb
Hyalinobatrachium adespinosai,Hyalinobatrachium adespinosai,AmphibiaWeb
Hyalinobatrachium anachoretus,Hyalinobatrachium anachoretus,AmphibiaWeb
Hyalinobatrachium aureoguttatum,Hyalinobatrachium aureoguttatum,AmphibiaWeb
Hyalinobatrachium bergeri,Hyalinobatrachium bergeri,AmphibiaWeb
Hyalinobatrachium cappellei,Hyalinobatrachium cappellei,AmphibiaWeb
Hyalinobatrachium cardiacalyptum,Hyalinobatrachium chirripoi,AmphibiaWeb
Hyalinobatrachium carlesvilai,Hyalinobatrachium carlesvilai,AmphibiaWeb
Hyalinobatrachium chirripoi,Hyalinobatrachium chirripoi,AmphibiaWeb
Hyalinobatrachium colymbiphyllum,Hyalinobatrachium colymbiphyllum,AmphibiaWeb
Hyalinobatrachium crybetes,Hyalinobatrachium colymbiphyllum,AmphibiaWeb
Hyalinobatrachium dianae,Hyalinobatrachium dianae,AmphibiaWeb
Hyalinobatrachium duranti,Hyalinobatrachium duranti,AmphibiaWeb
Hyalinobatrachium esmeralda,Hyalinobatrachium esmeralda,AmphibiaWeb
Hyalinobatrachium estevesi,Hyloscirtus estevesi,AmphibiaWeb
Hyalinobatrachium fleischmanni,Hyalinobatrachium fleischmanni,AmphibiaWeb
Hyalinobatrachium fragile,Hyalinobatrachium fragile,AmphibiaWeb
Hyalinobatrachium guairarepanense,Hyalinobatrachium guairarepanense,AmphibiaWeb
Hyalinobatrachium guairarepanensis,Hyalinobatrachium guairarepanense,AmphibiaWeb
Hyalinobatrachium iaspidiense,Hyalinobatrachium iaspidiense,AmphibiaWeb
Hyalinobatrachium ibama,Hyalinobatrachium ibama,AmphibiaWeb
Hyalinobatrachium kawense,Hyalinobatrachium kawense,AmphibiaWeb
Hyalinobatrachium lemur,Hyalinobatrachium lemur,AmphibiaWeb
Hyalinobatrachium mashpi,Hyalinobatrachium mashpi,AmphibiaWeb
Hyalinobatrachium mesai,Hyalinobatrachium mesai,AmphibiaWeb
Hyalinobatrachium mondolfii,Hyalinobatrachium mondolfii,AmphibiaWeb
Hyalinobatrachium muiraquitan,Hyalinobatrachium muiraquitan,AmphibiaWeb
Hyalinobatrachium munozorum,Hyalinobatrachium munozorum,AmphibiaWeb
Hyalinobatrachium nouns,Hyalinobatrachium nouns,AmphibiaWeb
Hyalinobatrachium orientale,Hyalinobatrachium orientale,AmphibiaWeb
Hyalinobatrachium orocostale,Hyalinobatrachium orocostale,AmphibiaWeb
Hyalinobatrachium pallidum,Hyalinobatrachium pallidum,AmphibiaWeb
Hyalinobatrachium petersi,Hyalinobatrachium valerioi,AmphibiaWeb
Hyalinobatrachium ruedai,Hyalinobatrachium munozorum,AmphibiaWeb
Hyalinobatrachium talamancae,Hyalinobatrachium talamancae,AmphibiaWeb
Hyalinobatrachium tatayoi,Hyalinobatrachium tatayoi,AmphibiaWeb
Hyalinobatrachium taylori,Hyalinobatrachium taylori,AmphibiaWeb
Hyalinobatrachium tricolor,Hyalinobatrachium tricolor,AmphibiaWeb
Hyalinobatrachium valerioi,Hyalinobatrachium valerioi,AmphibiaWeb
Hyalinobatrachium vireovittatum,Hyalinobatrachium vireovittatum,AmphibiaWeb
Hyalinobatrachium viridissimum,Hyalinobatrachium viridissimum,AmphibiaWeb
Hyalinobatrachium yaku,Hyalinobatrachium yaku,AmphibiaWeb
Hyalotos naispela,Hyalotos naispela,AmphibiaWeb
Hyalotos richardsi,Hyalotos richardsi,AmphibiaWeb
Hyalotos singadanae,Hyalotos singadanae,AmphibiaWeb
Hydrolaetare caparu,Hydrolaetare caparu,AmphibiaWeb
Hydrolaetare dantasi,Hydrolaetare dantasi,AmphibiaWeb
Hydrolaetare schmidti,Hydrolaetare schmidti,AmphibiaWeb
Hydromantes ambrosii,Hydromantes ambrosii,AmphibiaWeb
Hydromantes brunus,Hydromantes brunus,AmphibiaWeb
Hydromantes flavus,Hydromantes flavus,AmphibiaWeb
Hydromantes genei,Hydromantes genei,AmphibiaWeb
Hydromantes imperialis,Hydromantes imperialis,AmphibiaWeb
Hydromantes italicus,Hydromantes italicus,AmphibiaWeb
Hydromantes platycephalus,Hydromantes platycephalus,AmphibiaWeb
Hydromantes samweli,Hydromantes samweli,AmphibiaWeb
Hydromantes sarrabusensis,Hydromantes sarrabusensis,AmphibiaWeb
Hydromantes shastae,Hydromantes shastae,AmphibiaWeb
Hydromantes strinatii,Hydromantes strinatii,AmphibiaWeb
Hydromantes supramontis,Hydromantes supramontis,AmphibiaWeb
Hydromantes wintu,Hydromantes wintu,AmphibiaWeb
Hydrophylax bahuvistara,Hydrophylax bahuvistara,AmphibiaWeb
Hydrophylax gracilis,Hydrophylax gracilis,AmphibiaWeb
Hydrophylax leptoglossa,Hydrophylax leptoglossa,AmphibiaWeb
Hydrophylax malabaricus,Hydrophylax malabaricus,AmphibiaWeb
Hydrophylax raniceps,Chalcorana raniceps,AmphibiaWeb
Hyla abdivita,Exerodonta abdivita,AmphibiaWeb
Hyla acreana,Dendropsophus acreanus,AmphibiaWeb
Hyla albofrenata,Aplastodiscus albofrenatus,AmphibiaWeb
Hyla alboguttata,Osteocephalus alboguttatus,AmphibiaWeb
Hyla albomarginata,Boana albomarginata,AmphibiaWeb
Hyla albonigra,Boana albonigra,AmphibiaWeb
Hyla albopunctata,Boana albopunctata,AmphibiaWeb
Hyla albopunctulata,Hyloscirtus albopunctulatus,AmphibiaWeb
Hyla albosignata,Aplastodiscus albosignatus,AmphibiaWeb
Hyla albovittata,Boana pulchella,AmphibiaWeb
Hyla alemani,Boana alemani,AmphibiaWeb
Hyla altipotens,Charadrahyla altipotens,AmphibiaWeb
Hyla alvarengai,Bokermannohyla alvarengai,AmphibiaWeb
Hyla alytolylax,Hyloscirtus alytolylax,AmphibiaWeb
Hyla ameibothalame,Sarcohyla ameibothalame,AmphibiaWeb
Hyla amicorum,Dendropsophus amicorum,AmphibiaWeb
Hyla anataliasiasi,Dendropsophus anataliasiasi,AmphibiaWeb
Hyla anceps,Dendropsophus anceps,AmphibiaWeb
Hyla andersonii,Hyla andersonii,AmphibiaWeb
Hyla angustilineata,Isthmohyla angustilineata,AmphibiaWeb
Hyla annectans,Hyla annectans,AmphibiaWeb
Hyla aperomea,Dendropsophus aperomeus,AmphibiaWeb
Hyla araguaya,Dendropsophus araguaya,AmphibiaWeb
Hyla arborea,Hyla arborea,AmphibiaWeb
Hyla arborescandens,Sarcohyla arborescandens,AmphibiaWeb
Hyla arboricola,Hyla arboricola,AmphibiaWeb
Hyla arenicolor,Hyla arenicolor,AmphibiaWeb
Hyla arildae,Aplastodiscus arildae,AmphibiaWeb
Hyla armata,Hyloscirtus armatus,AmphibiaWeb
Hyla aromatica,Myersiohyla aromatica,AmphibiaWeb
Hyla astartea,Bokermannohyla astartea,AmphibiaWeb
Hyla atlantica,Boana atlantica,AmphibiaWeb
Hyla avivoca,Hyla avivoca,AmphibiaWeb
Hyla baileyi,Dendropsophus werneri,AmphibiaWeb
Hyla balzani,Boana balzani,AmphibiaWeb
Hyla battersbyi,Dendropsophus battersbyi,AmphibiaWeb
Hyla benitezi,Boana benitezi,AmphibiaWeb
Hyla berthalutzae,Dendropsophus berthalutzae,AmphibiaWeb
Hyla bifurca,Dendropsophus bifurcus,AmphibiaWeb
Hyla bilobata,Dendropsophus bilobatus,AmphibiaWeb
Hyla biobeba,Boana lundii,AmphibiaWeb
Hyla bipunctata,Dendropsophus bipunctatus,AmphibiaWeb
Hyla bipunctata branneri,Dendropsophus branneri,AmphibiaWeb
Hyla bischoffi,Boana bischoffi,AmphibiaWeb
Hyla bistincta,Sarcohyla bistincta,AmphibiaWeb
Hyla bivocata,Exerodonta bivocata,AmphibiaWeb
Hyla boans,Boana boans,AmphibiaWeb
Hyla bocourti,Hyla bocourti,AmphibiaWeb
Hyla bogertae,Sarcohyla crassa,AmphibiaWeb
Hyla bogerti,Dendropsophus bogerti,AmphibiaWeb
Hyla bogotensis,Hyloscirtus bogotensis,AmphibiaWeb
Hyla bokermanni,Dendropsophus bokermanni,AmphibiaWeb
Hyla branneri,Dendropsophus branneri,AmphibiaWeb
Hyla brevifrons,Dendropsophus brevifrons,AmphibiaWeb
Hyla bromeliacia,Bromeliohyla bromeliacia,AmphibiaWeb
Hyla bufoides,Dendropsophus leucophyllatus,AmphibiaWeb
Hyla buriti,Boana buriti,AmphibiaWeb
Hyla cachimbo,Dendropsophus cachimbo,AmphibiaWeb
Hyla cadaverina,Pseudacris cadaverina,AmphibiaWeb
Hyla caingua,Boana caingua,AmphibiaWeb
Hyla calcarata,Boana calcarata,AmphibiaWeb
Hyla callipeza,Hyloscirtus callipeza,AmphibiaWeb
Hyla callipleura,Boana callipleura,AmphibiaWeb
Hyla calvicollina,Sarcohyla calvicollina,AmphibiaWeb
Hyla calypsa,Isthmohyla calypsa,AmphibiaWeb
Hyla cardenasi,Hyla eximia,AmphibiaWeb
Hyla carnifex,Dendropsophus carnifex,AmphibiaWeb
Hyla carthaginiensis,Hyla carthaginiensis,AmphibiaWeb
Hyla carvalhoi,Bokermannohyla carvalhoi,AmphibiaWeb
Hyla catracha,Exerodonta catracha,AmphibiaWeb
Hyla caucana,Hyloscirtus caucanus,AmphibiaWeb
Hyla cavicola,Aplastodiscus cavicola,AmphibiaWeb
Hyla celata,Sarcohyla celata,AmphibiaWeb
Hyla cembra,Sarcohyla cembra,AmphibiaWeb
Hyla ceratophrys,Gastrotheca cornuta,AmphibiaWeb
Hyla cerradensis,Dendropsophus cerradensis,AmphibiaWeb
Hyla chaneque,Charadrahyla chaneque,AmphibiaWeb
Hyla charadricola,Sarcohyla charadricola,AmphibiaWeb
Hyla charazani,Hyloscirtus charazani,AmphibiaWeb
Hyla chimalapa,Exerodonta chimalapa,AmphibiaWeb
Hyla chinensis,Hyla chinensis,AmphibiaWeb
Hyla chlorostea,Hyloscirtus chlorosteus,AmphibiaWeb
Hyla chryses,Sarcohyla chryses,AmphibiaWeb
Hyla chrysoscelis,Hyla chrysoscelis,AmphibiaWeb
Hyla cinerascens,Boana cinerascens,AmphibiaWeb
Hyla cinerea,Hyla cinerea,AmphibiaWeb
Hyla cipoensis,Boana cipoensis,AmphibiaWeb
Hyla circumdata,Bokermannohyla circumdata,AmphibiaWeb
Hyla claresignata,Bokermannohyla claresignata,AmphibiaWeb
Hyla clepsydra,Bokermannohyla clepsydra,AmphibiaWeb
Hyla columbiana,Dendropsophus columbianus,AmphibiaWeb
Hyla colymba,Hyloscirtus colymba,AmphibiaWeb
Hyla cordobae,Boana cordobae,AmphibiaWeb
Hyla crassa,Sarcohyla crassa,AmphibiaWeb
Hyla crepitans,Boana crepitans,AmphibiaWeb
Hyla crucifer,Pseudacris crucifer,AmphibiaWeb
Hyla crucifer crucifer,Pseudacris crucifer,AmphibiaWeb
Hyla cruzi,Dendropsophus cruzi,AmphibiaWeb
Hyla cyanomma,Sarcohyla cyanomma,AmphibiaWeb
Hyla cyclada,Sarcohyla cyclada,AmphibiaWeb
Hyla cymbalum,Boana cymbalum,AmphibiaWeb
Hyla dabieshanensis,Hyla dabieshanensis,AmphibiaWeb
Hyla debilis,Isthmohyla debilis,AmphibiaWeb
Hyla decipiens,Dendropsophus decipiens,AmphibiaWeb
Hyla delarivai,Dendropsophus delarivai,AmphibiaWeb
Hyla dendrophasma,Ptychohyla dendrophasma,AmphibiaWeb
Hyla dendroscarta,Bromeliohyla dendroscarta,AmphibiaWeb
Hyla dentei,Boana dentei,AmphibiaWeb
Hyla denticulenta,Hyloscirtus denticulentus,AmphibiaWeb
Hyla dutrai,Dendropsophus dutrai,AmphibiaWeb
Hyla ebraccata,Dendropsophus ebraccatus,AmphibiaWeb
Hyla echinata,Ecnomiohyla echinata,AmphibiaWeb
Hyla ehrhardti,Aplastodiscus ehrhardti,AmphibiaWeb
Hyla elaeochroa,Scinax elaeochroa,AmphibiaWeb
Hyla elegans,Dendropsophus elegans,AmphibiaWeb
Hyla elianeae,Dendropsophus elianeae,AmphibiaWeb
Hyla ericae,Boana ericae,AmphibiaWeb
Hyla erythromma,Quilticohyla erythromma,AmphibiaWeb
Hyla euphorbiacea,Hyla euphorbiacea,AmphibiaWeb
Hyla euthysanota,Ptychohyla euthysanota,AmphibiaWeb
Hyla eximia,Hyla eximia,AmphibiaWeb
Hyla faber,Boana faber,AmphibiaWeb
Hyla fasciata,Boana fasciata,AmphibiaWeb
Hyla felixarabica,Hyla felixarabica,AmphibiaWeb
Hyla femoralis,Hyla femoralis,AmphibiaWeb
Hyla fimbrimembra,Ecnomiohyla fimbrimembra,AmphibiaWeb
Hyla fluminea,Aplastodiscus flumineus,AmphibiaWeb
Hyla fuentei,Boana xerophylla,AmphibiaWeb
Hyla fuhrmanni,Cryptobatrachus fuhrmanni,AmphibiaWeb
Hyla fuscovaria,Scinax fuscovarius,AmphibiaWeb
Hyla garagoensis,Dendropsophus garagoensis,AmphibiaWeb
Hyla gaucheri,Dendropsophus gaucheri,AmphibiaWeb
Hyla geographica,Boana geographica,AmphibiaWeb
Hyla giesleri,Dendropsophus giesleri,AmphibiaWeb
Hyla godmani,Tlalocohyla godmani,AmphibiaWeb
Hyla goiana,Boana goiana,AmphibiaWeb
Hyla gouveai,Bokermannohyla gouveai,AmphibiaWeb
Hyla graceae,Isthmohyla graceae,AmphibiaWeb
Hyla gracilipes,Hyla eximia,AmphibiaWeb
Hyla grandisonae,Dendropsophus grandisonae,AmphibiaWeb
Hyla gratiosa,Hyla gratiosa,AmphibiaWeb
Hyla gryllata,Dendropsophus gryllatus,AmphibiaWeb
Hyla guentheri,Boana guentheri,AmphibiaWeb
Hyla haddadi,Dendropsophus haddadi,AmphibiaWeb
Hyla hallowellii,Hyla hallowellii,AmphibiaWeb
Hyla haraldschultzi,Dendropsophus haraldschultzi,AmphibiaWeb
Hyla hazelae,Sarcohyla hazelae,AmphibiaWeb
Hyla heilprini,Boana heilprini,AmphibiaWeb
Hyla heinzsteinitzi,Hyla heinzsteinitzi,AmphibiaWeb
Hyla hobbsi,Boana hobbsi,AmphibiaWeb
Hyla hutchinsi,Boana hutchinsi,AmphibiaWeb
Hyla hylax,Bokermannohyla hylax,AmphibiaWeb
Hyla hypochondrialis,Phyllomedusa hypochondrialis,AmphibiaWeb
Hyla hypocondrialis,Phyllomedusa hypochondrialis,AmphibiaWeb
Hyla hypselops,Boana hypselops,AmphibiaWeb
Hyla ibirapitanga,Aplastodiscus ibirapitanga,AmphibiaWeb
Hyla ibitiguara,Bokermannohyla ibitiguara,AmphibiaWeb
Hyla ibitipoca,Bokermannohyla ibitipoca,AmphibiaWeb
Hyla imitator,Dendropsophus imitator,AmphibiaWeb
Hyla immaculata,Hyla immaculata,AmphibiaWeb
Hyla infucata,Isthmohyla infucata,AmphibiaWeb
Hyla inparquesi,Myersiohyla inparquesi,AmphibiaWeb
Hyla insolita,Isthmohyla insolita,AmphibiaWeb
Hyla intermedia,Hyla intermedia,AmphibiaWeb
Hyla izecksohni,Bokermannohyla izecksohni,AmphibiaWeb
Hyla jahni,Hyloscirtus jahni,AmphibiaWeb
Hyla japonica,Hyla japonica,AmphibiaWeb
Hyla jenolanensis,Dryopsophus citropa,AmphibiaWeb
Hyla joannae,Dendropsophus joannae,AmphibiaWeb
Hyla joaquini,Boana joaquini,AmphibiaWeb
Hyla juanitae,Charadrahyla juanitae,AmphibiaWeb
Hyla kanaima,Nesorohyla kanaima,AmphibiaWeb
Hyla karenanneae,Scinax karenanneae,AmphibiaWeb
Hyla koechlini,Dendropsophus pauiniensis,AmphibiaWeb
Hyla labedactyla,Sarcohyla labedactyla,AmphibiaWeb
Hyla labialis,Dendropsophus labialis,AmphibiaWeb
Hyla labialis meridensis,Dendropsophus meridensis,AmphibiaWeb
Hyla lactea,Sphaenorhynchus lacteus,AmphibiaWeb
Hyla lancasteri,Isthmohyla lancasteri,AmphibiaWeb
Hyla lanciformis,Boana lanciformis,AmphibiaWeb
Hyla langei,Bokermannohyla langei,AmphibiaWeb
Hyla larinopygion,Hyloscirtus larinopygion,AmphibiaWeb
Hyla lascinia,Hyloscirtus lascinius,AmphibiaWeb
Hyla leali,Dendropsophus leali,AmphibiaWeb
Hyla lemai,Boana lemai,AmphibiaWeb
Hyla leptolineata,Boana leptolineata,AmphibiaWeb
Hyla leucocheila,Boana leucocheila,AmphibiaWeb
Hyla leucomelas,Boana pulchella,AmphibiaWeb
Hyla leucophyllata,Dendropsophus leucophyllatus,AmphibiaWeb
Hyla leucophyllata sarayacuensis,Dendropsophus sarayacuensis,AmphibiaWeb
Hyla leucopygia,Aplastodiscus leucopygius,AmphibiaWeb
Hyla limai,Dendropsophus limai,AmphibiaWeb
Hyla lindae,Hyloscirtus lindae,AmphibiaWeb
Hyla loquax,Tlalocohyla loquax,AmphibiaWeb
Hyla loveridgei,Myersiohyla loveridgei,AmphibiaWeb
Hyla lucianae,Bokermannohyla lucianae,AmphibiaWeb
Hyla luctuosa,Bokermannohyla luctuosa,AmphibiaWeb
Hyla luteola,Phyllodytes luteolus,AmphibiaWeb
Hyla luteoocellata,Dendropsophus luteoocellatus,AmphibiaWeb
Hyla lynchi,Hyloscirtus lynchi,AmphibiaWeb
Hyla marginata,Boana marginata,AmphibiaWeb
Hyla marianitae,Boana marianitae,AmphibiaWeb
Hyla marmorata,Dendropsophus marmoratus,AmphibiaWeb
Hyla martinsi,Bokermannohyla martinsi,AmphibiaWeb
Hyla mathiassoni,Dendropsophus mathiassoni,AmphibiaWeb
Hyla melanargyrea,Dendropsophus melanargyreus,AmphibiaWeb
Hyla melanomma,Exerodonta melanomma,AmphibiaWeb
Hyla melanopleura,Boana melanopleura,AmphibiaWeb
Hyla meridensis,Dendropsophus meridensis,AmphibiaWeb
Hyla meridiana,Dendropsophus meridianus,AmphibiaWeb
Hyla meridionalis,Hyla meridionalis,AmphibiaWeb
Hyla microcephala,Dendropsophus microcephalus,AmphibiaWeb
Hyla microcephala meridiana,Dendropsophus meridianus,AmphibiaWeb
Hyla microcephala sartori,Dendropsophus sartori,AmphibiaWeb
Hyla microderma,Boana microderma,AmphibiaWeb
Hyla microps,Dendropsophus microps,AmphibiaWeb
Hyla miliaria,Ecnomiohyla miliaria,AmphibiaWeb
Hyla milleri,Ptychohyla leonhardschultzei,AmphibiaWeb
Hyla minera,Ecnomiohyla minera,AmphibiaWeb
Hyla minima,Dendropsophus minimus,AmphibiaWeb
Hyla minuscula,Dendropsophus minusculus,AmphibiaWeb
Hyla minuta,Dendropsophus minutus,AmphibiaWeb
Hyla miotympanum,Ecnomiohyla miotympanum,AmphibiaWeb
Rheohyla miotympanum,Ecnomiohyla miotympanum,AmphibiaWeb
Hyla misera meridiana,Dendropsophus meridianus,AmphibiaWeb
Hyla mixe,Megastomatohyla mixe,AmphibiaWeb
Hyla mixomaculata,Megastomatohyla mixomaculata,AmphibiaWeb
Hyla miyatai,Dendropsophus miyatai,AmphibiaWeb
Hyla molleri,Hyla molleri,AmphibiaWeb
Hyla multifasciata,Boana multifasciata,AmphibiaWeb
Hyla musica,Aplastodiscus musicus,AmphibiaWeb
Hyla mykter,Sarcohyla mykter,AmphibiaWeb
Hyla nahdereri,Dendropsophus nahdereri,AmphibiaWeb
Hyla nana,Dendropsophus nanus,AmphibiaWeb
Hyla nanuzae,Bokermannohyla nanuzae,AmphibiaWeb
Hyla nephila,Charadrahyla nephila,AmphibiaWeb
Hyla nicefori,Cryptobatrachus nicefori,AmphibiaWeb
Hyla novaisi,Dendropsophus novaisi,AmphibiaWeb
Hyla nubicola,Megastomatohyla nubicola,AmphibiaWeb
Hyla ocularis,Pseudacris ocularis,AmphibiaWeb
Hyla oliveirai,Dendropsophus oliveirai,AmphibiaWeb
Hyla orientalis,Hyla orientalis,AmphibiaWeb
Hyla ornatissima,Boana ornatissima,AmphibiaWeb
Hyla pacha,Hyloscirtus pacha,AmphibiaWeb
Hyla pachyderma,Sarcohyla pachyderma,AmphibiaWeb
Hyla padreluna,Dendropsophus padreluna,AmphibiaWeb
Hyla palaestes,Boana palaestes,AmphibiaWeb
Hyla palmeri,Hyloscirtus palmeri,AmphibiaWeb
Hyla pantosticta,Hyloscirtus pantostictus,AmphibiaWeb
Hyla pardalis,Boana pardalis,AmphibiaWeb
Hyla parviceps,Dendropsophus parviceps,AmphibiaWeb
Hyla pauiniensis,Dendropsophus pauiniensis,AmphibiaWeb
Hyla pelidna,Dendropsophus pelidna,AmphibiaWeb
Hyla pellita,Megastomatohyla pellita,AmphibiaWeb
Hyla pellucens,Boana pellucens,AmphibiaWeb
Hyla pentheter,Sarcohyla pentheter,AmphibiaWeb
Hyla perkinsi,Exerodonta perkinsi,AmphibiaWeb
Hyla perpusilla,Ololygon perpusilla,AmphibiaWeb
Hyla perrini,Hyla perrini,AmphibiaWeb
Hyla phaeopleura,Boana phaeopleura,AmphibiaWeb
Hyla phlebodes,Dendropsophus phlebodes,AmphibiaWeb
Hyla phyllochroa,Dryopsophus phyllochrous,AmphibiaWeb
Hyla phyllognatha,Hyloscirtus phyllognathus,AmphibiaWeb
Hyla picadoi,Isthmohyla picadoi,AmphibiaWeb
Hyla piceigularis,Hyloscirtus piceigularis,AmphibiaWeb
Hyla picta,Tlalocohyla picta,AmphibiaWeb
Hyla pictipes,Isthmohyla pictipes,AmphibiaWeb
Hyla picturata,Boana picturata,AmphibiaWeb
Hyla pinima,Scinax pinima,AmphibiaWeb
Hyla pinorum,Charadrahyla pinorum,AmphibiaWeb
Hyla platydactyla,Hyloscirtus platydactylus,AmphibiaWeb
Hyla plicata,Hyla plicata,AmphibiaWeb
Hyla polytaenia,Boana polytaenia,AmphibiaWeb
Hyla polytaenia cipoensis,Boana cipoensis,AmphibiaWeb
Hyla polytaenia goiana,Boana goiana,AmphibiaWeb
Hyla praestans,Dendropsophus praestans,AmphibiaWeb
Hyla prasina,Boana prasina,AmphibiaWeb
Hyla prosoblepon,Cochranella ocellifera,AmphibiaWeb
Hyla psarolaima,Hyloscirtus psarolaimus,AmphibiaWeb
Hyla psarosema,Sarcohyla psarosema,AmphibiaWeb
Hyla pseudomeridiana,Dendropsophus pseudomeridianus,AmphibiaWeb
Hyla pseudopseudis,Bokermannohyla pseudopseudis,AmphibiaWeb
Hyla pseudopuma,Isthmohyla pseudopuma,AmphibiaWeb
Hyla pseudopuma infucata,Isthmohyla infucata,AmphibiaWeb
Hyla ptychodactyla,Hyloscirtus ptychodactylus,AmphibiaWeb
Hyla pugnax,Boana pugnax,AmphibiaWeb
Hyla pulchella,Boana pulchella,AmphibiaWeb
Hyla pulchella cordobae,Boana cordobae,AmphibiaWeb
Hyla pulchella prasina,Boana prasina,AmphibiaWeb
Hyla punctariola,Craugastor punctariolus,AmphibiaWeb
Hyla punctariola moesta,Isthmohyla pictipes,AmphibiaWeb
Hyla punctariola pictipes,Isthmohyla pictipes,AmphibiaWeb
Hyla punctata,Boana punctata,AmphibiaWeb
Hyla punctillata,Boana semilineata,AmphibiaWeb
Hyla quinquevittata,Scinax elaeochroa,AmphibiaWeb
Hyla raddiana joaquini,Boana joaquini,AmphibiaWeb
Hyla raniceps,Boana raniceps,AmphibiaWeb
Hyla ravida,Bokermannohyla ravida,AmphibiaWeb
Hyla regilla,Pseudacris regilla,AmphibiaWeb
Hyla regilla wrightorum,Hyla wrightorum,AmphibiaWeb
Hyla reinwardtii,Rhacophorus reinwardtii,AmphibiaWeb
Hyla rhodopepla,Dendropsophus rhodopeplus,AmphibiaWeb
Hyla rhythmicus,Boana rhythmica,AmphibiaWeb
Hyla riojana,Boana riojana,AmphibiaWeb
Hyla riveroi,Dendropsophus riveroi,AmphibiaWeb
Hyla rivularis,Isthmohyla rivularis,AmphibiaWeb
Hyla robertmertensi,Dendropsophus robertmertensi,AmphibiaWeb
Hyla robertsorum,Sarcohyla robertsorum,AmphibiaWeb
Hyla roraima,Boana roraima,AmphibiaWeb
Hyla rosenbergi,Boana rosenbergi,AmphibiaWeb
Hyla rossalleni,Dendropsophus rossalleni,AmphibiaWeb
Hyla rubicundula,Dendropsophus rubicundulus,AmphibiaWeb
Hyla rubracyla,Boana rubracyla,AmphibiaWeb
Hyla rufitela,Boana rufitela,AmphibiaWeb
Hyla ruschii,Dendropsophus ruschii,AmphibiaWeb
Hyla sabrina,Sarcohyla sabrina,AmphibiaWeb
Hyla salvaje,Ecnomiohyla salvaje,AmphibiaWeb
Hyla sanborni,Dendropsophus sanborni,AmphibiaWeb
Hyla sanchiangensis,Hyla sanchiangensis,AmphibiaWeb
Hyla sarampiona,Hyloscirtus sarampiona,AmphibiaWeb
Hyla sarayacuensis,Dendropsophus sarayacuensis,AmphibiaWeb
Hyla sarda,Hyla sarda,AmphibiaWeb
Hyla sartori,Dendropsophus sartori,AmphibiaWeb
Hyla savignyi,Hyla savignyi,AmphibiaWeb
Hyla saxicola,Bokermannohyla saxicola,AmphibiaWeb
Hyla sazimai,Bokermannohyla sazimai,AmphibiaWeb
Hyla schubarti,Dendropsophus schubarti,AmphibiaWeb
Hyla secedens,Boana secedens,AmphibiaWeb
Hyla semiguttata,Boana semiguttata,AmphibiaWeb
Hyla semilineata,Boana semilineata,AmphibiaWeb
Hyla senicula,Dendropsophus seniculus,AmphibiaWeb
Hyla sibilata,Aplastodiscus sibilatus,AmphibiaWeb
Hyla sibleszi,Boana sibleszi,AmphibiaWeb
Hyla simmonsi,Hyloscirtus simmonsi,AmphibiaWeb
Hyla simplex,Hyla simplex,AmphibiaWeb
Hyla siopela,Sarcohyla siopela,AmphibiaWeb
Hyla smaragdina,Exerodonta smaragdina,AmphibiaWeb
Hyla smithii,Tlalocohyla smithii,AmphibiaWeb
Hyla soaresi,Dendropsophus soaresi,AmphibiaWeb
Hyla squirella,Hyla squirella,AmphibiaWeb
Hyla staufferorum,Hyloscirtus staufferorum,AmphibiaWeb
Hyla steinbachi,Boana fasciata,AmphibiaWeb
Hyla stenocephala,Boana stenocephala,AmphibiaWeb
Hyla stepheni,Hyla japonica,AmphibiaWeb
Hyla stingi,Dendropsophus stingi,AmphibiaWeb
Hyla studerae,Dendropsophus studerae,AmphibiaWeb
Hyla subocularis,Dendropsophus subocularis,AmphibiaWeb
Hyla sumichrasti,Exerodonta sumichrasti,AmphibiaWeb
Hyla suweonensis,Hyla suweonensis,AmphibiaWeb
Hyla taeniopus,Charadrahyla taeniopus,AmphibiaWeb
Hyla tapichalaca,Hyloscirtus tapichalaca,AmphibiaWeb
Hyla thorectes,Sarcohyla thorectes,AmphibiaWeb
Hyla thysanota,Ecnomiohyla thysanota,AmphibiaWeb
Hyla tica,Isthmohyla tica,AmphibiaWeb
Hyla timbeba,Dendropsophus timbeba,AmphibiaWeb
Hyla tintinnabulum,Dendropsophus tintinnabulum,AmphibiaWeb
Hyla torrenticola,Hyloscirtus torrenticola,AmphibiaWeb
Hyla triangulum,Dendropsophus triangulum,AmphibiaWeb
Hyla triseriata,Pseudacris triseriata,AmphibiaWeb
Hyla tritaeniata,Dendropsophus tritaeniatus,AmphibiaWeb
Hyla trux,Charadrahyla trux,AmphibiaWeb
Hyla tsinlingensis,Hyla tsinlingensis,AmphibiaWeb
Hyla tuberculosa,Tepuihyla tuberculosa,AmphibiaWeb
Hyla uruguaya,Scinax uruguayus,AmphibiaWeb
Hyla ussuriensis,Hyla japonica,AmphibiaWeb
Hyla valancifer,Ecnomiohyla valancifer,AmphibiaWeb
Hyla versicolor,Hyla versicolor,AmphibiaWeb
Hyla vigilans,Scarthyla vigilans,AmphibiaWeb
Hyla vilsoniana meridensis,Dendropsophus meridensis,AmphibiaWeb
Hyla virolinensis,Dendropsophus virolinensis,AmphibiaWeb
Hyla walfordi,Dendropsophus walfordi,AmphibiaWeb
Hyla walkeri,Hyla walkeri,AmphibiaWeb
Hyla wavrini,Boana wavrini,AmphibiaWeb
Hyla werneri,Dendropsophus werneri,AmphibiaWeb
Hyla weygoldti,Aplastodiscus weygoldti,AmphibiaWeb
Hyla wrightorum,Hyla wrightorum,AmphibiaWeb
Hyla xanthosticta,Isthmohyla xanthosticta,AmphibiaWeb
Hyla xapuriensis,Dendropsophus xapuriensis,AmphibiaWeb
Hyla xera,Exerodonta xera,AmphibiaWeb
Hyla yaracuyana,Dendropsophus yaracuyanus,AmphibiaWeb
Hyla zeteki,Isthmohyla zeteki,AmphibiaWeb
Hyla zhaopingensis,Hyla zhaopingensis,AmphibiaWeb
Hylactophryne augusti,Craugastor augusti,AmphibiaWeb
Hylambates notatus,Leptopelis notatus,AmphibiaWeb
Hylambates tessmanni,Leptopelis notatus,AmphibiaWeb
Hylarana albolabris,Amnirana albolabris,AmphibiaWeb
Hylarana amnicola,Amnirana amnicola,AmphibiaWeb
Hylarana attigua,Hylarana attigua,AmphibiaWeb
Hylarana bannanica,Hylarana bannanica,AmphibiaWeb
Hylarana bedriagae,Pelophylax bedriagae,AmphibiaWeb
Hylarana celebensis,Papurana celebensis,AmphibiaWeb
Hylarana chitwanensis,Hylarana chitwanensis,AmphibiaWeb
Hylarana chozhai,Hylarana chozhai,AmphibiaWeb
Hylarana erythraea,Hylarana erythraea,AmphibiaWeb
Hylarana everetti,Sanguirana everetti,AmphibiaWeb
Hylarana galamensis,Amnirana galamensis,AmphibiaWeb
Hylarana garoensis,Hylarana garoensis,AmphibiaWeb
Hylarana gracilis,Hydrophylax gracilis,AmphibiaWeb
Hylarana igorota,Sanguirana igorota,AmphibiaWeb
Hylarana kurtmuelleri,Pelophylax kurtmuelleri,AmphibiaWeb
Hylarana lateralis,Pelophylax lateralis,AmphibiaWeb
Hylarana latouchii,Hylarana latouchii,AmphibiaWeb
Hylarana luzonensis,Sanguirana luzonensis,AmphibiaWeb
Hylarana macrodactyla,Hylarana macrodactyla,AmphibiaWeb
Hylarana margariana,Hylarana margariana,AmphibiaWeb
Hylarana milneana,Papurana milneana,AmphibiaWeb
Hylarana montivaga,Hylarana montivaga,AmphibiaWeb
Hylarana nicobariensis,Indosylvirana nicobariensis,AmphibiaWeb
Hylarana nigrotympanica,Sylvirana cubitalis,AmphibiaWeb
Hylarana nigroverrucosa,Hylarana nigroverrucosa,AmphibiaWeb
Hylarana persimilis,Hylarana persimilis,AmphibiaWeb
Hylarana rufipes,Chalcorana rufipes,AmphibiaWeb
Hylarana saharica,Pelophylax saharicus,AmphibiaWeb
Hylarana taipehensis,Hylarana taipehensis,AmphibiaWeb
Hylarana tipanan,Sanguirana tipanan,AmphibiaWeb
Hylarana tytleri,Hylarana tytleri,AmphibiaWeb
Hylella punctatissima,Boana lundii,AmphibiaWeb
Hyliola cadaverina,Pseudacris cadaverina,AmphibiaWeb
Hyliola regilla,Pseudacris regilla,AmphibiaWeb
Hylodes amnicola,Hylodes amnicola,AmphibiaWeb
Hylodes asper,Hylodes asper,AmphibiaWeb
Hylodes augusti,Craugastor augusti,AmphibiaWeb
Hylodes babax,Hylodes babax,AmphibiaWeb
Hylodes caete,Hylodes caete,AmphibiaWeb
Hylodes calcaratus,Pristimantis calcaratus,AmphibiaWeb
Hylodes cardosoi,Hylodes cardosoi,AmphibiaWeb
Hylodes charadranaetes,Hylodes charadranaetes,AmphibiaWeb
Hylodes corrugatus,Platymantis corrugatus,AmphibiaWeb
Hylodes cuneatus,Eleutherodactylus cuneatus,AmphibiaWeb
Hylodes curtipes,Pristimantis curtipes,AmphibiaWeb
Hylodes dactylocinus,Hylodes dactylocinus,AmphibiaWeb
Hylodes diadematus,Pristimantis diadematus,AmphibiaWeb
Hylodes fredi,Hylodes fredi,AmphibiaWeb
Hylodes galdi,Pristimantis galdi,AmphibiaWeb
Hylodes glaber,Hylodes glaber,AmphibiaWeb
Hylodes heyeri,Hylodes heyeri,AmphibiaWeb
Hylodes incertus,Pristimantis incertus,AmphibiaWeb
Hylodes japi,Hylodes japi,AmphibiaWeb
Hylodes lateristrigatus,Hylodes lateristrigatus,AmphibiaWeb
Hylodes laticeps,Craugastor laticeps,AmphibiaWeb
Hylodes longipes,Eleutherodactylus longipes,AmphibiaWeb
Hylodes maculatus,Pseudacris maculata,AmphibiaWeb
Hylodes magalhaesi,Hylodes magalhaesi,AmphibiaWeb
Hylodes marmoratus,Pristimantis marmoratus,AmphibiaWeb
Hylodes martinicensis,Eleutherodactylus martinicensis,AmphibiaWeb
Hylodes maussi,Strabomantis biporcatus,AmphibiaWeb
Hylodes meridionalis,Hylodes meridionalis,AmphibiaWeb
Hylodes mertensi,Hylodes mertensi,AmphibiaWeb
Hylodes nasus,Hylodes nasus,AmphibiaWeb
Hylodes ornatus,Hylodes ornatus,AmphibiaWeb
Hylodes otavioi,Hylodes otavioi,AmphibiaWeb
Hylodes perere,Hylodes perere,AmphibiaWeb
Hylodes perplicatus,Hylodes perplicatus,AmphibiaWeb
Hylodes peruvianus,Pristimantis peruvianus,AmphibiaWeb
Hylodes phyllodes,Hylodes phyllodes,AmphibiaWeb
Hylodes pipilans,Hylodes pipilans,AmphibiaWeb
Hylodes regius,Hylodes regius,AmphibiaWeb
Hylodes sazimai,Hylodes sazimai,AmphibiaWeb
Hylodes uai,Hylodes uai,AmphibiaWeb
Hylodes urichi,Pristimantis urichi,AmphibiaWeb
Hylodes vanzolinii,Hylodes vanzolinii,AmphibiaWeb
Hylodes ventrimarmoratus,Pristimantis ventrimarmoratus,AmphibiaWeb
Hylodes vitianus,Cornufer vitianus,AmphibiaWeb
Hylodes w-nigrum,Pristimantis w-nigrum,AmphibiaWeb
Hylodes weinlandi,Eleutherodactylus weinlandi,AmphibiaWeb
Hylomantis aspera,Hylomantis aspera,AmphibiaWeb
Hylomantis buckleyi,Agalychnis buckleyi,AmphibiaWeb
Hylomantis danieli,Agalychnis danieli,AmphibiaWeb
Hylomantis granulosa,Hylomantis granulosa,AmphibiaWeb
Hylomantis medinae,Agalychnis medinae,AmphibiaWeb
Hylomantis medinai,Agalychnis medinae,AmphibiaWeb
Hylomantis psilopygion,Agalychnis psilopygion,AmphibiaWeb
Hylophorbus atrifasciatus,Hylophorbus atrifasciatus,AmphibiaWeb
Hylophorbus infulata,Hylophorbus infulata,AmphibiaWeb
Hylophorbus nigrinus,Hylophorbus nigrinus,AmphibiaWeb
Hylophorbus picoides,Hylophorbus picoides,AmphibiaWeb
Hylophorbus proekes,Hylophorbus proekes,AmphibiaWeb
Hylophorbus rainerguentheri,Hylophorbus rainerguentheri,AmphibiaWeb
Hylophorbus richardsi,Hylophorbus richardsi,AmphibiaWeb
Hylophorbus rufescens,Hylophorbus rufescens,AmphibiaWeb
Hylophorbus sextus,Hylophorbus sextus,AmphibiaWeb
Hylophorbus sigridae,Hylophorbus sigridae,AmphibiaWeb
Hylophorbus tetraphonus,Hylophorbus tetraphonus,AmphibiaWeb
Hylophorbus wondiwoi,Hylophorbus wondiwoi,AmphibiaWeb
Hylopsis platycephalus,Sphaenorhynchus platycephalus,AmphibiaWeb
Hylorina sylvatica,Hylorina sylvatica,AmphibiaWeb
Hyloscirtus albopunctulatus,Hyloscirtus albopunctulatus,AmphibiaWeb
Hyloscirtus alytolylax,Hyloscirtus alytolylax,AmphibiaWeb
Hyloscirtus antioquia,Hyloscirtus antioquia,AmphibiaWeb
Hyloscirtus arcanus,Hyloscirtus arcanus,AmphibiaWeb
Hyloscirtus armatus,Hyloscirtus armatus,AmphibiaWeb
Hyloscirtus bogotensis,Hyloscirtus bogotensis,AmphibiaWeb
Hyloscirtus callipeza,Hyloscirtus callipeza,AmphibiaWeb
Hyloscirtus caucanus,Hyloscirtus caucanus,AmphibiaWeb
Hyloscirtus charazani,Hyloscirtus charazani,AmphibiaWeb
Hyloscirtus chlorosteus,Hyloscirtus chlorosteus,AmphibiaWeb
Hyloscirtus colymba,Hyloscirtus colymba,AmphibiaWeb
Hyloscirtus condor,Hyloscirtus condor,AmphibiaWeb
Hyloscirtus conscientia,Hyloscirtus conscientia,AmphibiaWeb
Hyloscirtus criptico,Hyloscirtus criptico,AmphibiaWeb
Hyloscirtus denticulentus,Hyloscirtus denticulentus,AmphibiaWeb
Hyloscirtus diabolus,Hyloscirtus diabolus,AmphibiaWeb
Hyloscirtus dispersus,Hyloscirtus dispersus,AmphibiaWeb
Hyloscirtus elbakyanae,Hyloscirtus elbakyanae,AmphibiaWeb
Hyloscirtus estevesi,Hyloscirtus estevesi,AmphibiaWeb
Hyloscirtus hillisi,Hyloscirtus hillisi,AmphibiaWeb
Hyloscirtus jahni,Hyloscirtus jahni,AmphibiaWeb
Hyloscirtus japreria,Hyloscirtus japreria,AmphibiaWeb
Hyloscirtus larinopygion,Hyloscirtus larinopygion,AmphibiaWeb
Hyloscirtus lascinius,Hyloscirtus lascinius,AmphibiaWeb
Hyloscirtus lindae,Hyloscirtus lindae,AmphibiaWeb
Hyloscirtus lynchi,Hyloscirtus lynchi,AmphibiaWeb
Hyloscirtus mashpi,Hyloscirtus mashpi,AmphibiaWeb
Hyloscirtus maycu,Hyloscirtus maycu,AmphibiaWeb
Hyloscirtus pacha,Hyloscirtus pacha,AmphibiaWeb
Hyloscirtus palmeri,Hyloscirtus palmeri,AmphibiaWeb
Hyloscirtus pantostictus,Hyloscirtus pantostictus,AmphibiaWeb
Hyloscirtus phyllognathus,Hyloscirtus phyllognathus,AmphibiaWeb
Hyloscirtus piceigularis,Hyloscirtus piceigularis,AmphibiaWeb
Hyloscirtus platydactylus,Hyloscirtus platydactylus,AmphibiaWeb
Hyloscirtus princecharlesi,Hyloscirtus princecharlesi,AmphibiaWeb
Hyloscirtus psarolaimus,Hyloscirtus psarolaimus,AmphibiaWeb
Hyloscirtus ptychodactylus,Hyloscirtus ptychodactylus,AmphibiaWeb
Hyloscirtus sarampiona,Hyloscirtus sarampiona,AmphibiaWeb
Hyloscirtus sethmacfarlanei,Hyloscirtus sethmacfarlanei,AmphibiaWeb
Hyloscirtus simmonsi,Hyloscirtus simmonsi,AmphibiaWeb
Hyloscirtus staufferorum,Hyloscirtus staufferorum,AmphibiaWeb
Hyloscirtus tapichalaca,Hyloscirtus tapichalaca,AmphibiaWeb
Hyloscirtus tigrinus,Hyloscirtus tigrinus,AmphibiaWeb
Hyloscirtus tolkieni,Hyloscirtus tolkieni,AmphibiaWeb
Hyloscirtus torrenticola,Hyloscirtus torrenticola,AmphibiaWeb
Hyloxalus abditaurantius,Hyloxalus abditaurantius,AmphibiaWeb
Hyloxalus aeruginosus,Hyloxalus aeruginosus,AmphibiaWeb
Hyloxalus anthracinus,Hyloxalus anthracinus,AmphibiaWeb
Hyloxalus argyrogaster,Leucostethus argyrogaster,AmphibiaWeb
Hyloxalus arliensis,Hyloxalus arliensis,AmphibiaWeb
Hyloxalus awa,Hyloxalus awa,AmphibiaWeb
Hyloxalus azureiventris,Hyloxalus azureiventris,AmphibiaWeb
Hyloxalus betancuri,Hyloxalus betancuri,AmphibiaWeb
Hyloxalus bocagei,Hyloxalus bocagei,AmphibiaWeb
Hyloxalus borjai,Hyloxalus borjai,AmphibiaWeb
Hyloxalus breviquartus,Hyloxalus breviquartus,AmphibiaWeb
Hyloxalus cevallosi,Hyloxalus cevallosi,AmphibiaWeb
Hyloxalus chlorocraspedus,Hyloxalus chlorocraspedus,AmphibiaWeb
Hyloxalus chocoensis,Hyloxalus chocoensis,AmphibiaWeb
Hyloxalus craspedoceps,Hyloxalus craspedoceps,AmphibiaWeb
Hyloxalus delatorreae,Hyloxalus delatorreae,AmphibiaWeb
Hyloxalus edwardsi,Hyloxalus edwardsi,AmphibiaWeb
Hyloxalus elachyhistus,Hyloxalus elachyhistus,AmphibiaWeb
Hyloxalus eleutherodactylus,Hyloxalus eleutherodactylus,AmphibiaWeb
Hyloxalus exasperatus,Hyloxalus exasperatus,AmphibiaWeb
Hyloxalus excisus,Hyloxalus excisus,AmphibiaWeb
Hyloxalus faciopunctulatus,Hyloxalus faciopunctulatus,AmphibiaWeb
Hyloxalus fallax,Hyloxalus fallax,AmphibiaWeb
Hyloxalus fascianiger,Hyloxalus fascianigrus,AmphibiaWeb
Hyloxalus fascianigrus,Hyloxalus fascianigrus,AmphibiaWeb
Hyloxalus felixcoperari,Hyloxalus felixcoperari,AmphibiaWeb
Hyloxalus fuliginosus,Hyloxalus fuliginosus,AmphibiaWeb
Hyloxalus idiomelus,Hyloxalus idiomelus,AmphibiaWeb
Hyloxalus infraguttatus,Hyloxalus infraguttatus,AmphibiaWeb
Hyloxalus insulatus,Hyloxalus insulatus,AmphibiaWeb
Hyloxalus italoi,Hyloxalus italoi,AmphibiaWeb
Hyloxalus jacobuspetersi,Hyloxalus jacobuspetersi,AmphibiaWeb
Hyloxalus jhoncito,Hyloxalus jhoncito,AmphibiaWeb
Hyloxalus lehmanni,Hyloxalus lehmanni,AmphibiaWeb
Hyloxalus leucophaeus,Hyloxalus leucophaeus,AmphibiaWeb
Hyloxalus littoralis,Hyloxalus littoralis,AmphibiaWeb
Hyloxalus maculosus,Hyloxalus maculosus,AmphibiaWeb
Hyloxalus maquipucuna,Hyloxalus maquipucuna,AmphibiaWeb
Hyloxalus marmoreoventris,Hyloxalus marmoreoventris,AmphibiaWeb
Hyloxalus mittermeieri,Hyloxalus mittermeieri,AmphibiaWeb
Hyloxalus mystax,Hyloxalus mystax,AmphibiaWeb
Hyloxalus nexipus,Hyloxalus nexipus,AmphibiaWeb
Hyloxalus parcus,Hyloxalus parcus,AmphibiaWeb
Hyloxalus patitae,Hyloxalus patitae,AmphibiaWeb
Hyloxalus peculiaris,Hyloxalus peculiaris,AmphibiaWeb
Hyloxalus peruvianus,Hyloxalus peruvianus,AmphibiaWeb
Hyloxalus pinguis,Hyloxalus pinguis,AmphibiaWeb
Hyloxalus pulchellus,Hyloxalus pulchellus,AmphibiaWeb
Hyloxalus pulcherrimus,Hyloxalus pulcherrimus,AmphibiaWeb
Hyloxalus pumilus,Hyloxalus pumilus,AmphibiaWeb
Hyloxalus ramosi,Hyloxalus ramosi,AmphibiaWeb
Hyloxalus ruizi,Hyloxalus ruizi,AmphibiaWeb
Hyloxalus saltuarius,Hyloxalus saltuarius,AmphibiaWeb
Hyloxalus sanctamariensis,Hyloxalus sanctamariensis,AmphibiaWeb
Hyloxalus sauli,Hyloxalus sauli,AmphibiaWeb
Hyloxalus shuar,Hyloxalus shuar,AmphibiaWeb
Hyloxalus sordidatus,Hyloxalus sordidatus,AmphibiaWeb
Hyloxalus spilotogaster,Hyloxalus spilotogaster,AmphibiaWeb
Hyloxalus subpunctatus,Hyloxalus subpunctatus,AmphibiaWeb
Hyloxalus sylvaticus,Hyloxalus sylvaticus,AmphibiaWeb
Hyloxalus toachi,Hyloxalus toachi,AmphibiaWeb
Hyloxalus utcubambensis,Hyloxalus utcubambensis,AmphibiaWeb
Hyloxalus vergeli,Hyloxalus vergeli,AmphibiaWeb
Hyloxalus vertebralis,Hyloxalus vertebralis,AmphibiaWeb
Hyloxalus whymperi,Paruwrobates whymperi,AmphibiaWeb
Hyloxalus yasuni,Hyloxalus yasuni,AmphibiaWeb
Hymenochirus boettgeri,Hymenochirus boettgeri,AmphibiaWeb
Hymenochirus boulengeri,Hymenochirus boulengeri,AmphibiaWeb
Hymenochirus curtipes,Hymenochirus curtipes,AmphibiaWeb
Hymenochirus feae,Hymenochirus feae,AmphibiaWeb
Hynobius abei,Hynobius abei,AmphibiaWeb
Hynobius abuensis,Hynobius abuensis,AmphibiaWeb
Hynobius akiensis,Hynobius akiensis,AmphibiaWeb
Hynobius amakusaensis,Hynobius amakusaensis,AmphibiaWeb
Hynobius amjiensis,Hynobius amjiensis,AmphibiaWeb
Hynobius arisanensis,Hynobius arisanensis,AmphibiaWeb
Hynobius bakan,Hynobius bakan,AmphibiaWeb
Hynobius bambusicolus,Hynobius bambusicolus,AmphibiaWeb
Hynobius boulengeri,Hynobius boulengeri,AmphibiaWeb
Hynobius chinensis,Hynobius chinensis,AmphibiaWeb
Hynobius dunni,Hynobius dunni,AmphibiaWeb
Hynobius formosanus,Hynobius formosanus,AmphibiaWeb
Hynobius fossigenus,Hynobius fossigenus,AmphibiaWeb
Hynobius fucus,Hynobius fucus,AmphibiaWeb
Hynobius geiyoensis,Hynobius geiyoensis,AmphibiaWeb
Hynobius geojeensis,Hynobius geojeensis,AmphibiaWeb
Hynobius glacialis,Hynobius glacialis,AmphibiaWeb
Hynobius guabangshanensis,Hynobius guabangshanensis,AmphibiaWeb
Hynobius guttatus,Hynobius guttatus,AmphibiaWeb
Hynobius hidamontanus,Hynobius hidamontanus,AmphibiaWeb
Hynobius hirosei,Hynobius hirosei,AmphibiaWeb
Hynobius ikioi,Hynobius ikioi,AmphibiaWeb
Hynobius iwami,Hynobius iwami,AmphibiaWeb
Hynobius katoi,Hynobius katoi,AmphibiaWeb
Hynobius kimurae,Hynobius kimurae,AmphibiaWeb
Hynobius kuishiensis,Hynobius kuishiensis,AmphibiaWeb
Hynobius kunibiki,Hynobius kunibiki,AmphibiaWeb
Hynobius leechii,Hynobius leechii,AmphibiaWeb
Hynobius lichenatus,Hynobius lichenatus,AmphibiaWeb
Hynobius mantchuricus,Hynobius leechii,AmphibiaWeb
Hynobius maoershanensis,Hynobius maoershanensis,AmphibiaWeb
Hynobius mikawaensis,Hynobius mikawaensis,AmphibiaWeb
Hynobius naevius,Hynobius naevius,AmphibiaWeb
Hynobius nagatoensis,Hynobius nagatoensis,AmphibiaWeb
Hynobius nebulosus,Hynobius nebulosus,AmphibiaWeb
Hynobius nigrescens,Hynobius nigrescens,AmphibiaWeb
Hynobius nihoensis,Hynobius nihoensis,AmphibiaWeb
Hynobius notialis,Hynobius notialis,AmphibiaWeb
Hynobius okiensis,Hynobius okiensis,AmphibiaWeb
Hynobius oni,Hynobius oni,AmphibiaWeb
Hynobius osumiensis,Hynobius osumiensis,AmphibiaWeb
Hynobius owariensis,Hynobius owariensis,AmphibiaWeb
Hynobius oyamai,Hynobius oyamai,AmphibiaWeb
Hynobius perplicatus,Hynobius perplicatus,AmphibiaWeb
Hynobius quelpaertensis,Hynobius quelpaertensis,AmphibiaWeb
Hynobius quelpartensis,Hynobius quelpaertensis,AmphibiaWeb
Hynobius retardatus,Hynobius retardatus,AmphibiaWeb
Hynobius sematonotus,Hynobius sematonotus,AmphibiaWeb
Hynobius sengokui,Hynobius sengokui,AmphibiaWeb
Hynobius setoi,Hynobius setoi,AmphibiaWeb
Hynobius setouchi,Hynobius setouchi,AmphibiaWeb
Hynobius shinichisatoi,Hynobius shinichisatoi,AmphibiaWeb
Hynobius sonani,Hynobius sonani,AmphibiaWeb
Hynobius stejnegeri,Hynobius stejnegeri,AmphibiaWeb
Hynobius sumidai,Hynobius sumidai,AmphibiaWeb
Hynobius tagoi,Hynobius tagoi,AmphibiaWeb
Hynobius takedai,Hynobius takedai,AmphibiaWeb
Hynobius tenuis,Hynobius hidamontanus,AmphibiaWeb
Hynobius tokyoensis,Hynobius tokyoensis,AmphibiaWeb
Hynobius tosashimizuensis,Hynobius tosashimizuensis,AmphibiaWeb
Hynobius tsuensis,Hynobius tsuensis,AmphibiaWeb
Hynobius tsurugiensis,Hynobius tsurugiensis,AmphibiaWeb
Hynobius turkestanicus,Hynobius turkestanicus,AmphibiaWeb
Hynobius unisacculus,Hynobius unisacculus,AmphibiaWeb
Hynobius utsunomiyaorum,Hynobius utsunomiyaorum,AmphibiaWeb
Hynobius vandenburghi,Hynobius vandenburghi,AmphibiaWeb
Hynobius yangi,Hynobius yangi,AmphibiaWeb
Hynobius yatsui,Hynobius stejnegeri,AmphibiaWeb
Hynobius yiwuensis,Hynobius yiwuensis,AmphibiaWeb
Hynobius yunanicus,Pachyhynobius shangchengensis,AmphibiaWeb
Hyophryne histrio,Stereocyclops histrio,AmphibiaWeb
Hyperolius acuticephalus,Hyperolius acuticephalus,AmphibiaWeb
Hyperolius acuticeps,Hyperolius acuticeps,AmphibiaWeb
Hyperolius acutirostris,Hyperolius acutirostris,AmphibiaWeb
Hyperolius ademetzi,Hyperolius ademetzi,AmphibiaWeb
Hyperolius adspersus,Hyperolius adspersus,AmphibiaWeb
Hyperolius albofrenatus,Hyperolius albofrenatus,AmphibiaWeb
Hyperolius alticola,Hyperolius discodactylus,AmphibiaWeb
Hyperolius angolensis,Hyperolius angolensis,AmphibiaWeb
Hyperolius argus,Hyperolius argus,AmphibiaWeb
Hyperolius atrigularis,Hyperolius atrigularis,AmphibiaWeb
Hyperolius balfouri,Hyperolius balfouri,AmphibiaWeb
Hyperolius baumanni,Hyperolius baumanni,AmphibiaWeb
Hyperolius benguellensis,Hyperolius benguellensis,AmphibiaWeb
Hyperolius bicolor,Hyperolius bicolor,AmphibiaWeb
Hyperolius bobirensis,Hyperolius bobirensis,AmphibiaWeb
Hyperolius bocagei,Hyperolius bocagei,AmphibiaWeb
Hyperolius bolifambae,Hyperolius bolifambae,AmphibiaWeb
Hyperolius bopeleti,Hyperolius bopeleti,AmphibiaWeb
Hyperolius brachiofasciatus,Hyperolius brachiofasciatus,AmphibiaWeb
Hyperolius burgessi,Hyperolius burgessi,AmphibiaWeb
Hyperolius camerunensis,Hyperolius camerunensis,AmphibiaWeb
Hyperolius castaneus,Hyperolius castaneus,AmphibiaWeb
Hyperolius chabanaudi,Hyperolius chabanaudi,AmphibiaWeb
Hyperolius chelaensis,Hyperolius chelaensis,AmphibiaWeb
Hyperolius chlorosteus,Hyperolius chlorosteus,AmphibiaWeb
Hyperolius chrysogaster,Hyperolius chrysogaster,AmphibiaWeb
Hyperolius cinereus,Hyperolius cinereus,AmphibiaWeb
Hyperolius cinnamomeoventris,Hyperolius cinnamomeoventris,AmphibiaWeb
Hyperolius concolor,Hyperolius concolor,AmphibiaWeb
Hyperolius constellatus,Hyperolius constellatus,AmphibiaWeb
Hyperolius cystocandicans,Hyperolius cystocandicans,AmphibiaWeb
Hyperolius dartevellei,Hyperolius dartevellei,AmphibiaWeb
Hyperolius davenporti,Hyperolius davenporti,AmphibiaWeb
Hyperolius diaphanus,Hyperolius diaphanus,AmphibiaWeb
Hyperolius dintelmanni,Hyperolius dintelmanni,AmphibiaWeb
Hyperolius discodactylus,Hyperolius discodactylus,AmphibiaWeb
Hyperolius drewesi,Hyperolius drewesi,AmphibiaWeb
Hyperolius endjami,Hyperolius endjami,AmphibiaWeb
Hyperolius fasciatus,Hyperolius fasciatus,AmphibiaWeb
Hyperolius ferreirai,Hyperolius ferreirai,AmphibiaWeb
Hyperolius ferrugineus,Hyperolius ferrugineus,AmphibiaWeb
Hyperolius friedemanni,Hyperolius friedemanni,AmphibiaWeb
Hyperolius frontalis,Hyperolius frontalis,AmphibiaWeb
Hyperolius fuscigula,Hyperolius fuscigula,AmphibiaWeb
Hyperolius fusciventris,Hyperolius fusciventris,AmphibiaWeb
Hyperolius ghesquieri,Hyperolius ghesquieri,AmphibiaWeb
Hyperolius gularis,Hyperolius gularis,AmphibiaWeb
Hyperolius guttulatus,Hyperolius guttulatus,AmphibiaWeb
Hyperolius horstockii,Hyperolius horstockii,AmphibiaWeb
Hyperolius houyi,Hyperolius houyi,AmphibiaWeb
Hyperolius howelli,Hyperolius howelli,AmphibiaWeb
Hyperolius hutsebauti,Hyperolius hutsebauti,AmphibiaWeb
Hyperolius hypsiphonus,Hyperolius hypsiphonus,AmphibiaWeb
Hyperolius igbettensis,Hyperolius igbettensis,AmphibiaWeb
Hyperolius inornatus,Hyperolius inornatus,AmphibiaWeb
Hyperolius inyangae,Hyperolius inyangae,AmphibiaWeb
Hyperolius jackie,Hyperolius jackie,AmphibiaWeb
Hyperolius jacobseni,Hyperolius jacobseni,AmphibiaWeb
Hyperolius jynx,Hyperolius jynx,AmphibiaWeb
Hyperolius kachalolae,Hyperolius kachalolae,AmphibiaWeb
Hyperolius kibarae,Hyperolius kibarae,AmphibiaWeb
Hyperolius kihangensis,Hyperolius kihangensis,AmphibiaWeb
Hyperolius kivuensis,Hyperolius kivuensis,AmphibiaWeb
Hyperolius koehleri,Hyperolius koehleri,AmphibiaWeb
Hyperolius kuligae,Hyperolius kuligae,AmphibiaWeb
Hyperolius lamottei,Hyperolius lamottei,AmphibiaWeb
Hyperolius langi,Hyperolius langi,AmphibiaWeb
Hyperolius lateralis,Hyperolius lateralis,AmphibiaWeb
Hyperolius laticeps,Hyperolius laticeps,AmphibiaWeb
Hyperolius laurenti,Hyperolius laurenti,AmphibiaWeb
Hyperolius leleupi,Hyperolius leleupi,AmphibiaWeb
Hyperolius leucotaenius,Hyperolius leucotaenius,AmphibiaWeb
Hyperolius lucani,Hyperolius lucani,AmphibiaWeb
Hyperolius lupiroensis,Hyperolius lupiroensis,AmphibiaWeb
Hyperolius maestus,Hyperolius maestus,AmphibiaWeb
Hyperolius major,Hyperolius major,AmphibiaWeb
Hyperolius mariae,Hyperolius mariae,AmphibiaWeb
Hyperolius marmoratus,Hyperolius marmoratus,AmphibiaWeb
Hyperolius microps,Hyperolius microps,AmphibiaWeb
Hyperolius minutissimus,Hyperolius minutissimus,AmphibiaWeb
Hyperolius mitchelli,Hyperolius mitchelli,AmphibiaWeb
Hyperolius molleri,Hyperolius molleri,AmphibiaWeb
Hyperolius montanus,Hyperolius montanus,AmphibiaWeb
Hyperolius mosaicus,Hyperolius mosaicus,AmphibiaWeb
Hyperolius nasicus,Hyperolius nasicus,AmphibiaWeb
Hyperolius nasutus,Hyperolius nasutus,AmphibiaWeb
Hyperolius nienokouensis,Hyperolius nienokouensis,AmphibiaWeb
Hyperolius nimbae,Hyperolius nimbae,AmphibiaWeb
Hyperolius nitidulus,Hyperolius nitidulus,AmphibiaWeb
Hyperolius obscurus,Hyperolius obscurus,AmphibiaWeb
Hyperolius obstetricans,Hyperolius obstetricans,AmphibiaWeb
Hyperolius occidentalis,Hyperolius occidentalis,AmphibiaWeb
Hyperolius ocellatus,Hyperolius ocellatus,AmphibiaWeb
Hyperolius olivaceus,Hyperolius olivaceus,AmphibiaWeb
Hyperolius orkarkarri,Hyperolius orkarkarri,AmphibiaWeb
Hyperolius parallelus,Hyperolius parallelus,AmphibiaWeb
Hyperolius pardalis,Hyperolius pardalis,AmphibiaWeb
Hyperolius parkeri,Hyperolius parkeri,AmphibiaWeb
Hyperolius phantasticus,Hyperolius phantasticus,AmphibiaWeb
Hyperolius pickersgilli,Hyperolius pickersgilli,AmphibiaWeb
Hyperolius picturatus,Hyperolius picturatus,AmphibiaWeb
Hyperolius pictus,Hyperolius pictus,AmphibiaWeb
Hyperolius platyceps,Hyperolius platyceps,AmphibiaWeb
Hyperolius polli,Hyperolius polli,AmphibiaWeb
Hyperolius polystictus,Hyperolius polystictus,AmphibiaWeb
Hyperolius poweri,Hyperolius poweri,AmphibiaWeb
Hyperolius protchei,Hyperolius protchei,AmphibiaWeb
Hyperolius pseudargus,Hyperolius pseudargus,AmphibiaWeb
Hyperolius puncticulatus,Hyperolius puncticulatus,AmphibiaWeb
Hyperolius punctulatus,Hyperolius nasutus,AmphibiaWeb
Hyperolius pusillus,Hyperolius pusillus,AmphibiaWeb
Hyperolius pustulifer,Hyperolius pustulifer,AmphibiaWeb
Hyperolius pyrrhodictyon,Hyperolius pyrrhodictyon,AmphibiaWeb
Hyperolius quadratomaculatus,Hyperolius quadratomaculatus,AmphibiaWeb
Hyperolius quinquevittatus,Hyperolius quinquevittatus,AmphibiaWeb
Hyperolius raveni,Hyperolius raveni,AmphibiaWeb
Hyperolius raymondi,Hyperolius raymondi,AmphibiaWeb
Hyperolius reesi,Hyperolius reesi,AmphibiaWeb
Hyperolius rhizophilus,Hyperolius rhizophilus,AmphibiaWeb
Hyperolius rhodesianus,Hyperolius rhodesianus,AmphibiaWeb
Hyperolius riggenbachi,Hyperolius riggenbachi,AmphibiaWeb
Hyperolius robustus,Congolius robustus,AmphibiaWeb
Hyperolius rubrovermiculatus,Hyperolius rubrovermiculatus,AmphibiaWeb
Hyperolius ruvuensis,Hyperolius ruvuensis,AmphibiaWeb
Hyperolius rwandae,Hyperolius rwandae,AmphibiaWeb
Hyperolius sankuruensis,Hyperolius sankuruensis,AmphibiaWeb
Hyperolius schoutedeni,Hyperolius schoutedeni,AmphibiaWeb
Hyperolius seabrai,Hyperolius seabrai,AmphibiaWeb
Hyperolius semidiscus,Hyperolius semidiscus,AmphibiaWeb
Hyperolius sheldricki,Hyperolius sheldricki,AmphibiaWeb
Hyperolius soror,Hyperolius soror,AmphibiaWeb
Hyperolius spatzi,Hyperolius spatzi,AmphibiaWeb
Hyperolius spinigularis,Hyperolius spinigularis,AmphibiaWeb
Hyperolius steindachneri,Hyperolius steindachneri,AmphibiaWeb
Hyperolius stenodactylus,Hyperolius stenodactylus,AmphibiaWeb
Hyperolius stictus,Hyperolius stictus,AmphibiaWeb
Hyperolius substriatus,Hyperolius substriatus,AmphibiaWeb
Hyperolius swynnertoni,Hyperolius swynnertoni,AmphibiaWeb
Hyperolius sylvaticus,Hyperolius sylvaticus,AmphibiaWeb
Hyperolius tanneri,Hyperolius tanneri,AmphibiaWeb
Hyperolius tannerorum,Hyperolius tanneri,AmphibiaWeb
Hyperolius thomensis,Hyperolius thomensis,AmphibiaWeb
Hyperolius thoracotuberculatus,Hyperolius thoracotuberculatus,AmphibiaWeb
Hyperolius tornieri,Hyperolius tornieri,AmphibiaWeb
Hyperolius torrentis,Hyperolius torrentis,AmphibiaWeb
Hyperolius tuberculatus,Hyperolius tuberculatus,AmphibiaWeb
Hyperolius tuberilinguis,Hyperolius tuberilinguis,AmphibiaWeb
Hyperolius ukwiva,Hyperolius ukwiva,AmphibiaWeb
Hyperolius veithi,Hyperolius veithi,AmphibiaWeb
Hyperolius vilhenai,Hyperolius vilhenai,AmphibiaWeb
Hyperolius viridiflavus,Hyperolius viridiflavus,AmphibiaWeb
Hyperolius viridigulosus,Hyperolius viridigulosus,AmphibiaWeb
Hyperolius viridis,Hyperolius viridis,AmphibiaWeb
Hyperolius watsonae,Hyperolius watsonae,AmphibiaWeb
Hyperolius wermuthi,Hyperolius wermuthi,AmphibiaWeb
Hyperolius xenorhinus,Hyperolius xenorhinus,AmphibiaWeb
Hyperolius zonatus,Hyperolius zonatus,AmphibiaWeb
Hypodactylus adercus,Niceforonia aderca,AmphibiaWeb
Hypodactylus araiodactylus,Niceforonia araiodactyla,AmphibiaWeb
Hypodactylus babax,Niceforonia babax,AmphibiaWeb
Hypodactylus brunneus,Niceforonia brunnea,AmphibiaWeb
Hypodactylus dolops,Niceforonia philippi,AmphibiaWeb
Hypodactylus elassodiscus,Niceforonia elassodisca,AmphibiaWeb
Hypodactylus fallaciosus,Niceforonia fallaciosa,AmphibiaWeb
Hypodactylus latens,Niceforonia latens,AmphibiaWeb
Hypodactylus lucida,Niceforonia lucida,AmphibiaWeb
Hypodactylus mantipus,Niceforonia mantipa,AmphibiaWeb
Hypodactylus nigrovittatus,Niceforonia nigrovittata,AmphibiaWeb
Hypodactylus peraccai,Niceforonia peraccai,AmphibiaWeb
Hypogeophis alternans,Hypogeophis alternans,AmphibiaWeb
Hypogeophis brevis,Hypogeophis brevis,AmphibiaWeb
Hypogeophis larvata,Hypogeophis larvata,AmphibiaWeb
Hypogeophis montanus,Hypogeophis montanus,AmphibiaWeb
Hypogeophis pti,Hypogeophis pti,AmphibiaWeb
Hypogeophis rostratus,Hypogeophis rostratus,AmphibiaWeb
Hypogeophis sechellensis,Hypogeophis sechellensis,AmphibiaWeb
Hypopachus barberi,Hypopachus barberi,AmphibiaWeb
Hypopachus guancasco,Hypopachus guancasco,AmphibiaWeb
Hypopachus pictiventris,Hypopachus pictiventris,AmphibiaWeb
Hypopachus ustus,Hypopachus ustus,AmphibiaWeb
Hypopachus variolosus,Hypopachus variolosus,AmphibiaWeb
Hypselotriton chenggongensis,Hypselotriton chenggongensis,AmphibiaWeb
Hypselotriton cyanurus,Hypselotriton cyanurus,AmphibiaWeb
Hypselotriton fudingensis,Hypselotriton fudingensis,AmphibiaWeb
Hypselotriton glaucus,Hypselotriton orphicus,AmphibiaWeb
Hypselotriton huanggangensis,Hypselotriton huanggangensis,AmphibiaWeb
Hypselotriton jiaoren,Hypselotriton jiaoren,AmphibiaWeb
Hypselotriton maguae,Hypselotriton maguae,AmphibiaWeb
Hypselotriton oolong,Hypselotriton oolong,AmphibiaWeb
Hypselotriton orientalis,Hypselotriton orientalis,AmphibiaWeb
Hypselotriton orphicus,Hypselotriton orphicus,AmphibiaWeb
Hypselotriton qianshan,Hypselotriton qianshan,AmphibiaWeb
Hypselotriton wolterstorffi,Hypselotriton wolterstorffi,AmphibiaWeb
Hypselotriton yunnanensis,Hypselotriton yunnanensis,AmphibiaWeb
Hypsiboas aguilari,Boana aguilari,AmphibiaWeb
Hypsiboas albomarginatus,Boana albomarginata,AmphibiaWeb
Hypsiboas alboniger,Boana albonigra,AmphibiaWeb
Hypsiboas albopunctatus,Boana albopunctata,AmphibiaWeb
Hypsiboas alemani,Boana alemani,AmphibiaWeb
Hypsiboas alfaroi,Boana alfaroi,AmphibiaWeb
Hypsiboas almendarizae,Boana almendarizae,AmphibiaWeb
Hypsiboas atlanticus,Boana atlantica,AmphibiaWeb
Hypsiboas balzani,Boana balzani,AmphibiaWeb
Hypsiboas bandeirantes,Boana bandeirantes,AmphibiaWeb
Hypsiboas beckeri,Boana beckeri,AmphibiaWeb
Hypsiboas benitezi,Boana benitezi,AmphibiaWeb
Hypsiboas bischoffi,Boana bischoffi,AmphibiaWeb
Hypsiboas boans,Boana boans,AmphibiaWeb
Hypsiboas botumirim,Boana botumirim,AmphibiaWeb
Hypsiboas buriti,Boana buriti,AmphibiaWeb
Hypsiboas caingua,Boana caingua,AmphibiaWeb
Hypsiboas caipora,Boana caipora,AmphibiaWeb
Hypsiboas calcaratus,Boana calcarata,AmphibiaWeb
Hypsiboas callipleura,Boana callipleura,AmphibiaWeb
Hypsiboas cambui,Boana cambui,AmphibiaWeb
Hypsiboas cinerascens,Boana cinerascens,AmphibiaWeb
Hypsiboas cipoensis,Boana cipoensis,AmphibiaWeb
Hypsiboas cordobae,Boana cordobae,AmphibiaWeb
Hypsiboas crepitans,Boana crepitans,AmphibiaWeb
Hypsiboas curupi,Boana curupi,AmphibiaWeb
Hypsiboas cymbalum,Boana cymbalum,AmphibiaWeb
Hypsiboas dentei,Boana dentei,AmphibiaWeb
Hypsiboas diabolicus,Boana diabolica,AmphibiaWeb
Hypsiboas ericae,Boana ericae,AmphibiaWeb
Hypsiboas exastis,Boana exastis,AmphibiaWeb
Hypsiboas faber,Boana faber,AmphibiaWeb
Hypsiboas fasciatus,Boana fasciata,AmphibiaWeb
Hypsiboas freicanecae,Boana freicanecae,AmphibiaWeb
Hypsiboas fuentei,Boana xerophylla,AmphibiaWeb
Hypsiboas geographicus,Boana geographica,AmphibiaWeb
Hypsiboas gladiator,Boana gladiator,AmphibiaWeb
Hypsiboas goianus,Boana goiana,AmphibiaWeb
Hypsiboas gracilis,Boana gracilis,AmphibiaWeb
Hypsiboas guentheri,Boana guentheri,AmphibiaWeb
Hypsiboas heilprini,Boana heilprini,AmphibiaWeb
Hypsiboas hobbsi,Boana hobbsi,AmphibiaWeb
Hypsiboas hutchinsi,Boana hutchinsi,AmphibiaWeb
Hypsiboas hypselops,Boana hypselops,AmphibiaWeb
Hypsiboas jaguariaivensis,Boana jaguariaivensis,AmphibiaWeb
Hypsiboas jimenezi,Boana jimenezi,AmphibiaWeb
Hypsiboas joaquini,Boana joaquini,AmphibiaWeb
Hypsiboas lanciformis,Boana lanciformis,AmphibiaWeb
Hypsiboas latistriatus,Boana latistriata,AmphibiaWeb
Hypsiboas lemai,Boana lemai,AmphibiaWeb
Hypsiboas leptolineatus,Boana leptolineata,AmphibiaWeb
Hypsiboas leucocheilus,Boana leucocheila,AmphibiaWeb
Hypsiboas liliae,Myersiohyla liliae,AmphibiaWeb
Hypsiboas lundii,Boana lundii,AmphibiaWeb
Hypsiboas maculateralis,Boana maculateralis,AmphibiaWeb
Hypsiboas marginatus,Boana marginata,AmphibiaWeb
Hypsiboas marianitae,Boana marianitae,AmphibiaWeb
Hypsiboas melanopleura,Boana melanopleura,AmphibiaWeb
Hypsiboas microderma,Boana microderma,AmphibiaWeb
Hypsiboas multifasciatus,Boana multifasciata,AmphibiaWeb
Hypsiboas nympha,Boana nympha,AmphibiaWeb
Hypsiboas ornatissimus,Boana ornatissima,AmphibiaWeb
Hypsiboas palaestes,Boana palaestes,AmphibiaWeb
Hypsiboas paranaiba,Boana paranaiba,AmphibiaWeb
Hypsiboas pardalis,Boana pardalis,AmphibiaWeb
Hypsiboas pellucens,Boana pellucens,AmphibiaWeb
Hypsiboas phaeopleura,Boana phaeopleura,AmphibiaWeb
Hypsiboas picturatus,Boana picturata,AmphibiaWeb
Hypsiboas poaju,Boana poaju,AmphibiaWeb
Hypsiboas polytaenius,Boana polytaenia,AmphibiaWeb
Hypsiboas pombali,Boana pombali,AmphibiaWeb
Hypsiboas prasinus,Boana prasina,AmphibiaWeb
Hypsiboas pugnax,Boana pugnax,AmphibiaWeb
Hypsiboas pulchellus,Boana pulchella,AmphibiaWeb
Hypsiboas pulidoi,Boana pulidoi,AmphibiaWeb
Hypsiboas punctatus,Boana punctata,AmphibiaWeb
Hypsiboas raniceps,Boana raniceps,AmphibiaWeb
Hypsiboas rhythmicus,Boana rhythmica,AmphibiaWeb
Hypsiboas riojanus,Boana riojana,AmphibiaWeb
Hypsiboas roraima,Boana roraima,AmphibiaWeb
Hypsiboas rosenbergi,Boana rosenbergi,AmphibiaWeb
Hypsiboas rubracylus,Boana rubracyla,AmphibiaWeb
Hypsiboas rufitela,Boana rufitela,AmphibiaWeb
Hypsiboas rufitelus,Boana rufitela,AmphibiaWeb
Hypsiboas secedens,Boana secedens,AmphibiaWeb
Hypsiboas semiguttatus,Boana semiguttata,AmphibiaWeb
Hypsiboas semilineatus,Boana semilineata,AmphibiaWeb
Hypsiboas sibleszi,Boana sibleszi,AmphibiaWeb
Hypsiboas steinbachi,Boana steinbachi,AmphibiaWeb
Hypsiboas stellae,Boana stellae,AmphibiaWeb
Hypsiboas stenocephalus,Boana stenocephala,AmphibiaWeb
Hypsiboas tepuianus,Boana tepuiana,AmphibiaWeb
Hypsiboas tetete,Boana tetete,AmphibiaWeb
Hypsiboas wavrini,Boana wavrini,AmphibiaWeb
Ichthyophis acuminatus,Ichthyophis acuminatus,AmphibiaWeb
Ichthyophis alfredi,Ichthyophis alfredi,AmphibiaWeb
Ichthyophis asplenius,Ichthyophis asplenius,AmphibiaWeb
Ichthyophis atricollaris,Ichthyophis atricollaris,AmphibiaWeb
Ichthyophis bannanicus,Ichthyophis kohtaoensis,AmphibiaWeb
Ichthyophis beddomei,Ichthyophis beddomei,AmphibiaWeb
Ichthyophis benjii,Ichthyophis benjii,AmphibiaWeb
Ichthyophis bernisi,Ichthyophis bernisi,AmphibiaWeb
Ichthyophis biangularis,Ichthyophis biangularis,AmphibiaWeb
Ichthyophis billitonensis,Ichthyophis billitonensis,AmphibiaWeb
Ichthyophis bombayensis,Uraeotyphlus bombayensis,AmphibiaWeb
Ichthyophis cardamomensis,Ichthyophis cardamomensis,AmphibiaWeb
Ichthyophis catlocensis,Ichthyophis catlocensis,AmphibiaWeb
Ichthyophis chaloensis,Ichthyophis chaloensis,AmphibiaWeb
Ichthyophis daribokensis,Ichthyophis daribokensis,AmphibiaWeb
Ichthyophis davidi,Ichthyophis davidi,AmphibiaWeb
Ichthyophis dulitensis,Ichthyophis dulitensis,AmphibiaWeb
Ichthyophis elongatus,Ichthyophis elongatus,AmphibiaWeb
Ichthyophis garoensis,Ichthyophis garoensis,AmphibiaWeb
Ichthyophis glandulosus,Ichthyophis glandulosus,AmphibiaWeb
Ichthyophis glutinosus,Ichthyophis glutinosus,AmphibiaWeb
Ichthyophis griseivermis,Ichthyophis griseivermis,AmphibiaWeb
Ichthyophis humphreyi,Ichthyophis humphreyi,AmphibiaWeb
Ichthyophis husaini,Ichthyophis garoensis,AmphibiaWeb
Ichthyophis hypocyaneus,Ichthyophis hypocyaneus,AmphibiaWeb
Ichthyophis javanicus,Ichthyophis javanicus,AmphibiaWeb
Ichthyophis khumhzi,Ichthyophis khumhzi,AmphibiaWeb
Ichthyophis kodaguensis,Ichthyophis kodaguensis,AmphibiaWeb
Ichthyophis kohtaoensis,Ichthyophis kohtaoensis,AmphibiaWeb
Ichthyophis lakimi,Ichthyophis lakimi,AmphibiaWeb
Ichthyophis laosensis,Ichthyophis laosensis,AmphibiaWeb
Ichthyophis larutensis,Ichthyophis larutensis,AmphibiaWeb
Ichthyophis longicephalus,Ichthyophis longicephalus,AmphibiaWeb
Ichthyophis malabarensis,Uraeotyphlus bombayensis,AmphibiaWeb
Ichthyophis mindanaoensis,Ichthyophis mindanaoensis,AmphibiaWeb
Ichthyophis monochrous,Ichthyophis monochrous,AmphibiaWeb
Ichthyophis moustakius,Ichthyophis moustakius,AmphibiaWeb
Ichthyophis multicolor,Ichthyophis multicolor,AmphibiaWeb
Ichthyophis nguyenorum,Ichthyophis nguyenorum,AmphibiaWeb
Ichthyophis nigroflavus,Ichthyophis nigroflavus,AmphibiaWeb
Ichthyophis nokrekensis,Ichthyophis nokrekensis,AmphibiaWeb
Ichthyophis orthoplicatus,Ichthyophis orthoplicatus,AmphibiaWeb
Ichthyophis paucidentulus,Ichthyophis paucidentulus,AmphibiaWeb
Ichthyophis paucisulcus,Ichthyophis paucisulcus,AmphibiaWeb
Ichthyophis pauli,Ichthyophis pauli,AmphibiaWeb
Ichthyophis peninsularis,Uraeotyphlus bombayensis,AmphibiaWeb
Ichthyophis pseudangularis,Ichthyophis pseudangularis,AmphibiaWeb
Ichthyophis sendenyu,Ichthyophis sendenyu,AmphibiaWeb
Ichthyophis sikkimensis,Ichthyophis sikkimensis,AmphibiaWeb
Ichthyophis singaporensis,Ichthyophis singaporensis,AmphibiaWeb
Ichthyophis subterrestris,Uraeotyphlus bombayensis,AmphibiaWeb
Ichthyophis sumatranus,Ichthyophis sumatranus,AmphibiaWeb
Ichthyophis supachaii,Ichthyophis supachaii,AmphibiaWeb
Ichthyophis tricolor,Ichthyophis tricolor,AmphibiaWeb
Ichthyophis weberi,Ichthyophis weberi,AmphibiaWeb
Ichthyophis yangi,Ichthyophis yangi,AmphibiaWeb
Ichthyophis youngorum,Ichthyophis youngorum,AmphibiaWeb
Ichthyosaura alpestris,Ichthyosaura alpestris,AmphibiaWeb
Idiocranium russeli,Idiocranium russeli,AmphibiaWeb
Ikakogi ispacue,Ikakogi ispacue,AmphibiaWeb
Ikakogi tayrona,Ikakogi tayrona,AmphibiaWeb
Incilius alvarius,Incilius alvarius,AmphibiaWeb
Incilius aucoinae,Incilius aucoinae,AmphibiaWeb
Incilius aurarius,Incilius aurarius,AmphibiaWeb
Incilius bocourti,Incilius bocourti,AmphibiaWeb
Incilius campbelli,Incilius campbelli,AmphibiaWeb
Incilius canaliferus,Incilius canaliferus,AmphibiaWeb
Incilius cavifrons,Incilius cavifrons,AmphibiaWeb
Incilius chompipe,Incilius chompipe,AmphibiaWeb
Incilius coccifer,Incilius coccifer,AmphibiaWeb
Incilius coniferus,Incilius coniferus,AmphibiaWeb
Incilius cristatus,Incilius cristatus,AmphibiaWeb
Incilius cycladen,Incilius cycladen,AmphibiaWeb
Incilius epioticus,Incilius epioticus,AmphibiaWeb
Incilius fastidiosus,Incilius fastidiosus,AmphibiaWeb
Incilius gemmifer,Incilius gemmifer,AmphibiaWeb
Incilius guanacaste,Incilius guanacaste,AmphibiaWeb
Incilius holdridgei,Incilius holdridgei,AmphibiaWeb
Incilius ibarrai,Incilius ibarrai,AmphibiaWeb
Incilius intermedius,Incilius intermedius,AmphibiaWeb
Incilius karenlipsae,Incilius karenlipsae,AmphibiaWeb
Incilius leucomyos,Incilius leucomyos,AmphibiaWeb
Incilius luetkenii,Incilius luetkenii,AmphibiaWeb
Incilius macrocristatus,Incilius macrocristatus,AmphibiaWeb
Incilius majordomus,Incilius majordomus,AmphibiaWeb
Incilius marmoreus,Incilius marmoreus,AmphibiaWeb
Incilius mazatlanensis,Incilius mazatlanensis,AmphibiaWeb
Incilius mccoyi,Incilius mccoyi,AmphibiaWeb
Incilius melanochlorus,Incilius melanochlorus,AmphibiaWeb
Incilius nebulifer,Incilius nebulifer,AmphibiaWeb
Incilius occidentalis,Incilius occidentalis,AmphibiaWeb
Incilius periglenes,Incilius periglenes,AmphibiaWeb
Incilius peripatetes,Incilius peripatetes,AmphibiaWeb
Incilius perplexus,Incilius perplexus,AmphibiaWeb
Incilius pisinnus,Incilius pisinnus,AmphibiaWeb
Incilius porteri,Incilius porteri,AmphibiaWeb
Incilius signifer,Incilius signifer,AmphibiaWeb
Incilius spiculatus,Incilius spiculatus,AmphibiaWeb
Incilius tacanensis,Incilius tacanensis,AmphibiaWeb
Incilius tutelarius,Incilius tutelarius,AmphibiaWeb
Incilius valliceps,Incilius valliceps,AmphibiaWeb
Indirana beddomii,Indirana beddomii,AmphibiaWeb
Indirana bhadrai,Indirana bhadrai,AmphibiaWeb
Indirana brachytarsus,Indirana brachytarsus,AmphibiaWeb
Indirana chiravasi,Indirana chiravasi,AmphibiaWeb
Indirana diplosticta,Sallywalkerana diplosticta,AmphibiaWeb
Indirana duboisi,Indirana duboisi,AmphibiaWeb
Indirana gundia,Indirana gundia,AmphibiaWeb
Indirana leithii,Indirana leithii,AmphibiaWeb
Indirana leptodactyla,Sallywalkerana leptodactyla,AmphibiaWeb
Indirana longicrus,Indirana longicrus,AmphibiaWeb
Indirana paramakri,Indirana paramakri,AmphibiaWeb
Indirana phrynoderma,Sallywalkerana phrynoderma,AmphibiaWeb
Indirana salelkari,Indirana salelkari,AmphibiaWeb
Indirana sarojamma,Indirana sarojamma,AmphibiaWeb
Indirana semipalmata,Indirana semipalmata,AmphibiaWeb
Indirana tenuilingua,Indirana tenuilingua,AmphibiaWeb
Indirana tysoni,Indirana tysoni,AmphibiaWeb
Indirana yadera,Indirana yadera,AmphibiaWeb
Indosylvirana aurantiaca,Indosylvirana aurantiaca,AmphibiaWeb
Indosylvirana caesari,Indosylvirana caesari,AmphibiaWeb
Indosylvirana doni,Indosylvirana doni,AmphibiaWeb
Indosylvirana flavescens,Indosylvirana flavescens,AmphibiaWeb
Indosylvirana indica,Indosylvirana indica,AmphibiaWeb
Indosylvirana intermedia,Indosylvirana intermedia,AmphibiaWeb
Indosylvirana magna,Indosylvirana magna,AmphibiaWeb
Indosylvirana milleti,Papurana milleti,AmphibiaWeb
Indosylvirana montana,Indosylvirana montana,AmphibiaWeb
Indosylvirana nicobariensis,Indosylvirana nicobariensis,AmphibiaWeb
Indosylvirana serendipi,Indosylvirana serendipi,AmphibiaWeb
Indosylvirana sreeni,Indosylvirana sreeni,AmphibiaWeb
Indosylvirana temporalis,Indosylvirana temporalis,AmphibiaWeb
Indosylvirana urbis,Indosylvirana urbis,AmphibiaWeb
Indotyphlus battersbyi,Indotyphlus battersbyi,AmphibiaWeb
Indotyphlus maharashtraensis,Indotyphlus maharashtraensis,AmphibiaWeb
Ingerana borealis,Ingerana borealis,AmphibiaWeb
Ingerana charlesdarwini,Minervarya charlesdarwini,AmphibiaWeb
Ingerana occidens,Ingerana occidens,AmphibiaWeb
Ingerana reticulata,Liurana reticulata,AmphibiaWeb
Ingerana tenasserimensis,Ingerana tenasserimensis,AmphibiaWeb
Ingerophrynus biporcatus,Ingerophrynus biporcatus,AmphibiaWeb
Ingerophrynus celebensis,Ingerophrynus celebensis,AmphibiaWeb
Ingerophrynus chrysolophus,Ingerophrynus chrysolophus,AmphibiaWeb
Ingerophrynus claviger,Ingerophrynus claviger,AmphibiaWeb
Ingerophrynus divergens,Ingerophrynus divergens,AmphibiaWeb
Ingerophrynus galeatus,Ingerophrynus galeatus,AmphibiaWeb
Ingerophrynus gollum,Ingerophrynus gollum,AmphibiaWeb
Ingerophrynus kumquat,Ingerophrynus kumquat,AmphibiaWeb
Ingerophrynus ledongensis,Ingerophrynus ledongensis,AmphibiaWeb
Ingerophrynus macrotis,Ingerophrynus macrotis,AmphibiaWeb
Ingerophrynus parvus,Ingerophrynus parvus,AmphibiaWeb
Ingerophrynus philippinicus,Ingerophrynus philippinicus,AmphibiaWeb
Ingerophrynus quadriporcatus,Ingerophrynus quadriporcatus,AmphibiaWeb
Ingerophrynus wangyingyongi,Ingerophrynus wangyingyongi,AmphibiaWeb
Insuetophrynus acarpicus,Insuetophrynus acarpicus,AmphibiaWeb
Iranodon persicus,Paradactylodon persicus,AmphibiaWeb
Ischnocnema abdita,Ischnocnema abdita,AmphibiaWeb
Ischnocnema bocaina,Ischnocnema bocaina,AmphibiaWeb
Ischnocnema bolbodactyla,Ischnocnema bolbodactyla,AmphibiaWeb
Ischnocnema colibri,Ischnocnema colibri,AmphibiaWeb
Ischnocnema concolor,Ischnocnema concolor,AmphibiaWeb
Ischnocnema crassa,Ischnocnema crassa,AmphibiaWeb
Ischnocnema epipeda,Ischnocnema epipeda,AmphibiaWeb
Ischnocnema erythromera,Ischnocnema erythromera,AmphibiaWeb
Ischnocnema feioi,Ischnocnema feioi,AmphibiaWeb
Ischnocnema garciai,Ischnocnema garciai,AmphibiaWeb
Ischnocnema gehrti,Ischnocnema gehrti,AmphibiaWeb
Ischnocnema gualteri,Ischnocnema gualteri,AmphibiaWeb
Ischnocnema guentheri,Ischnocnema guentheri,AmphibiaWeb
Ischnocnema henselii,Ischnocnema henselii,AmphibiaWeb
Ischnocnema hoehnei,Ischnocnema hoehnei,AmphibiaWeb
Ischnocnema holti,Ischnocnema holti,AmphibiaWeb
Ischnocnema izecksohni,Ischnocnema izecksohni,AmphibiaWeb
Ischnocnema juipoca,Ischnocnema juipoca,AmphibiaWeb
Ischnocnema karst,Ischnocnema karst,AmphibiaWeb
Ischnocnema lactea,Ischnocnema lactea,AmphibiaWeb
Ischnocnema manezinho,Ischnocnema manezinho,AmphibiaWeb
Ischnocnema melanopygia,Ischnocnema melanopygia,AmphibiaWeb
Ischnocnema nanahallux,Ischnocnema nanahallux,AmphibiaWeb
Ischnocnema nasuta,Ischnocnema nasuta,AmphibiaWeb
Ischnocnema nigriventris,Ischnocnema nigriventris,AmphibiaWeb
Ischnocnema octavioi,Ischnocnema octavioi,AmphibiaWeb
Ischnocnema oea,Ischnocnema oea,AmphibiaWeb
Ischnocnema paranaensis,Ischnocnema paranaensis,AmphibiaWeb
Ischnocnema parnaso,Ischnocnema parnaso,AmphibiaWeb
Ischnocnema parva,Ischnocnema parva,AmphibiaWeb
Ischnocnema penaxavantinho,Ischnocnema penaxavantinho,AmphibiaWeb
Ischnocnema pusilla,Ischnocnema pusilla,AmphibiaWeb
Ischnocnema randorum,Ischnocnema randorum,AmphibiaWeb
Ischnocnema rubridactyla,Ischnocnema rubridactyla,AmphibiaWeb
Ischnocnema sambaqui,Ischnocnema sambaqui,AmphibiaWeb
Ischnocnema sanctaecrucis,Oreobates sanctaecrucis,AmphibiaWeb
Ischnocnema saxatilis,Oreobates saxatilis,AmphibiaWeb
Ischnocnema simmonsi,Lynchius simmonsi,AmphibiaWeb
Ischnocnema spanios,Ischnocnema spanios,AmphibiaWeb
Ischnocnema surda,Ischnocnema surda,AmphibiaWeb
Ischnocnema venancioi,Ischnocnema venancioi,AmphibiaWeb
Ischnocnema verrucosa,Ischnocnema verrucosa,AmphibiaWeb
Ischnocnema vizottoi,Ischnocnema vizottoi,AmphibiaWeb
Ischnohyla daraiensis,Ischnohyla daraiensis,AmphibiaWeb
Ischnohyla gracilis,Ischnohyla gracilis,AmphibiaWeb
Ischnohyla nigropunctata,Ischnohyla nigropunctata,AmphibiaWeb
Ischnohyla umarensis,Ischnohyla umarensis,AmphibiaWeb
Ischnohyla vocivincens,Ischnohyla vocivincens,AmphibiaWeb
Isodactylus brunneus,Niceforonia brunnea,AmphibiaWeb
Isodactylus peraccai,Niceforonia peraccai,AmphibiaWeb
Isthmohyla angustilineata,Isthmohyla angustilineata,AmphibiaWeb
Isthmohyla calypsa,Isthmohyla calypsa,AmphibiaWeb
Isthmohyla debilis,Isthmohyla debilis,AmphibiaWeb
Isthmohyla graceae,Isthmohyla graceae,AmphibiaWeb
Isthmohyla infucata,Isthmohyla infucata,AmphibiaWeb
Isthmohyla insolita,Isthmohyla insolita,AmphibiaWeb
Isthmohyla lancasteri,Isthmohyla lancasteri,AmphibiaWeb
Isthmohyla melacaena,Bromeliohyla melacaena,AmphibiaWeb
Isthmohyla picadoi,Isthmohyla picadoi,AmphibiaWeb
Isthmohyla pictipes,Isthmohyla pictipes,AmphibiaWeb
Isthmohyla pseudopuma,Isthmohyla pseudopuma,AmphibiaWeb
Isthmohyla rivularis,Isthmohyla rivularis,AmphibiaWeb
Isthmohyla tica,Isthmohyla tica,AmphibiaWeb
Isthmohyla xanthosticta,Isthmohyla xanthosticta,AmphibiaWeb
Isthmohyla zeteki,Isthmohyla zeteki,AmphibiaWeb
Isthmura bellii,Isthmura bellii,AmphibiaWeb
Isthmura boneti,Isthmura boneti,AmphibiaWeb
Isthmura corrugata,Isthmura corrugata,AmphibiaWeb
Isthmura gigantea,Isthmura gigantea,AmphibiaWeb
Isthmura maxima,Isthmura maxima,AmphibiaWeb
Isthmura naucampatepetl,Isthmura naucampatepetl,AmphibiaWeb
Isthmura sierraoccidentalis,Isthmura sierraoccidentalis,AmphibiaWeb
Itapotihyla langsdorffii,Itapotihyla langsdorffii,AmphibiaWeb
Ixalotriton niger,Ixalotriton niger,AmphibiaWeb
Ixalotriton parvus,Ixalotriton parvus,AmphibiaWeb
Ixalus asper,Theloderma asperum,AmphibiaWeb
Jingophrys feii,Jingophrys feii,AmphibiaWeb
Jingophrys pachyproctus,Jingophrys pachyproctus,AmphibiaWeb
Jingophrys vegrandis,Jingophrys vegrandis,AmphibiaWeb
Jingophrys yeae,Jingophrys yeae,AmphibiaWeb
Jingophrys zhaoermii,Jingophrys zhaoermii,AmphibiaWeb
Jingophrys zhoui,Jingophrys zhoui,AmphibiaWeb
Julianus uruguayus,Scinax uruguayus,AmphibiaWeb
Kallistobatrachus aplini,Kallistobatrachus aplini,AmphibiaWeb
Kallistobatrachus beryllinus,Kallistobatrachus beryllinus,AmphibiaWeb
Kallistobatrachus chloronotus,Kallistobatrachus chloronotus,AmphibiaWeb
Kallistobatrachus haematogaster,Kallistobatrachus haematogaster,AmphibiaWeb
Kallistobatrachus iris,Kallistobatrachus iris,AmphibiaWeb
Kallistobatrachus lisae,Kallistobatrachus lisae,AmphibiaWeb
Kallistobatrachus majikthise,Kallistobatrachus majikthise,AmphibiaWeb
Kallistobatrachus ollauro,Kallistobatrachus ollauro,AmphibiaWeb
Kalophrynus anya,Kalophrynus anya,AmphibiaWeb
Kalophrynus baluensis,Kalophrynus baluensis,AmphibiaWeb
Kalophrynus barioensis,Kalophrynus barioensis,AmphibiaWeb
Kalophrynus bunguranus,Kalophrynus bunguranus,AmphibiaWeb
Kalophrynus calciphilus,Kalophrynus calciphilus,AmphibiaWeb
Kalophrynus cryptophonus,Kalophrynus cryptophonus,AmphibiaWeb
Kalophrynus dringi,Kalophrynus dringi,AmphibiaWeb
Kalophrynus eok,Kalophrynus eok,AmphibiaWeb
Kalophrynus heterochirus,Kalophrynus heterochirus,AmphibiaWeb
Kalophrynus honbaensis,Kalophrynus honbaensis,AmphibiaWeb
Kalophrynus interlineatus,Kalophrynus interlineatus,AmphibiaWeb
Kalophrynus intermedius,Kalophrynus intermedius,AmphibiaWeb
Kalophrynus kiewi,Kalophrynus kiewi,AmphibiaWeb
Kalophrynus limbooliati,Kalophrynus limbooliati,AmphibiaWeb
Kalophrynus meizon,Kalophrynus meizon,AmphibiaWeb
Kalophrynus menglienicus,Kalophrynus menglienicus,AmphibiaWeb
Kalophrynus minusculus,Kalophrynus minusculus,AmphibiaWeb
Kalophrynus minutus,Kalophrynus minutus,AmphibiaWeb
Kalophrynus misbahulmuniri,Kalophrynus misbahulmuniri,AmphibiaWeb
Kalophrynus nubicola,Kalophrynus nubicola,AmphibiaWeb
Kalophrynus orangensis,Kalophrynus orangensis,AmphibiaWeb
Kalophrynus palmatissimus,Kalophrynus palmatissimus,AmphibiaWeb
Kalophrynus pleurostigma,Kalophrynus pleurostigma,AmphibiaWeb
Kalophrynus puncak,Kalophrynus puncak,AmphibiaWeb
Kalophrynus punctatus,Kalophrynus punctatus,AmphibiaWeb
Kalophrynus robinsoni,Kalophrynus robinsoni,AmphibiaWeb
Kalophrynus sinensis,Kalophrynus sinensis,AmphibiaWeb
Kalophrynus stellatus,Kalophrynus pleurostigma,AmphibiaWeb
Kalophrynus subterrestris,Kalophrynus subterrestris,AmphibiaWeb
Kalophrynus tiomanensis,Kalophrynus tiomanensis,AmphibiaWeb
Kalophrynus yongi,Kalophrynus yongi,AmphibiaWeb
Kaloula assamensis,Kaloula assamensis,AmphibiaWeb
Kaloula aureata,Kaloula aureata,AmphibiaWeb
Kaloula baleata,Kaloula baleata,AmphibiaWeb
Kaloula borealis,Kaloula borealis,AmphibiaWeb
Kaloula conjuncta,Kaloula conjuncta,AmphibiaWeb
Kaloula discordia,Kaloula discordia,AmphibiaWeb
Kaloula ghoshi,Kaloula ghoshi,AmphibiaWeb
Kaloula indochinensis,Kaloula indochinensis,AmphibiaWeb
Kaloula kalingensis,Kaloula kalingensis,AmphibiaWeb
Kaloula kokacii,Kaloula kokacii,AmphibiaWeb
Kaloula laosensis,Kaloula laosensis,AmphibiaWeb
Kaloula latidisca,Kaloula latidisca,AmphibiaWeb
Kaloula macrocephala,Kaloula macrocephala,AmphibiaWeb
Kaloula mediolineata,Kaloula mediolineata,AmphibiaWeb
Kaloula nonggangensis,Kaloula nonggangensis,AmphibiaWeb
Kaloula picta,Kaloula picta,AmphibiaWeb
Kaloula pulchra,Kaloula pulchra,AmphibiaWeb
Kaloula rigida,Kaloula rigida,AmphibiaWeb
Kaloula rugifera,Kaloula rugifera,AmphibiaWeb
Kaloula verrucosa,Kaloula verrucosa,AmphibiaWeb
Kaloula walteri,Kaloula walteri,AmphibiaWeb
Karsenia koreana,Karsenia koreana,AmphibiaWeb
Kassina arboricola,Kassina arboricola,AmphibiaWeb
Kassina cassinoides,Kassina cassinoides,AmphibiaWeb
Kassina cochranae,Kassina cochranae,AmphibiaWeb
Kassina decorata,Kassina decorata,AmphibiaWeb
Kassina fusca,Kassina fusca,AmphibiaWeb
Kassina jozani,Kassina jozani,AmphibiaWeb
Kassina kuvangensis,Kassina kuvangensis,AmphibiaWeb
Kassina lamottei,Kassina lamottei,AmphibiaWeb
Kassina maculata,Phlyctimantis maculatus,AmphibiaWeb
Kassina maculifer,Kassina maculifer,AmphibiaWeb
Kassina maculosa,Kassina maculosa,AmphibiaWeb
Kassina mertensi,Kassina mertensi,AmphibiaWeb
Kassina schioetzi,Kassina schioetzi,AmphibiaWeb
Kassina senegalensis,Kassina senegalensis,AmphibiaWeb
Kassina somalica,Kassina somalica,AmphibiaWeb
Kassina wazae,Kassina wazae,AmphibiaWeb
Kassinula wittei,Kassinula wittei,AmphibiaWeb
Kenyaphrynoides vulcani,Kenyaphrynoides vulcani,AmphibiaWeb
Kurixalus absconditus,Kurixalus absconditus,AmphibiaWeb
Kurixalus ananjevae,Kurixalus ananjevae,AmphibiaWeb
Kurixalus appendiculatus,Kurixalus appendiculatus,AmphibiaWeb
Kurixalus baliogaster,Kurixalus baliogaster,AmphibiaWeb
Kurixalus banaensis,Kurixalus banaensis,AmphibiaWeb
Kurixalus berylliniris,Kurixalus berylliniris,AmphibiaWeb
Kurixalus bisacculus,Kurixalus bisacculus,AmphibiaWeb
Kurixalus chaseni,Kurixalus chaseni,AmphibiaWeb
Kurixalus eiffingeri,Kurixalus eiffingeri,AmphibiaWeb
Kurixalus gracilloides,Kurixalus gracilloides,AmphibiaWeb
Kurixalus hainanus,Kurixalus odontotarsus,AmphibiaWeb
Kurixalus idiootocus,Kurixalus idiootocus,AmphibiaWeb
Kurixalus inexpectatus,Kurixalus inexpectatus,AmphibiaWeb
Kurixalus lenquanensis,Kurixalus lenquanensis,AmphibiaWeb
Kurixalus motokawai,Kurixalus motokawai,AmphibiaWeb
Kurixalus naso,Kurixalus naso,AmphibiaWeb
Kurixalus odontotarsus,Kurixalus odontotarsus,AmphibiaWeb
Kurixalus qionglaiensis,Kurixalus qionglaiensis,AmphibiaWeb
Kurixalus raoi,Kurixalus raoi,AmphibiaWeb
Kurixalus silvaenaias,Kurixalus silvaenaias,AmphibiaWeb
Kurixalus verrucosus,Kurixalus verrucosus,AmphibiaWeb
Kurixalus viridescens,Kurixalus viridescens,AmphibiaWeb
Kurixalus wangi,Kurixalus wangi,AmphibiaWeb
Kurixalus yangi,Kurixalus yangi,AmphibiaWeb
Lacerta maculata,Ambystoma maculatum,AmphibiaWeb
Lacerta maculatum,Ambystoma maculatum,AmphibiaWeb
Lacerta subviolacea,Ambystoma maculatum,AmphibiaWeb
Lacerta vulgaris,Lissotriton vulgaris,AmphibiaWeb
Laliostoma labrosum,Laliostoma labrosum,AmphibiaWeb
Lankanectes corrugatus,Lankanectes corrugatus,AmphibiaWeb
Lankanectes pera,Lankanectes pera,AmphibiaWeb
Lanzarana largeni,Lanzarana largeni,AmphibiaWeb
Laotriton laoensis,Laotriton laoensis,AmphibiaWeb
Lathrana verae,Lathrana verae,AmphibiaWeb
Latonia nigriventer,Latonia nigriventer,AmphibiaWeb
Laurentomantis horrida,Gephyromantis horridus,AmphibiaWeb
Laurentophryne parkeri,Laurentophryne parkeri,AmphibiaWeb
Lechriodus aganoposis,Lechriodus aganoposis,AmphibiaWeb
Lechriodus melanopyga,Lechriodus melanopyga,AmphibiaWeb
Lechriodus platyceps,Lechriodus platyceps,AmphibiaWeb
Leiopelma archeyi,Leiopelma archeyi,AmphibiaWeb
Leiopelma hamiltoni,Leiopelma hamiltoni,AmphibiaWeb
Leiopelma hochstetteri,Leiopelma hochstetteri,AmphibiaWeb
Leiopelma pakeka,Leiopelma hamiltoni,AmphibiaWeb
Lepidobatrachus asper,Lepidobatrachus asper,AmphibiaWeb
Lepidobatrachus laevis,Lepidobatrachus laevis,AmphibiaWeb
Lepidobatrachus llanensis,Lepidobatrachus llanensis,AmphibiaWeb
Lepidobatrachus salinicola,Lepidobatrachus asper,AmphibiaWeb
Leptobatrachus flavescens,Leptobatrachus flavescens,AmphibiaWeb
Leptobatrachus insularis,Leptobatrachus insularis,AmphibiaWeb
Leptobatrachus luteus,Leptobatrachus luteus,AmphibiaWeb
Leptobatrachus thesaurensis,Leptobatrachus thesaurensis,AmphibiaWeb
Leptobrachella aerea,Leptobrachella aerea,AmphibiaWeb
Leptobrachella alpina,Leptobrachella alpina,AmphibiaWeb
Leptobrachella applebyi,Leptobrachella applebyi,AmphibiaWeb
Leptobrachella arayai,Leptobrachella arayai,AmphibiaWeb
Leptobrachella ardens,Leptobrachella ardens,AmphibiaWeb
Leptobrachella aspera,Leptobrachella aspera,AmphibiaWeb
Leptobrachella aurantirosea,Leptobrachella aurantirosea,AmphibiaWeb
Leptobrachella baluensis,Leptobrachella baluensis,AmphibiaWeb
Leptobrachella bashaensis,Leptobrachella bashaensis,AmphibiaWeb
Leptobrachella batxatensis,Leptobrachella batxatensis,AmphibiaWeb
Leptobrachella bidoupensis,Leptobrachella bidoupensis,AmphibiaWeb
Leptobrachella bijie,Leptobrachella bijie,AmphibiaWeb
Leptobrachella bondangensis,Leptobrachella bondangensis,AmphibiaWeb
Leptobrachella botsfordi,Leptobrachella botsfordi,AmphibiaWeb
Leptobrachella bourreti,Leptobrachella bourreti,AmphibiaWeb
Leptobrachella brevicrus,Leptobrachella brevicrus,AmphibiaWeb
Leptobrachella cathaya,Leptobrachella cathaya,AmphibiaWeb
Leptobrachella chishuiensis,Leptobrachella chishuiensis,AmphibiaWeb
Leptobrachella crocea,Leptobrachella crocea,AmphibiaWeb
Leptobrachella damingshanensis,Leptobrachella damingshanensis,AmphibiaWeb
Leptobrachella dayaoshanensis,Leptobrachella dayaoshanensis,AmphibiaWeb
Leptobrachella deocaensis,Leptobrachella deocaensis,AmphibiaWeb
Leptobrachella dong,Leptobrachella dong,AmphibiaWeb
Leptobrachella dorsospina,Leptobrachella dorsospina,AmphibiaWeb
Leptobrachella dringi,Leptobrachella dringi,AmphibiaWeb
Leptobrachella dushanensis,Leptobrachella dushanensis,AmphibiaWeb
Leptobrachella duyenae,Leptobrachella duyenae,AmphibiaWeb
Leptobrachella eos,Leptobrachella eos,AmphibiaWeb
Leptobrachella feii,Leptobrachella feii,AmphibiaWeb
Leptobrachella firthi,Leptobrachella firthi,AmphibiaWeb
Leptobrachella flaviglandulosa,Leptobrachella flaviglandulosa,AmphibiaWeb
Leptobrachella fritinniens,Leptobrachella fritinniens,AmphibiaWeb
Leptobrachella fuliginosa,Leptobrachella fuliginosa,AmphibiaWeb
Leptobrachella fusca,Leptobrachella fusca,AmphibiaWeb
Leptobrachella gracilis,Leptobrachella gracilis,AmphibiaWeb
Leptobrachella graminicola,Leptobrachella graminicola,AmphibiaWeb
Leptobrachella guinanensis,Leptobrachella guinanensis,AmphibiaWeb
Leptobrachella hamidi,Leptobrachella hamidi,AmphibiaWeb
Leptobrachella heteropus,Leptobrachella heteropus,AmphibiaWeb
Leptobrachella huynhi,Leptobrachella huynhi,AmphibiaWeb
Leptobrachella isos,Leptobrachella isos,AmphibiaWeb
Leptobrachella itiokai,Leptobrachella itiokai,AmphibiaWeb
Leptobrachella jinshaensis,Leptobrachella jinshaensis,AmphibiaWeb
Leptobrachella jinyunensis,Leptobrachella jinyunensis,AmphibiaWeb
Leptobrachella juliandringi,Leptobrachella juliandringi,AmphibiaWeb
Leptobrachella kajangensis,Leptobrachella kajangensis,AmphibiaWeb
Leptobrachella kalonensis,Leptobrachella kalonensis,AmphibiaWeb
Leptobrachella kecil,Leptobrachella kecil,AmphibiaWeb
Leptobrachella khasiorum,Leptobrachella khasiorum,AmphibiaWeb
Leptobrachella korifi,Leptobrachella korifi,AmphibiaWeb
Leptobrachella lateralis,Leptobrachella lateralis,AmphibiaWeb
Leptobrachella laui,Leptobrachella laui,AmphibiaWeb
Leptobrachella liui,Leptobrachella liui,AmphibiaWeb
Leptobrachella macrops,Leptobrachella macrops,AmphibiaWeb
Leptobrachella maculosa,Leptobrachella maculosa,AmphibiaWeb
Leptobrachella mangshanensis,Leptobrachella mangshanensis,AmphibiaWeb
Leptobrachella maoershanensis,Leptobrachella maoershanensis,AmphibiaWeb
Leptobrachella marmorata,Leptobrachella marmorata,AmphibiaWeb
Leptobrachella maura,Leptobrachella maura,AmphibiaWeb
Leptobrachella melanoleuca,Leptobrachella melanoleuca,AmphibiaWeb
Leptobrachella melica,Leptobrachella melica,AmphibiaWeb
Leptobrachella minima,Leptobrachella minima,AmphibiaWeb
Leptobrachella mjobergi,Leptobrachella mjobergi,AmphibiaWeb
Leptobrachella murphyi,Leptobrachella murphyi,AmphibiaWeb
Leptobrachella nahangensis,Leptobrachella nahangensis,AmphibiaWeb
Leptobrachella namdongensis,Leptobrachella namdongensis,AmphibiaWeb
Leptobrachella natunae,Leptobrachella natunae,AmphibiaWeb
Leptobrachella neangi,Leptobrachella neangi,AmphibiaWeb
Leptobrachella niveimontis,Leptobrachella niveimontis,AmphibiaWeb
Leptobrachella nyx,Leptobrachella nyx,AmphibiaWeb
Leptobrachella oshanensis,Leptobrachella oshanensis,AmphibiaWeb
Leptobrachella pallida,Leptobrachella pallida,AmphibiaWeb
Leptobrachella palmata,Leptobrachella palmata,AmphibiaWeb
Leptobrachella parva,Leptobrachella parva,AmphibiaWeb
Leptobrachella pelodytoides,Leptobrachella pelodytoides,AmphibiaWeb
Leptobrachella petrops,Leptobrachella petrops,AmphibiaWeb
Leptobrachella phiadenensis,Leptobrachella phiadenensis,AmphibiaWeb
Leptobrachella phiaoacensis,Leptobrachella phiaoacensis,AmphibiaWeb
Leptobrachella picta,Leptobrachella picta,AmphibiaWeb
Leptobrachella platycephala,Leptobrachella platycephala,AmphibiaWeb
Leptobrachella pluvialis,Leptobrachella pluvialis,AmphibiaWeb
Leptobrachella purpura,Leptobrachella purpura,AmphibiaWeb
Leptobrachella purpuraventra,Leptobrachella purpuraventra,AmphibiaWeb
Leptobrachella pyrrhops,Leptobrachella pyrrhops,AmphibiaWeb
Leptobrachella rowleyae,Leptobrachella rowleyae,AmphibiaWeb
Leptobrachella rubromammata,Leptobrachella rubromammata,AmphibiaWeb
Leptobrachella sabahmontana,Leptobrachella sabahmontana,AmphibiaWeb
Leptobrachella sarawakensis,Leptobrachella sarawakensis,AmphibiaWeb
Leptobrachella serasanae,Leptobrachella serasanae,AmphibiaWeb
Leptobrachella shangsiensis,Leptobrachella shangsiensis,AmphibiaWeb
Leptobrachella shimentaina,Leptobrachella shimentaina,AmphibiaWeb
Leptobrachella shiwandashanensis,Leptobrachella shiwandashanensis,AmphibiaWeb
Leptobrachella sinorensis,Leptobrachella sinorensis,AmphibiaWeb
Leptobrachella sola,Leptobrachella sola,AmphibiaWeb
Leptobrachella suiyangensis,Leptobrachella suiyangensis,AmphibiaWeb
Leptobrachella sungi,Leptobrachella sungi,AmphibiaWeb
Leptobrachella tadungensis,Leptobrachella tadungensis,AmphibiaWeb
Leptobrachella tamdil,Leptobrachella tamdil,AmphibiaWeb
Leptobrachella tengchongensis,Leptobrachella tengchongensis,AmphibiaWeb
Leptobrachella tuberosa,Leptobrachella tuberosa,AmphibiaWeb
Leptobrachella ventripunctata,Leptobrachella ventripunctata,AmphibiaWeb
Leptobrachella verrucosa,Leptobrachella verrucosa,AmphibiaWeb
Leptobrachella weixinensis,Leptobrachella weixinensis,AmphibiaWeb
Leptobrachella wuhuangmontis,Leptobrachella wuhuangmontis,AmphibiaWeb
Leptobrachella wulingensis,Leptobrachella wulingensis,AmphibiaWeb
Leptobrachella wumingensis,Leptobrachella wumingensis,AmphibiaWeb
Leptobrachella xinshaoensis,Leptobrachella xinshaoensis,AmphibiaWeb
Leptobrachella xishuiensis,Leptobrachella xishuiensis,AmphibiaWeb
Leptobrachella yachangensis,Leptobrachella yachangensis,AmphibiaWeb
Leptobrachella yeae,Leptobrachella yeae,AmphibiaWeb
Leptobrachella yingjiangensis,Leptobrachella yingjiangensis,AmphibiaWeb
Leptobrachella yongshunensis,Leptobrachella yongshunensis,AmphibiaWeb
Leptobrachella yunkaiensis,Leptobrachella yunkaiensis,AmphibiaWeb
Leptobrachella yunyangensis,Leptobrachella yunyangensis,AmphibiaWeb
Leptobrachella zhangyapingi,Leptobrachella zhangyapingi,AmphibiaWeb
Leptobrachium abbotti,Leptobrachium abbotti,AmphibiaWeb
Leptobrachium ailaonicum,Leptobrachium ailaonicum,AmphibiaWeb
Leptobrachium aryatium,Leptobrachium aryatium,AmphibiaWeb
Leptobrachium banae,Leptobrachium banae,AmphibiaWeb
Leptobrachium bompu,Leptobrachium bompu,AmphibiaWeb
Leptobrachium boringii,Leptobrachium boringii,AmphibiaWeb
Leptobrachium buchardi,Leptobrachium buchardi,AmphibiaWeb
Leptobrachium chapaense,Leptobrachium chapaense,AmphibiaWeb
Leptobrachium echinatum,Leptobrachium ailaonicum,AmphibiaWeb
Leptobrachium guangxiense,Leptobrachium guangxiense,AmphibiaWeb
Leptobrachium gunungense,Leptobrachium gunungense,AmphibiaWeb
Leptobrachium hainanense,Leptobrachium hainanense,AmphibiaWeb
Leptobrachium hasseltii,Leptobrachium hasseltii,AmphibiaWeb
Leptobrachium hendricksoni,Leptobrachium hendricksoni,AmphibiaWeb
Leptobrachium huashen,Leptobrachium huashen,AmphibiaWeb
Leptobrachium ingeri,Leptobrachium ingeri,AmphibiaWeb
Leptobrachium kanowitense,Leptobrachium kanowitense,AmphibiaWeb
Leptobrachium kantonishikawai,Leptobrachium kantonishikawai,AmphibiaWeb
Leptobrachium leishanense,Leptobrachium leishanense,AmphibiaWeb
Leptobrachium leucops,Leptobrachium leucops,AmphibiaWeb
Leptobrachium liui,Leptobrachium liui,AmphibiaWeb
Leptobrachium lumadorum,Leptobrachium lumadorum,AmphibiaWeb
Leptobrachium lunatum,Leptobrachium lunatum,AmphibiaWeb
Leptobrachium mangyanorum,Leptobrachium mangyanorum,AmphibiaWeb
Leptobrachium mechuka,Leptobrachium mechuka,AmphibiaWeb
Leptobrachium montanum,Leptobrachium montanum,AmphibiaWeb
Leptobrachium mouhoti,Leptobrachium mouhoti,AmphibiaWeb
Leptobrachium ngoclinhense,Leptobrachium ngoclinhense,AmphibiaWeb
Leptobrachium nigrops,Leptobrachium nigrops,AmphibiaWeb
Leptobrachium nokrekensis,Leptobrachium nokrekensis,AmphibiaWeb
Leptobrachium promustache,Leptobrachium promustache,AmphibiaWeb
Leptobrachium pullum,Leptobrachium pullum,AmphibiaWeb
Leptobrachium rakhinense,Leptobrachium rakhinense,AmphibiaWeb
Leptobrachium rakhinensis,Leptobrachium rakhinense,AmphibiaWeb
Leptobrachium smithi,Leptobrachium smithi,AmphibiaWeb
Leptobrachium somani,Leptobrachium somani,AmphibiaWeb
Leptobrachium sylheticum,Leptobrachium sylheticum,AmphibiaWeb
Leptobrachium tagbanorum,Leptobrachium tagbanorum,AmphibiaWeb
Leptobrachium tenasserimense,Leptobrachium tenasserimense,AmphibiaWeb
Leptobrachium tengchongense,Leptobrachium tengchongense,AmphibiaWeb
Leptobrachium waysepuntiense,Leptobrachium waysepuntiense,AmphibiaWeb
Leptobrachium widianai,Leptobrachium widianai,AmphibiaWeb
Leptobrachium xanthops,Leptobrachium xanthops,AmphibiaWeb
Leptobrachium xanthospilum,Leptobrachium xanthospilum,AmphibiaWeb
Leptodactylodon albiventris,Leptodactylodon albiventris,AmphibiaWeb
Leptodactylodon axillaris,Leptodactylodon axillaris,AmphibiaWeb
Leptodactylodon bicolor,Leptodactylodon bicolor,AmphibiaWeb
Leptodactylodon blanci,Leptodactylodon blanci,AmphibiaWeb
Leptodactylodon boulengeri,Leptodactylodon boulengeri,AmphibiaWeb
Leptodactylodon bueanus,Leptodactylodon bueanus,AmphibiaWeb
Leptodactylodon erythrogaster,Leptodactylodon erythrogaster,AmphibiaWeb
Leptodactylodon mertensi,Leptodactylodon mertensi,AmphibiaWeb
Leptodactylodon ornatus,Leptodactylodon ornatus,AmphibiaWeb
Leptodactylodon ovatus,Leptodactylodon ovatus,AmphibiaWeb
Leptodactylodon perreti,Leptodactylodon perreti,AmphibiaWeb
Leptodactylodon polyacanthus,Leptodactylodon polyacanthus,AmphibiaWeb
Leptodactylodon stevarti,Leptodactylodon stevarti,AmphibiaWeb
Leptodactylodon stevartsi,Leptodactylodon stevarti,AmphibiaWeb
Leptodactylodon ventrimarmoratus,Leptodactylodon ventrimarmoratus,AmphibiaWeb
Leptodactylodon wildi,Leptodactylodon wildi,AmphibiaWeb
Leptodactylus albilabris,Leptodactylus albilabris,AmphibiaWeb
Leptodactylus anceps,Leptodactylus latinasus,AmphibiaWeb
Leptodactylus andicola,Gastrotheca marsupiata,AmphibiaWeb
Leptodactylus andreae,Adenomera andreae,AmphibiaWeb
Leptodactylus apepyta,Leptodactylus apepyta,AmphibiaWeb
Leptodactylus araucaria,Adenomera araucaria,AmphibiaWeb
Leptodactylus avivoca,Leptodactylus avivoca,AmphibiaWeb
Leptodactylus barrioi,Leptodactylus barrioi,AmphibiaWeb
Leptodactylus bokermanni,Adenomera bokermanni,AmphibiaWeb
Leptodactylus bolivianus,Leptodactylus bolivianus,AmphibiaWeb
Leptodactylus brevipes,Leptodactylus petersii,AmphibiaWeb
Leptodactylus bufo,Leptodactylus labyrinthicus,AmphibiaWeb
Leptodactylus bufonius,Leptodactylus bufonius,AmphibiaWeb
Leptodactylus caatingae,Leptodactylus caatingae,AmphibiaWeb
Leptodactylus camaquara,Leptodactylus camaquara,AmphibiaWeb
Leptodactylus chaquensis,Leptodactylus chaquensis,AmphibiaWeb
Leptodactylus colombiensis,Leptodactylus colombiensis,AmphibiaWeb
Leptodactylus cunicularius,Leptodactylus cunicularius,AmphibiaWeb
Leptodactylus cupreus,Leptodactylus cupreus,AmphibiaWeb
Leptodactylus curtus,Leptodactylus labrosus,AmphibiaWeb
Leptodactylus dantasi,Hydrolaetare dantasi,AmphibiaWeb
Leptodactylus didymus,Leptodactylus didymus,AmphibiaWeb
Leptodactylus diedrus,Leptodactylus diedrus,AmphibiaWeb
Leptodactylus diptyx,Adenomera diptyx,AmphibiaWeb
Leptodactylus discodactylus,Leptodactylus discodactylus,AmphibiaWeb
Leptodactylus dominicensis,Leptodactylus albilabris,AmphibiaWeb
Leptodactylus elenae,Leptodactylus elenae,AmphibiaWeb
Leptodactylus fallax,Leptodactylus fallax,AmphibiaWeb
Leptodactylus flavopictus,Leptodactylus flavopictus,AmphibiaWeb
Leptodactylus fragilis,Leptodactylus fragilis,AmphibiaWeb
Leptodactylus fremitus,Leptodactylus fremitus,AmphibiaWeb
Leptodactylus furnarius,Leptodactylus furnarius,AmphibiaWeb
Leptodactylus fuscus,Leptodactylus fuscus,AmphibiaWeb
Leptodactylus gaigeae,Paratelmatobius gaigeae,AmphibiaWeb
Leptodactylus gracilis,Leptodactylus gracilis,AmphibiaWeb
Leptodactylus griseigularis,Leptodactylus griseigularis,AmphibiaWeb
Leptodactylus guianensis,Leptodactylus guianensis,AmphibiaWeb
Leptodactylus hallowelli,Leptodactylus hallowelli,AmphibiaWeb
Leptodactylus hemidactyloides,Lithodytes lineatus,AmphibiaWeb
Leptodactylus hololius,Adenomera hylaedactyla,AmphibiaWeb
Leptodactylus hylaedactylus,Adenomera hylaedactyla,AmphibiaWeb
Leptodactylus hylodes,Leptodactylus hylodes,AmphibiaWeb
Leptodactylus inoptatus,Eleutherodactylus inoptatus,AmphibiaWeb
Leptodactylus insularum,Leptodactylus insularum,AmphibiaWeb
Leptodactylus intermedium,Leptodactylus petersii,AmphibiaWeb
Leptodactylus intermedius,Leptodactylus petersii,AmphibiaWeb
Leptodactylus jolyi,Leptodactylus jolyi,AmphibiaWeb
Leptodactylus kilombo,Leptodactylus kilombo,AmphibiaWeb
Leptodactylus knudseni,Leptodactylus knudseni,AmphibiaWeb
Leptodactylus labialis,Leptodactylus mystacinus,AmphibiaWeb
Leptodactylus labrosus,Leptodactylus labrosus,AmphibiaWeb
Leptodactylus labyrinthicus,Leptodactylus labyrinthicus,AmphibiaWeb
Leptodactylus laticeps,Leptodactylus laticeps,AmphibiaWeb
Leptodactylus latinasus,Leptodactylus latinasus,AmphibiaWeb
Leptodactylus lauramiriamae,Leptodactylus lauramiriamae,AmphibiaWeb
Leptodactylus leptodactyloides,Leptodactylus leptodactyloides,AmphibiaWeb
Leptodactylus lineatus,Lithodytes lineatus,AmphibiaWeb
Leptodactylus lithonaetes,Leptodactylus lithonaetes,AmphibiaWeb
Leptodactylus longirostris,Leptodactylus longirostris,AmphibiaWeb
Leptodactylus lutzi,Adenomera lutzi,AmphibiaWeb
Leptodactylus macroblepharus,Leptodactylus pentadactylus,AmphibiaWeb
Leptodactylus macrosternum,Leptodactylus macrosternum,AmphibiaWeb
Leptodactylus maculilabris,Leptodactylus poecilochilus,AmphibiaWeb
Leptodactylus magistris,Leptodactylus magistris,AmphibiaWeb
Leptodactylus mantipus,Niceforonia mantipa,AmphibiaWeb
Leptodactylus marambaiae,Leptodactylus marambaiae,AmphibiaWeb
Leptodactylus marmoratus,Adenomera marmorata,AmphibiaWeb
Leptodactylus martinezi,Adenomera martinezi,AmphibiaWeb
Leptodactylus melanonotus,Leptodactylus melanonotus,AmphibiaWeb
Leptodactylus melini,Adenomera hylaedactyla,AmphibiaWeb
Leptodactylus myersi,Leptodactylus myersi,AmphibiaWeb
Leptodactylus mystaceus,Leptodactylus mystaceus,AmphibiaWeb
Leptodactylus mystacinus,Leptodactylus mystacinus,AmphibiaWeb
Leptodactylus natalensis,Leptodactylus natalensis,AmphibiaWeb
Leptodactylus nesiotes,Leptodactylus nesiotus,AmphibiaWeb
Leptodactylus nesiotus,Leptodactylus nesiotus,AmphibiaWeb
Leptodactylus nigrescens,Leptodactylus discodactylus,AmphibiaWeb
Leptodactylus notoaktites,Leptodactylus notoaktites,AmphibiaWeb
Leptodactylus occidentalis,Leptodactylus melanonotus,AmphibiaWeb
Leptodactylus ochraceus,Leptodactylus ochraceus,AmphibiaWeb
Leptodactylus oreomantis,Leptodactylus oreomantis,AmphibiaWeb
Leptodactylus pallidirostris,Leptodactylus validus,AmphibiaWeb
Leptodactylus paraensis,Leptodactylus paraensis,AmphibiaWeb
Leptodactylus pascoensis,Leptodactylus pascoensis,AmphibiaWeb
Leptodactylus pentadactylus,Leptodactylus pentadactylus,AmphibiaWeb
Leptodactylus peritoaktites,Leptodactylus peritoaktites,AmphibiaWeb
Leptodactylus petersii,Leptodactylus petersii,AmphibiaWeb
Leptodactylus plaumanni,Leptodactylus plaumanni,AmphibiaWeb
Leptodactylus podicipinus,Leptodactylus podicipinus,AmphibiaWeb
Leptodactylus poecilochilus,Leptodactylus poecilochilus,AmphibiaWeb
Leptodactylus poeppigi,Adenomera hylaedactyla,AmphibiaWeb
Leptodactylus prognathus,Leptodactylus latinasus,AmphibiaWeb
Leptodactylus pulcher,Barycholos pulcher,AmphibiaWeb
Leptodactylus pumilio,Ischnocnema parva,AmphibiaWeb
Leptodactylus pustulatus,Leptodactylus pustulatus,AmphibiaWeb
Leptodactylus quadrivittatus,Leptodactylus poecilochilus,AmphibiaWeb
Leptodactylus raniformis,Leptodactylus fuscus,AmphibiaWeb
Leptodactylus rhodomerus,Leptodactylus rhodomerus,AmphibiaWeb
Leptodactylus rhodomystax,Leptodactylus rhodomystax,AmphibiaWeb
Leptodactylus rhodonotus,Leptodactylus rhodonotus,AmphibiaWeb
Leptodactylus rhodostima,Leptodactylus rhodostima,AmphibiaWeb
Leptodactylus riveroi,Leptodactylus riveroi,AmphibiaWeb
Leptodactylus rugosus,Leptodactylus rugosus,AmphibiaWeb
Leptodactylus sabanensis,Leptodactylus sabanensis,AmphibiaWeb
Leptodactylus savagei,Leptodactylus savagei,AmphibiaWeb
Leptodactylus sertanejo,Leptodactylus sertanejo,AmphibiaWeb
Leptodactylus sibilator,Leptodactylus fuscus,AmphibiaWeb
Leptodactylus silvanimbus,Leptodactylus silvanimbus,AmphibiaWeb
Leptodactylus simonstuarti,Adenomera simonstuarti,AmphibiaWeb
Leptodactylus spixi,Leptodactylus spixi,AmphibiaWeb
Leptodactylus stenodema,Leptodactylus stenodema,AmphibiaWeb
Leptodactylus stictigularis,Leptodactylus rhodomystax,AmphibiaWeb
Leptodactylus syphax,Leptodactylus syphax,AmphibiaWeb
Leptodactylus tapiti,Leptodactylus tapiti,AmphibiaWeb
Leptodactylus troglodytes,Leptodactylus troglodytes,AmphibiaWeb
Leptodactylus tuberculosus,Oreobates quixensis,AmphibiaWeb
Leptodactylus turimiquensis,Leptodactylus turimiquensis,AmphibiaWeb
Leptodactylus validus,Leptodactylus validus,AmphibiaWeb
Leptodactylus vastus,Leptodactylus vastus,AmphibiaWeb
Leptodactylus ventrilineatus,Eleutherodactylus ventrilineatus,AmphibiaWeb
Leptodactylus ventrimaculatus,Leptodactylus ventrimaculatus,AmphibiaWeb
Leptodactylus vilarsi,Leptodactylus stenodema,AmphibiaWeb
Leptodactylus viridis,Leptodactylus viridis,AmphibiaWeb
Leptodactylus wagneri,Leptodactylus wagneri,AmphibiaWeb
Leptodactylus watu,Leptodactylus watu,AmphibiaWeb
Leptodactylus wuchereri,Leptodactylus labyrinthicus,AmphibiaWeb
Leptolalax aereus,Leptobrachella aerea,AmphibiaWeb
Leptolalax alpinus,Leptobrachella alpina,AmphibiaWeb
Leptolalax applebyi,Leptobrachella applebyi,AmphibiaWeb
Leptolalax arayai,Leptobrachella arayai,AmphibiaWeb
Leptolalax ardens,Leptobrachella ardens,AmphibiaWeb
Leptolalax bidoupensis,Leptobrachella bidoupensis,AmphibiaWeb
Leptolalax botsfordi,Leptobrachella botsfordi,AmphibiaWeb
Leptolalax bourreti,Leptobrachella bourreti,AmphibiaWeb
Leptolalax croceus,Leptobrachella crocea,AmphibiaWeb
Leptolalax dringi,Leptobrachella dringi,AmphibiaWeb
Leptolalax eos,Leptobrachella eos,AmphibiaWeb
Leptolalax firthi,Leptobrachella firthi,AmphibiaWeb
Leptolalax fritinniens,Leptobrachella fritinniens,AmphibiaWeb
Leptolalax fuliginosus,Leptobrachella fuliginosa,AmphibiaWeb
Leptolalax gracilis,Leptobrachella gracilis,AmphibiaWeb
Leptolalax hamidi,Leptobrachella hamidi,AmphibiaWeb
Leptolalax heteropus,Leptobrachella heteropus,AmphibiaWeb
Leptolalax kajangensis,Leptobrachella kajangensis,AmphibiaWeb
Leptolalax kalonensis,Leptobrachella kalonensis,AmphibiaWeb
Leptolalax kecil,Leptobrachella kecil,AmphibiaWeb
Leptolalax khasiorum,Leptobrachella khasiorum,AmphibiaWeb
Leptolalax lateralis,Leptobrachella lateralis,AmphibiaWeb
Leptolalax laui,Leptobrachella laui,AmphibiaWeb
Leptolalax liui,Leptobrachella liui,AmphibiaWeb
Leptolalax maculosus,Leptobrachella maculosa,AmphibiaWeb
Leptolalax maoershanensis,Leptobrachella maoershanensis,AmphibiaWeb
Leptolalax marmoratus,Leptobrachella marmorata,AmphibiaWeb
Leptolalax maurus,Leptobrachella maura,AmphibiaWeb
Leptolalax melanoleucus,Leptobrachella melanoleuca,AmphibiaWeb
Leptolalax melicus,Leptobrachella melica,AmphibiaWeb
Leptolalax minimus,Leptobrachella minima,AmphibiaWeb
Leptolalax nahangensis,Leptobrachella nahangensis,AmphibiaWeb
Leptolalax nyx,Leptobrachella nyx,AmphibiaWeb
Leptolalax oshanensis,Leptobrachella oshanensis,AmphibiaWeb
Leptolalax pallidus,Leptobrachella pallida,AmphibiaWeb
Leptolalax pelodytoides,Leptobrachella pelodytoides,AmphibiaWeb
Leptolalax petrops,Leptobrachella petrops,AmphibiaWeb
Leptolalax pictus,Leptobrachella picta,AmphibiaWeb
Leptolalax pingbianensis,Leptolalax pingbianensis,AmphibiaWeb
Leptolalax platycephalus,Leptobrachella platycephala,AmphibiaWeb
Leptolalax pluvialis,Leptobrachella pluvialis,AmphibiaWeb
Leptolalax purpurus,Leptobrachella purpura,AmphibiaWeb
Leptolalax pyrrhops,Leptobrachella pyrrhops,AmphibiaWeb
Leptolalax rowleyae,Leptobrachella rowleyae,AmphibiaWeb
Leptolalax sabahmontanus,Leptobrachella sabahmontana,AmphibiaWeb
Leptolalax solus,Leptobrachella sola,AmphibiaWeb
Leptolalax sungi,Leptobrachella sungi,AmphibiaWeb
Leptolalax tadungensis,Leptobrachella tadungensis,AmphibiaWeb
Leptolalax tamdil,Leptobrachella tamdil,AmphibiaWeb
Leptolalax tengchongensis,Leptobrachella tengchongensis,AmphibiaWeb
Leptolalax tuberosus,Leptobrachella tuberosa,AmphibiaWeb
Leptolalax ventripunctatus,Leptobrachella ventripunctata,AmphibiaWeb
Leptolalax yingjiangensis,Leptobrachella yingjiangensis,AmphibiaWeb
Leptolalax zhangyapingi,Leptobrachella zhangyapingi,AmphibiaWeb
Leptomantis angulirostris,Leptomantis angulirostris,AmphibiaWeb
Leptomantis belalongensis,Leptomantis belalongensis,AmphibiaWeb
Leptomantis bimaculatus,Leptomantis bimaculatus,AmphibiaWeb
Leptomantis cyanopunctatus,Leptomantis cyanopunctatus,AmphibiaWeb
Leptomantis fasciatus,Leptomantis fasciatus,AmphibiaWeb
Leptomantis gadingensis,Leptomantis gadingensis,AmphibiaWeb
Leptomantis gauni,Leptomantis gauni,AmphibiaWeb
Leptomantis harrissoni,Leptomantis harrissoni,AmphibiaWeb
Leptomantis malkmusi,Leptomantis malkmusi,AmphibiaWeb
Leptomantis penanorum,Leptomantis penanorum,AmphibiaWeb
Leptomantis pseudacutirostris,Leptomantis pseudacutirostris,AmphibiaWeb
Leptomantis robinsonii,Leptomantis robinsonii,AmphibiaWeb
Leptomantis rufipes,Leptomantis rufipes,AmphibiaWeb
Leptopelis anchietae,Leptopelis anchietae,AmphibiaWeb
Leptopelis anebos,Leptopelis anebos,AmphibiaWeb
Leptopelis aubryi,Leptopelis aubryi,AmphibiaWeb
Leptopelis aubryioides,Leptopelis aubryioides,AmphibiaWeb
Leptopelis barbouri,Leptopelis grandiceps,AmphibiaWeb
Leptopelis bequaerti,Leptopelis bequaerti,AmphibiaWeb
Leptopelis bocagei,Leptopelis bocagii,AmphibiaWeb
Leptopelis bocagii,Leptopelis bocagii,AmphibiaWeb
Leptopelis boulengeri,Leptopelis boulengeri,AmphibiaWeb
Leptopelis brevipes,Leptopelis brevirostris,AmphibiaWeb
Leptopelis brevirostris,Leptopelis brevirostris,AmphibiaWeb
Leptopelis broadleyi,Leptopelis broadleyi,AmphibiaWeb
Leptopelis bufonides,Leptopelis bufonides,AmphibiaWeb
Leptopelis calcaratus,Leptopelis calcaratus,AmphibiaWeb
Leptopelis christyi,Leptopelis christyi,AmphibiaWeb
Leptopelis concolor,Leptopelis concolor,AmphibiaWeb
Leptopelis crystallinoron,Leptopelis brevirostris,AmphibiaWeb
Leptopelis cynnamomeus,Leptopelis cynnamomeus,AmphibiaWeb
Leptopelis diffidens,Leptopelis diffidens,AmphibiaWeb
Leptopelis fenestratus,Leptopelis fenestratus,AmphibiaWeb
Leptopelis fiziensis,Leptopelis fiziensis,AmphibiaWeb
Leptopelis flavomaculatus,Leptopelis flavomaculatus,AmphibiaWeb
Leptopelis gramineus,Leptopelis gramineus,AmphibiaWeb
Leptopelis grandiceps,Leptopelis grandiceps,AmphibiaWeb
Leptopelis jordani,Leptopelis jordani,AmphibiaWeb
Leptopelis karissimbensis,Leptopelis karissimbensis,AmphibiaWeb
Leptopelis kivuensis,Leptopelis kivuensis,AmphibiaWeb
Leptopelis lebeaui,Leptopelis lebeaui,AmphibiaWeb
Leptopelis mackayi,Leptopelis mackayi,AmphibiaWeb
Leptopelis macrotis,Leptopelis macrotis,AmphibiaWeb
Leptopelis marginatus,Leptopelis marginatus,AmphibiaWeb
Leptopelis millsoni,Leptopelis millsoni,AmphibiaWeb
Leptopelis modestus,Leptopelis modestus,AmphibiaWeb
Leptopelis montanus,Leptopelis rugosus,AmphibiaWeb
Leptopelis mossambicus,Leptopelis mossambicus,AmphibiaWeb
Leptopelis mtoewaate,Leptopelis mtoewaate,AmphibiaWeb
Leptopelis natalensis,Leptopelis natalensis,AmphibiaWeb
Leptopelis nordequatorialis,Leptopelis nordequatorialis,AmphibiaWeb
Leptopelis notatus,Leptopelis notatus,AmphibiaWeb
Leptopelis occidentalis,Leptopelis occidentalis,AmphibiaWeb
Leptopelis ocellatus,Leptopelis ocellatus,AmphibiaWeb
Leptopelis omissus,Leptopelis aubryioides,AmphibiaWeb
Leptopelis oryi,Leptopelis oryi,AmphibiaWeb
Leptopelis palmatus,Leptopelis palmatus,AmphibiaWeb
Leptopelis parbocagii,Leptopelis parbocagii,AmphibiaWeb
Leptopelis parkeri,Leptopelis parkeri,AmphibiaWeb
Leptopelis parvus,Leptopelis parvus,AmphibiaWeb
Leptopelis ragazzii,Leptopelis ragazzii,AmphibiaWeb
Leptopelis rufus,Leptopelis rufus,AmphibiaWeb
Leptopelis rugosus,Leptopelis rugosus,AmphibiaWeb
Leptopelis shebellensis,Leptopelis shebellensis,AmphibiaWeb
Leptopelis spiritusnoctis,Leptopelis spiritusnoctis,AmphibiaWeb
Leptopelis susanae,Leptopelis susanae,AmphibiaWeb
Leptopelis uluguruensis,Leptopelis uluguruensis,AmphibiaWeb
Leptopelis vannutellii,Leptopelis vannutellii,AmphibiaWeb
Leptopelis vermiculatus,Leptopelis vermiculatus,AmphibiaWeb
Leptopelis viridis,Leptopelis viridis,AmphibiaWeb
Leptopelis xeniae,Leptopelis xeniae,AmphibiaWeb
Leptopelis xenodactylus,Leptopelis xenodactylus,AmphibiaWeb
Leptopelis yaldeni,Leptopelis yaldeni,AmphibiaWeb
Leptopelis zebra,Leptopelis zebra,AmphibiaWeb
Leptophryne borbonica,Leptophryne borbonica,AmphibiaWeb
Leptophryne cruentata,Leptophryne cruentata,AmphibiaWeb
Leptophryne javanica,Leptophryne javanica,AmphibiaWeb
Leucostethus argyrogaster,Leucostethus argyrogaster,AmphibiaWeb
Leucostethus bilsa,Leucostethus bilsa,AmphibiaWeb
Leucostethus fugax,Leucostethus fugax,AmphibiaWeb
Leucostethus jota,Leucostethus jota,AmphibiaWeb
Leucostethus siapida,Leucostethus siapida,AmphibiaWeb
Leurognathus marmorata intermedia,Desmognathus marmoratus,AmphibiaWeb
Leurognathus marmoratus,Desmognathus marmoratus,AmphibiaWeb
Leurognathus marmoratus marmoratus,Desmognathus marmoratus,AmphibiaWeb
Liangshantriton taliangensis,Tylototriton taliangensis,AmphibiaWeb
Limnaoedus ocularis,Pseudacris ocularis,AmphibiaWeb
Limnodynastes convexiusculus,Limnodynastes convexiusculus,AmphibiaWeb
Limnodynastes depressus,Limnodynastes depressus,AmphibiaWeb
Limnodynastes dorsalis,Limnodynastes dorsalis,AmphibiaWeb
Limnodynastes dumerilii,Limnodynastes dumerilii,AmphibiaWeb
Limnodynastes fletcheri,Limnodynastes fletcheri,AmphibiaWeb
Limnodynastes grayi,Limnodynastes grayi,AmphibiaWeb
Limnodynastes interioris,Limnodynastes interioris,AmphibiaWeb
Limnodynastes lignarius,Limnodynastes lignarius,AmphibiaWeb
Limnodynastes ornatus,Platyplectrum ornatum,AmphibiaWeb
Limnodynastes peronii,Limnodynastes peronii,AmphibiaWeb
Limnodynastes salmini,Limnodynastes salmini,AmphibiaWeb
Limnodynastes spenceri,Platyplectrum spenceri,AmphibiaWeb
Limnodynastes superciliaris,Limnodynastes superciliaris,AmphibiaWeb
Limnodynastes tasmaniensis,Limnodynastes tasmaniensis,AmphibiaWeb
Limnodynastes terraereginae,Limnodynastes terraereginae,AmphibiaWeb
Limnodytes albolabris,Amnirana albolabris,AmphibiaWeb
Limnomedusa macroglossa,Limnomedusa macroglossa,AmphibiaWeb
Limnomedusa misionis,Limnomedusa macroglossa,AmphibiaWeb
Limnonectes abanghamidi,Limnonectes abanghamidi,AmphibiaWeb
Limnonectes acanthi,Limnonectes acanthi,AmphibiaWeb
Limnonectes arathooni,Limnonectes arathooni,AmphibiaWeb
Limnonectes asperatus,Limnonectes asperatus,AmphibiaWeb
Limnonectes bagoensis,Limnonectes bagoensis,AmphibiaWeb
Limnonectes bagoyoma,Limnonectes bagoyoma,AmphibiaWeb
Limnonectes bannaensis,Limnonectes bannaensis,AmphibiaWeb
Limnonectes barioensis,Limnonectes barioensis,AmphibiaWeb
Limnonectes batulawensis,Limnonectes batulawensis,AmphibiaWeb
Limnonectes beloncioi,Limnonectes beloncioi,AmphibiaWeb
Limnonectes blythii,Limnonectes blythii,AmphibiaWeb
Limnonectes cassiopeia,Limnonectes cassiopeia,AmphibiaWeb
Limnonectes cintalubang,Limnonectes cintalubang,AmphibiaWeb
Limnonectes coffeatus,Limnonectes coffeatus,AmphibiaWeb
Limnonectes conspicillatus,Limnonectes conspicillatus,AmphibiaWeb
Limnonectes corvus,Limnonectes corvus,AmphibiaWeb
Limnonectes dabanus,Limnonectes dabanus,AmphibiaWeb
Limnonectes dammermani,Limnonectes dammermani,AmphibiaWeb
Limnonectes deinodon,Limnonectes deinodon,AmphibiaWeb
Limnonectes diuatus,Limnonectes diuatus,AmphibiaWeb
Limnonectes doriae,Limnonectes doriae,AmphibiaWeb
Limnonectes fastigatus,Limnonectes fastigatus,AmphibiaWeb
Limnonectes ferneri,Limnonectes diuatus,AmphibiaWeb
Limnonectes finchi,Limnonectes finchi,AmphibiaWeb
Limnonectes fragilis,Limnonectes fragilis,AmphibiaWeb
Limnonectes fujianensis,Limnonectes fujianensis,AmphibiaWeb
Limnonectes ghoshi,Limnonectes ghoshi,AmphibiaWeb
Limnonectes grunniens,Limnonectes grunniens,AmphibiaWeb
Limnonectes gunungensis,Limnonectes gunungensis,AmphibiaWeb
Limnonectes gyldenstolpei,Limnonectes gyldenstolpei,AmphibiaWeb
Limnonectes gyrinophorus,Limnonectes gyrinophorus,AmphibiaWeb
Limnonectes hascheanus,Limnonectes hascheanus,AmphibiaWeb
Limnonectes heinrichi,Limnonectes heinrichi,AmphibiaWeb
Limnonectes hikidai,Limnonectes hikidai,AmphibiaWeb
Limnonectes ibanorum,Limnonectes ibanorum,AmphibiaWeb
Limnonectes ingeri,Limnonectes ingeri,AmphibiaWeb
Limnonectes isanensis,Limnonectes isanensis,AmphibiaWeb
Limnonectes jarujini,Limnonectes jarujini,AmphibiaWeb
Limnonectes kadarsani,Limnonectes kadarsani,AmphibiaWeb
Limnonectes kenepaiensis,Limnonectes kenepaiensis,AmphibiaWeb
Limnonectes khammonensis,Limnonectes khammonensis,AmphibiaWeb
Limnonectes khasianus,Limnonectes khasianus,AmphibiaWeb
Limnonectes kinabaluensis,Limnonectes kinabaluensis,AmphibiaWeb
Limnonectes kiziriani,Limnonectes kiziriani,AmphibiaWeb
Limnonectes kohchangae,Limnonectes kohchangae,AmphibiaWeb
Limnonectes kong,Limnonectes kong,AmphibiaWeb
Limnonectes kuhlii,Limnonectes kuhlii,AmphibiaWeb
Limnonectes lambirensis,Limnonectes lambirensis,AmphibiaWeb
Limnonectes lanjakensis,Limnonectes lanjakensis,AmphibiaWeb
Limnonectes larvaepartus,Limnonectes larvaepartus,AmphibiaWeb
Limnonectes laticeps,Limnonectes khasianus,AmphibiaWeb
Limnonectes lauhachindai,Limnonectes lauhachindai,AmphibiaWeb
Limnonectes leporinus,Limnonectes leporinus,AmphibiaWeb
Limnonectes leytensis,Limnonectes leytensis,AmphibiaWeb
Limnonectes limborgi,Limnonectes limborgi,AmphibiaWeb
Limnonectes liui,Limnonectes limborgi,AmphibiaWeb
Limnonectes longchuanensis,Limnonectes longchuanensis,AmphibiaWeb
Limnonectes maanyanorum,Limnonectes maanyanorum,AmphibiaWeb
Limnonectes macrocephalus,Limnonectes macrocephalus,AmphibiaWeb
Limnonectes macrodon,Limnonectes macrodon,AmphibiaWeb
Limnonectes macrognathus,Limnonectes macrognathus,AmphibiaWeb
Limnonectes magnus,Limnonectes magnus,AmphibiaWeb
Limnonectes malesianus,Limnonectes malesianus,AmphibiaWeb
Limnonectes mawlyndipi,Limnonectes mawlyndipi,AmphibiaWeb
Limnonectes mawphlangensis,Odorrana mawphlangensis,AmphibiaWeb
Limnonectes megastomias,Limnonectes megastomias,AmphibiaWeb
Limnonectes meratusensis,Limnonectes meratusensis,AmphibiaWeb
Limnonectes micrixalus,Limnonectes micrixalus,AmphibiaWeb
Limnonectes microdiscus,Limnonectes microdiscus,AmphibiaWeb
Limnonectes microtympanum,Limnonectes microtympanum,AmphibiaWeb
Limnonectes mocquardi,Limnonectes mocquardi,AmphibiaWeb
Limnonectes modestus,Limnonectes modestus,AmphibiaWeb
Limnonectes motijheel,Limnonectes motijheel,AmphibiaWeb
Limnonectes namiyei,Limnonectes namiyei,AmphibiaWeb
Limnonectes nepalensis,Minervarya nepalensis,AmphibiaWeb
Limnonectes nephophilus,Limnonectes nephophilus,AmphibiaWeb
Limnonectes nguyenorum,Limnonectes nguyenorum,AmphibiaWeb
Limnonectes nitidus,Limnonectes nitidus,AmphibiaWeb
Limnonectes nusantara,Limnonectes nusantara,AmphibiaWeb
Limnonectes oreibates,Limnonectes oreibates,AmphibiaWeb
Limnonectes paginatanensis,Limnonectes paginatanensis,AmphibiaWeb
Limnonectes palavanensis,Limnonectes palavanensis,AmphibiaWeb
Limnonectes paramacrodon,Limnonectes paramacrodon,AmphibiaWeb
Limnonectes parvus,Limnonectes parvus,AmphibiaWeb
Limnonectes paulyambuni,Limnonectes paulyambuni,AmphibiaWeb
Limnonectes penerisanensis,Limnonectes penerisanensis,AmphibiaWeb
Limnonectes phuyenensis,Limnonectes phuyenensis,AmphibiaWeb
Limnonectes phylax,Limnonectes phylax,AmphibiaWeb
Limnonectes phyllofolia,Limnonectes phyllofolia,AmphibiaWeb
Limnonectes plicatellus,Limnonectes plicatellus,AmphibiaWeb
Limnonectes poilani,Limnonectes poilani,AmphibiaWeb
Limnonectes pseudodoriae,Limnonectes pseudodoriae,AmphibiaWeb
Limnonectes quangninhensis,Limnonectes quangninhensis,AmphibiaWeb
Limnonectes rhacodus,Limnonectes rhacodus,AmphibiaWeb
Limnonectes sarawakensis,Limnonectes sarawakensis,AmphibiaWeb
Limnonectes savan,Limnonectes savan,AmphibiaWeb
Limnonectes selatan,Limnonectes selatan,AmphibiaWeb
Limnonectes separatus,Limnonectes separatus,AmphibiaWeb
Limnonectes shompenorum,Limnonectes shompenorum,AmphibiaWeb
Limnonectes sinuatodorsalis,Limnonectes sinuatodorsalis,AmphibiaWeb
Limnonectes sirindhornae,Limnonectes sirindhornae,AmphibiaWeb
Limnonectes sisikdagu,Limnonectes sisikdagu,AmphibiaWeb
Limnonectes splendissimus,Limnonectes splendissimus,AmphibiaWeb
Limnonectes suboliferus,Limnonectes suboliferus,AmphibiaWeb
Limnonectes tawauensis,Limnonectes tawauensis,AmphibiaWeb
Limnonectes taylori,Limnonectes taylori,AmphibiaWeb
Limnonectes timorensis,Limnonectes timorensis,AmphibiaWeb
Limnonectes toumanoffi,Limnonectes dabanus,AmphibiaWeb
Limnonectes tweediei,Limnonectes tweediei,AmphibiaWeb
Limnonectes utara,Limnonectes utara,AmphibiaWeb
Limnonectes visayanus,Limnonectes visayanus,AmphibiaWeb
Limnonectes woodworthi,Limnonectes woodworthi,AmphibiaWeb
Limnophys cornutus,Strabomantis cornutus,AmphibiaWeb
Limnophys napaeus,Strabomantis cornutus,AmphibiaWeb
Lineatriton lineola,Pseudoeurycea lineola,AmphibiaWeb
Lineatriton lineolus,Pseudoeurycea lineola,AmphibiaWeb
Lineatriton orchileucos,Pseudoeurycea orchileucos,AmphibiaWeb
Lineatriton orchimelas,Pseudoeurycea orchimelas,AmphibiaWeb
Liophryne allisoni,Sphenophryne allisoni,AmphibiaWeb
Liophryne dentata,Sphenophryne dentata,AmphibiaWeb
Liophryne rhododactyla,Sphenophryne rhododactyla,AmphibiaWeb
Liophryne rubra,Sphenophryne rubra,AmphibiaWeb
Liophryne schlaginhaufeni,Sphenophryne schlaginhaufeni,AmphibiaWeb
Liophryne similis,Sphenophryne similis,AmphibiaWeb
Lissotriton boscai,Lissotriton boscai,AmphibiaWeb
Lissotriton graecus,Lissotriton graecus,AmphibiaWeb
Lissotriton helveticus,Lissotriton helveticus,AmphibiaWeb
Lissotriton italicus,Lissotriton italicus,AmphibiaWeb
Lissotriton kosswigi,Lissotriton kosswigi,AmphibiaWeb
Lissotriton lantzi,Lissotriton lantzi,AmphibiaWeb
Lissotriton maltzani,Lissotriton maltzani,AmphibiaWeb
Lissotriton montandoni,Lissotriton montandoni,AmphibiaWeb
Lissotriton schmidtleri,Lissotriton schmidtleri,AmphibiaWeb
Lissotriton vulgaris,Lissotriton vulgaris,AmphibiaWeb
Lithobates areolatus,Rana areolata,AmphibiaWeb
Lithobates areolatus areolatus,Rana areolata,AmphibiaWeb
Lithobates berlandieri,Rana berlandieri,AmphibiaWeb
Lithobates blairi,Rana blairi,AmphibiaWeb
Lithobates brownorum,Rana macroglossa,AmphibiaWeb
Lithobates bwana,Rana bwana,AmphibiaWeb
Lithobates capito,Rana capito,AmphibiaWeb
Lithobates catesbeianus,Rana catesbeiana,AmphibiaWeb
Lithobates chiricahuensis,Rana chiricahuensis,AmphibiaWeb
Lithobates clamitans,Rana clamitans,AmphibiaWeb
Lithobates clamitans clamitans,Rana clamitans,AmphibiaWeb
Lithobates dunni,Rana dunni,AmphibiaWeb
Lithobates fisheri,Rana fisheri,AmphibiaWeb
Lithobates forreri,Rana forreri,AmphibiaWeb
Lithobates grylio,Rana grylio,AmphibiaWeb
Lithobates heckscheri,Rana heckscheri,AmphibiaWeb
Lithobates johni,Rana johni,AmphibiaWeb
Lithobates juliani,Rana juliani,AmphibiaWeb
Lithobates kauffeldi,Rana kauffeldi,AmphibiaWeb
Lithobates lemosespinali,Rana lemosespinali,AmphibiaWeb
Lithobates macroglossa,Rana macroglossa,AmphibiaWeb
Lithobates maculatus,Rana maculata,AmphibiaWeb
Lithobates magnaocularis,Rana magnaocularis,AmphibiaWeb
Lithobates megapoda,Rana megapoda,AmphibiaWeb
Lithobates montezumae,Rana montezumae,AmphibiaWeb
Lithobates okaloosae,Rana okaloosae,AmphibiaWeb
Lithobates omiltemanus,Rana omiltemana,AmphibiaWeb
Lithobates onca,Rana onca,AmphibiaWeb
Lithobates palmipes,Rana palmipes,AmphibiaWeb
Lithobates palustris,Rana palustris,AmphibiaWeb
Lithobates pipiens,Rana pipiens,AmphibiaWeb
Lithobates psilonota,Rana psilonota,AmphibiaWeb
Lithobates pueblae,Rana pueblae,AmphibiaWeb
Lithobates pustulosus,Rana pustulosa,AmphibiaWeb
Lithobates septentrionalis,Rana septentrionalis,AmphibiaWeb
Lithobates sevosus,Rana sevosa,AmphibiaWeb
Lithobates sierramadrensis,Rana sierramadrensis,AmphibiaWeb
Lithobates spectabilis,Rana spectabilis,AmphibiaWeb
Lithobates sphenocephalus,Rana sphenocephala,AmphibiaWeb
Lithobates sphenocephalus sphenocephalus,Rana sphenocephala,AmphibiaWeb
Lithobates sylvatica,Rana sylvatica,AmphibiaWeb
Lithobates sylvaticus,Rana sylvatica,AmphibiaWeb
Lithobates tarahumarae,Rana tarahumarae,AmphibiaWeb
Lithobates vaillanti,Rana vaillanti,AmphibiaWeb
Lithobates vibicarius,Rana vibicaria,AmphibiaWeb
Lithobates virgatipes,Rana virgatipes,AmphibiaWeb
Lithobates warszewitschii,Rana warszewitschii,AmphibiaWeb
Lithobates yavapaiensis,Rana yavapaiensis,AmphibiaWeb
Lithobates zweifeli,Rana zweifeli,AmphibiaWeb
Lithodytes lineatus,Lithodytes lineatus,AmphibiaWeb
Lithodytes melanostictus,Craugastor melanostictus,AmphibiaWeb
Lithodytes ranoides,Craugastor ranoides,AmphibiaWeb
Litopleura maritimum,Limnomedusa macroglossa,AmphibiaWeb
Litoria adelaidensis,Coggerdonia adelaidensis,AmphibiaWeb
Litoria alboguttata,Cyclorana alboguttata,AmphibiaWeb
Litoria albolabris,Papuahyla albolabris,AmphibiaWeb
Litoria amboinensis,Pengilleyia amboinensis,AmphibiaWeb
Litoria amnicola,Amnihyla amnicola,AmphibiaWeb
Litoria andiirrmalin,Melvillihyla andiirrmalin,AmphibiaWeb
Litoria angiana,Amnihyla angiana,AmphibiaWeb
Litoria aplini,Kallistobatrachus aplini,AmphibiaWeb
Litoria arfakiana,Amnihyla arfakiana,AmphibiaWeb
Litoria aruensis,Chlorohyla aruensis,AmphibiaWeb
Litoria auae,Chlorohyla auae,AmphibiaWeb
Litoria aurea,Ranoidea aurea,AmphibiaWeb
Litoria aurifer,Mahonabatrachus aurifer,AmphibiaWeb
Litoria aurifera,Mahonabatrachus aurifer,AmphibiaWeb
Litoria australis,Cyclorana australis,AmphibiaWeb
Litoria avocalis,Nyctimystes avocalis,AmphibiaWeb
Litoria axillaris,Litoria axillaris,AmphibiaWeb
Litoria azuroscelis,Sandyrana azuroscelis,AmphibiaWeb
Litoria balatus,Colleeneremia balatus,AmphibiaWeb
Litoria becki,Amnihyla becki,AmphibiaWeb
Litoria bella,Chlorohyla bella,AmphibiaWeb
Litoria beryllinus,Kallistobatrachus beryllinus,AmphibiaWeb
Litoria biakensis,Exedrobatrachus biakensis,AmphibiaWeb
Litoria bibonius,Papuahyla bibonius,AmphibiaWeb
Litoria bicolor,Carichyla bicolor,AmphibiaWeb
Litoria booroolongensis,Rhyaconastes booroolongensis,AmphibiaWeb
Litoria brevipalmata,Sylvagemma brevipalmata,AmphibiaWeb
Litoria brevipes,Cyclorana brevipes,AmphibiaWeb
Litoria brongersmai,Amnihyla brongersmai,AmphibiaWeb
Litoria bulmeri,Amnihyla bulmeri,AmphibiaWeb
Litoria burrowsae,Saganura burrowsae,AmphibiaWeb
Litoria burrowsi,Saganura burrowsae,AmphibiaWeb
Litoria caerulea,Pelodryas caerulea,AmphibiaWeb
Litoria calliscelis,Rawlinsonia calliscelis,AmphibiaWeb
Litoria callista,Chlorohyla callista,AmphibiaWeb
Litoria capitula,Colleeneremia capitula,AmphibiaWeb
Litoria castanea,Ranoidea castanea,AmphibiaWeb
Litoria cavernicola,Pelodryas cavernicola,AmphibiaWeb
Litoria cheesmani,Nyctimystes cheesmani,AmphibiaWeb
Litoria chloris,Chlorohyla chloris,AmphibiaWeb
Litoria chloristona,Papuahyla chloristona,AmphibiaWeb
Litoria chloronota,Kallistobatrachus chloronotus,AmphibiaWeb
Litoria chloronotus,Kallistobatrachus chloronotus,AmphibiaWeb
Litoria chrisdahli,Exochohyla chrisdahli,AmphibiaWeb
Litoria christianbergmanni,Viridihyla christianbergmanni,AmphibiaWeb
Litoria congenita,Colleeneremia congenita,AmphibiaWeb
Litoria contrastens,Papuahyla contrastens,AmphibiaWeb
Litoria cooloolensis,Drymomantis cooloolensis,AmphibiaWeb
Litoria coplandi,Litoria coplandi,AmphibiaWeb
Litoria corbeni,Rawlinsonia corbeni,AmphibiaWeb
Litoria cryptotis,Cyclorana cryptotis,AmphibiaWeb
Litoria cultripes,Cyclorana cultripes,AmphibiaWeb
Litoria cyclorhyncha,Ranoidea cyclorhyncha,AmphibiaWeb
Litoria cyclorhynchus,Ranoidea cyclorhyncha,AmphibiaWeb
Litoria daraiensis,Ischnohyla daraiensis,AmphibiaWeb
Litoria darlingtoni,Pengilleyia darlingtoni,AmphibiaWeb
Litoria daviesae,Dryopsophus daviesae,AmphibiaWeb
Litoria dayi,Eremnoculus dayi,AmphibiaWeb
Litoria daymani,Nyctimystes daymani,AmphibiaWeb
Litoria dentata,Colleeneremia dentata,AmphibiaWeb
Litoria disrupta,Nyctimystes disruptus,AmphibiaWeb
Litoria dorsalis,Mahonabatrachus dorsalis,AmphibiaWeb
Litoria dorsivena,Amnihyla dorsivena,AmphibiaWeb
Litoria dux,Sandyrana dux,AmphibiaWeb
Litoria electrica,Colleeneremia electrica,AmphibiaWeb
Litoria elkeae,Chlorohyla elkeae,AmphibiaWeb
Litoria eschata,Chlorohyla eschata,AmphibiaWeb
Litoria eucnemis,Spicicalyx eucnemis,AmphibiaWeb
Litoria eungellensis,Litoria eungellensis,AmphibiaWeb
Litoria eurynastes,Papuahyla eurynastes,AmphibiaWeb
Litoria everetti,Pengilleyia everetti,AmphibiaWeb
Litoria ewingii,Rawlinsonia ewingii,AmphibiaWeb
Litoria fallax,Drymomantis fallax,AmphibiaWeb
Litoria flavescens,Leptobatrachus flavescens,AmphibiaWeb
Litoria fluviatilis,Nyctimystes fluviatilis,AmphibiaWeb
Litoria foricula,Nyctimystes foricula,AmphibiaWeb
Litoria freycineti,Litoria freycineti,AmphibiaWeb
Litoria fuscula,Amnihyla fuscula,AmphibiaWeb
Litoria gasconi,Viridihyla gasconi,AmphibiaWeb
Litoria genimaculata,Spicicalyx genimaculata,AmphibiaWeb
Litoria gilleni,Pelodryas gilleni,AmphibiaWeb
Litoria gracilenta,Chlorohyla gracilenta,AmphibiaWeb
Litoria gracilis,Ischnohyla gracilis,AmphibiaWeb
Litoria graminea,Sandyrana graminea,AmphibiaWeb
Litoria granti,Nyctimystes granti,AmphibiaWeb
Litoria grinpela,Litoria grinpela,AmphibiaWeb
Litoria gularis,Nyctimystes gularis,AmphibiaWeb
Litoria haematogaster,Kallistobatrachus haematogaster,AmphibiaWeb
Litoria havina,Teretistes havina,AmphibiaWeb
Litoria hilli,Exochohyla hilli,AmphibiaWeb
Litoria humboldtorum,Exochohyla humboldtorum,AmphibiaWeb
Litoria humeralis,Nyctimystes humeralis,AmphibiaWeb
Litoria hunti,Sandyrana hunti,AmphibiaWeb
Litoria impurus,Leptobatrachus impurus,AmphibiaWeb
Litoria inermis,Litoria inermis,AmphibiaWeb
Litoria infrafrenata,Sandyrana infrafrenata,AmphibiaWeb
Litoria insularis,Leptobatrachus insularis,AmphibiaWeb
Litoria iris,Kallistobatrachus iris,AmphibiaWeb
Litoria jenolanensis,Dryopsophus citropa,AmphibiaWeb
Litoria jervisiensis,Rawlinsonia jervisiensis,AmphibiaWeb
Litoria jeudii,Litoria jeudii,AmphibiaWeb
Litoria jungguy,Rhyaconastes jungguy,AmphibiaWeb
Litoria kikori,Litoria kikori,AmphibiaWeb
Litoria kubori,Nyctimystes kubori,AmphibiaWeb
Litoria kumae,Chlorohyla kumae,AmphibiaWeb
Litoria lakekamu,Amnihyla lakekamu,AmphibiaWeb
Litoria latopalmata,Litoria latopalmata,AmphibiaWeb
Litoria lesueurii,Rhyaconastes lesueurii,AmphibiaWeb
Litoria leucova,Amnihyla leucova,AmphibiaWeb
Litoria lisae,Kallistobatrachus lisae,AmphibiaWeb
Litoria littlejohni,Rawlinsonia littlejohni,AmphibiaWeb
Litoria lodesdema,Papuahyla lodesdema,AmphibiaWeb
Litoria longicrus,Amnihyla longicrus,AmphibiaWeb
Litoria longipes,Cyclorana longipes,AmphibiaWeb
Litoria longirostris,Mahonabatrachus longirostris,AmphibiaWeb
Litoria louisiadensis,Papuahyla louisiadensis,AmphibiaWeb
Litoria lubisi,Sandyrana lubisi,AmphibiaWeb
Litoria lutea,Leptobatrachus luteus,AmphibiaWeb
Litoria luteus,Leptobatrachus luteus,AmphibiaWeb
Litoria macki,Amnihyla macki,AmphibiaWeb
Litoria maculosa,Cyclorana maculosa,AmphibiaWeb
Litoria maini,Cyclorana maini,AmphibiaWeb
Litoria majikthise,Kallistobatrachus majikthise,AmphibiaWeb
Litoria manya,Cyclorana manya,AmphibiaWeb
Litoria mareku,Nasutibatrachus mareku,AmphibiaWeb
Litoria megalops,Amnihyla megalops,AmphibiaWeb
Litoria meiriana,Mahonabatrachus meirianus,AmphibiaWeb
Litoria meirianus,Mahonabatrachus meirianus,AmphibiaWeb
Litoria microbelos,Mahonabatrachus microbelos,AmphibiaWeb
Litoria micromembrana,Amnihyla micromembrana,AmphibiaWeb
Litoria mira,Pelodryas mira,AmphibiaWeb
Litoria modica,Amnihyla modica,AmphibiaWeb
Litoria montana,Nyctimystes montanus,AmphibiaWeb
Litoria moorei,Ranoidea moorei,AmphibiaWeb
Litoria mucro,Nasutibatrachus mucro,AmphibiaWeb
Litoria multicolor,Sandyrana multicolor,AmphibiaWeb
Litoria multiplica,Viridihyla multiplica,AmphibiaWeb
Litoria myola,Spicicalyx myola,AmphibiaWeb
Litoria mystax,Papuahyla mystax,AmphibiaWeb
Litoria naispela,Hyalotos naispela,AmphibiaWeb
Litoria nannotis,Mosleyia nannotis,AmphibiaWeb
Litoria napaea,Amnihyla napaea,AmphibiaWeb
Litoria narinosa,Nyctimystes narinosus,AmphibiaWeb
Litoria nasuta,Litoria nasuta,AmphibiaWeb
Litoria nigrofrenata,Litoria nigrofrenata,AmphibiaWeb
Litoria nigropunctata,Ischnohyla nigropunctata,AmphibiaWeb
Litoria novaehollandiae,Cyclorana novaehollandiae,AmphibiaWeb
Litoria nullicedens,Sandyrana nullicedens,AmphibiaWeb
Litoria nyakalensis,Mosleyia nyakalensis,AmphibiaWeb
Litoria obsoleta,Nyctimystes obsoletus,AmphibiaWeb
Litoria obtusirostris,Litoria obtusirostris,AmphibiaWeb
Litoria oenicolen,Amnihyla oenicolen,AmphibiaWeb
Litoria ollauro,Kallistobatrachus ollauro,AmphibiaWeb
Litoria olongburensis,Drymomantis olongburensis,AmphibiaWeb
Litoria pallida,Litoria pallida,AmphibiaWeb
Litoria pallidofemora,Sandyrana pallidofemora,AmphibiaWeb
Litoria papua,Nyctimystes papua,AmphibiaWeb
Litoria paraewingi,Rawlinsonia paraewingi,AmphibiaWeb
Litoria pearsoniana,Dryopsophus pearsoniana,AmphibiaWeb
Litoria perimetri,Nyctimystes perimetri,AmphibiaWeb
Litoria peronii,Pengilleyia peronii,AmphibiaWeb
Litoria persimilis,Nyctimystes persimilis,AmphibiaWeb
Litoria personata,Litoria personata,AmphibiaWeb
Litoria phyllochroa,Dryopsophus phyllochrous,AmphibiaWeb
Litoria phyllochrous,Dryopsophus phyllochrous,AmphibiaWeb
Litoria pinocchio,Nasutibatrachus pinocchio,AmphibiaWeb
Litoria piperata,Dryopsophus piperata,AmphibiaWeb
Litoria platycephala,Cyclorana platycephala,AmphibiaWeb
Litoria pratti,Amnihyla pratti,AmphibiaWeb
Litoria pronimia,Nasutibatrachus pronimius,AmphibiaWeb
Litoria pronimius,Nasutibatrachus pronimius,AmphibiaWeb
Litoria prora,Exochohyla prora,AmphibiaWeb
Litoria pterodactyla,Sandyrana pterodactyla,AmphibiaWeb
Litoria pulchra,Nyctimystes pulcher,AmphibiaWeb
Litoria pygmaea,Colleeneremia pygmaea,AmphibiaWeb
Litoria quadrilineata,Colleeneremia quadrilineata,AmphibiaWeb
Litoria quiritatus,Colleeneremia quiritatus,AmphibiaWeb
Litoria raniformis,Ranoidea raniformis,AmphibiaWeb
Litoria rara,Amnihyla rara,AmphibiaWeb
Litoria revelata,Rawlinsonia revelata,AmphibiaWeb
Litoria richardsi,Hyalotos richardsi,AmphibiaWeb
Litoria ridibunda,Pengilleyia ridibunda,AmphibiaWeb
Litoria rivicola,Amnihyla rivicola,AmphibiaWeb
Litoria robinsonae,Chlorohyla robinsonae,AmphibiaWeb
Litoria rostandi,Exochohyla hilli,AmphibiaWeb
Litoria rothii,Pengilleyia rothii,AmphibiaWeb
Litoria rubella,Colleeneremia rubella,AmphibiaWeb
Litoria rubrops,Papuahyla rubrops,AmphibiaWeb
Litoria rueppelli,Colleeneremia rueppelli,AmphibiaWeb
Litoria sanguinolenta,Sandyrana sanguinolenta,AmphibiaWeb
Litoria sauroni,Sandyrana sauroni,AmphibiaWeb
Litoria scabra,Amnihyla scabra,AmphibiaWeb
Litoria semipalmata,Nyctimystes semipalmatus,AmphibiaWeb
Litoria serrata,Spicicalyx serrata,AmphibiaWeb
Litoria sibilus,Rawlinsonia sibilus,AmphibiaWeb
Litoria singadanae,Hyalotos singadanae,AmphibiaWeb
Litoria skeliphros,Litoria skeliphros,AmphibiaWeb
Litoria spaldingi,Litoria spaldingi,AmphibiaWeb
Litoria spartacus,Amnihyla spartacus,AmphibiaWeb
Litoria spectabilis,Viridihyla spectabilis,AmphibiaWeb
Litoria spenceri,Dryopsophus spenceri,AmphibiaWeb
Litoria spinifera,Amnihyla spinifera,AmphibiaWeb
Litoria splendida,Pelodryas splendida,AmphibiaWeb
Litoria staccato,Litoria staccato,AmphibiaWeb
Litoria stellarum,Litoria stellarum,AmphibiaWeb
Litoria subglandulosa,Dryopsophus subglandulosus,AmphibiaWeb
Litoria subglandulosus,Dryopsophus subglandulosus,AmphibiaWeb
Litoria thesaurensis,Leptobatrachus thesaurensis,AmphibiaWeb
Litoria timida,Mahonabatrachus timidus,AmphibiaWeb
Litoria timidus,Mahonabatrachus timidus,AmphibiaWeb
Litoria tornieri,Litoria tornieri,AmphibiaWeb
Litoria trachydermis,Nyctimystes trachydermis,AmphibiaWeb
Litoria tyleri,Pengilleyia tyleri,AmphibiaWeb
Litoria umarensis,Ischnohyla umarensis,AmphibiaWeb
Litoria umbonata,Colleeneremia umbonata,AmphibiaWeb
Litoria vagabunda,Chlorohyla vagabunda,AmphibiaWeb
Litoria vagitus,Cyclorana vagitus,AmphibiaWeb
Litoria verae,Lathrana verae,AmphibiaWeb
Litoria verreauxii,Rawlinsonia verreauxii,AmphibiaWeb
Litoria verrucosa,Cyclorana verrucosa,AmphibiaWeb
Litoria viranula,Carichyla viranula,AmphibiaWeb
Litoria vivissimia,Nasutibatrachus vivissimia,AmphibiaWeb
Litoria vocivincens,Ischnohyla vocivincens,AmphibiaWeb
Litoria wapogaensis,Viridihyla wapogaensis,AmphibiaWeb
Litoria watjulumensis,Litoria watjulumensis,AmphibiaWeb
Litoria watsoni,Rawlinsonia watsoni,AmphibiaWeb
Litoria wilcoxi,Rhyaconastes wilcoxii,AmphibiaWeb
Litoria wilcoxii,Rhyaconastes wilcoxii,AmphibiaWeb
Litoria wisselensis,Colleeneremia wisselensis,AmphibiaWeb
Litoria wollastoni,Amnihyla wollastoni,AmphibiaWeb
Litoria xanthomera,Chlorohyla xanthomera,AmphibiaWeb
Litoria zweifeli,Nyctimystes zweifeli,AmphibiaWeb
Liua shihi,Liua shihi,AmphibiaWeb
Liua tsinpaensis,Liua tsinpaensis,AmphibiaWeb
Liuixalus calcarius,Liuixalus calcarius,AmphibiaWeb
Liuixalus catbaensis,Liuixalus catbaensis,AmphibiaWeb
Liuixalus feii,Liuixalus feii,AmphibiaWeb
Liuixalus hainanus,Liuixalus hainanus,AmphibiaWeb
Liuixalus jinxiuensis,Liuixalus feii,AmphibiaWeb
Liuixalus ocellatus,Liuixalus ocellatus,AmphibiaWeb
Liuixalus romeri,Liuixalus romeri,AmphibiaWeb
Liuixalus shiwandashan,Liuixalus shiwandashan,AmphibiaWeb
Liuperus nitidus,Eleutherodactylus nitidus,AmphibiaWeb
Liurana alpina,Liurana alpina,AmphibiaWeb
Liurana himalayana,Liurana himalayana,AmphibiaWeb
Liurana indica,Liurana indica,AmphibiaWeb
Liurana medogensis,Liurana medogensis,AmphibiaWeb
Liurana menba,Liurana menba,AmphibiaWeb
Liurana minuta,Liurana minuta,AmphibiaWeb
Liurana namchabarwa,Liurana namchabarwa,AmphibiaWeb
Liurana reticulata,Liurana reticulata,AmphibiaWeb
Liurana vallecula,Liurana vallecula,AmphibiaWeb
Liurana xizangensis,Liurana xizangensis,AmphibiaWeb
Liyla rugulosa,Craugastor rugulosus,AmphibiaWeb
Lophinus vulgaris,Lissotriton vulgaris,AmphibiaWeb
Lophyohyla piperata,Phyllodytes luteolus,AmphibiaWeb
Luetkenotyphlus brasiliensis,Luetkenotyphlus brasiliensis,AmphibiaWeb
Luetkenotyphlus fredi,Luetkenotyphlus fredi,AmphibiaWeb
Luetkenotyphlus insulanus,Luetkenotyphlus insulanus,AmphibiaWeb
Lyciasalamandra antalyana,Lyciasalamandra antalyana,AmphibiaWeb
Lyciasalamandra arikani,Lyciasalamandra billae,AmphibiaWeb
Lyciasalamandra atifi,Lyciasalamandra atifi,AmphibiaWeb
Lyciasalamandra billae,Lyciasalamandra billae,AmphibiaWeb
Lyciasalamandra fazilae,Lyciasalamandra fazilae,AmphibiaWeb
Lyciasalamandra finikensis,Lyciasalamandra finikensis,AmphibiaWeb
Lyciasalamandra flavimembris,Lyciasalamandra flavimembris,AmphibiaWeb
Lyciasalamandra helverseni,Lyciasalamandra helverseni,AmphibiaWeb
Lyciasalamandra irfani,Lyciasalamandra billae,AmphibiaWeb
Lyciasalamandra luschani,Lyciasalamandra luschani,AmphibiaWeb
Lyciasalamandra yehudahi,Lyciasalamandra billae,AmphibiaWeb
Lymnodytes macularius,Hydrophylax gracilis,AmphibiaWeb
Lynchius flavomaculatus,Lynchius flavomaculatus,AmphibiaWeb
Lynchius megacephalus,Lynchius megacephalus,AmphibiaWeb
Lynchius nebulanastes,Lynchius nebulanastes,AmphibiaWeb
Lynchius oblitus,Lynchius oblitus,AmphibiaWeb
Lynchius parkeri,Lynchius parkeri,AmphibiaWeb
Lynchius simmonsi,Lynchius simmonsi,AmphibiaWeb
Lynchius tabaconas,Lynchius tabaconas,AmphibiaWeb
Lynchius waynehollomonae,Lynchius waynehollomonae,AmphibiaWeb
Lysapsus boliviana,Pseudis boliviana,AmphibiaWeb
Lysapsus caraya,Pseudis caraya,AmphibiaWeb
Lysapsus laevis,Pseudis laevis,AmphibiaWeb
Lysapsus limellum,Pseudis limellum,AmphibiaWeb
Lysapsus limellus caraya,Pseudis caraya,AmphibiaWeb
Lysapsus limellus laevis,Pseudis laevis,AmphibiaWeb
Macrogenioglottus alipioi,Macrogenioglottus alipioi,AmphibiaWeb
Madecassophryne truebae,Madecassophryne truebae,AmphibiaWeb
Magnadigita hypacra,Bolitoglossa hypacra,AmphibiaWeb
Mahonabatrachus aurifer,Mahonabatrachus aurifer,AmphibiaWeb
Mahonabatrachus dorsalis,Mahonabatrachus dorsalis,AmphibiaWeb
Mahonabatrachus longirostris,Mahonabatrachus longirostris,AmphibiaWeb
Mahonabatrachus meirianus,Mahonabatrachus meirianus,AmphibiaWeb
Mahonabatrachus microbelos,Mahonabatrachus microbelos,AmphibiaWeb
Mahonabatrachus timidus,Mahonabatrachus timidus,AmphibiaWeb
Manculus quadridigitatus,Eurycea quadridigitata,AmphibiaWeb
Manculus quadridigitatus paludicolus,Eurycea quadridigitata,AmphibiaWeb
Mannophryne caquetio,Mannophryne caquetio,AmphibiaWeb
Mannophryne collaris,Mannophryne collaris,AmphibiaWeb
Mannophryne cordilleriana,Mannophryne cordilleriana,AmphibiaWeb
Mannophryne herminae,Mannophryne herminae,AmphibiaWeb
Mannophryne lamarcai,Mannophryne lamarcai,AmphibiaWeb
Mannophryne larandina,Mannophryne larandina,AmphibiaWeb
Mannophryne leonardoi,Mannophryne leonardoi,AmphibiaWeb
Mannophryne molinai,Mannophryne molinai,AmphibiaWeb
Mannophryne neblina,Mannophryne neblina,AmphibiaWeb
Mannophryne oblitterata,Mannophryne oblitterata,AmphibiaWeb
Mannophryne olmonae,Mannophryne olmonae,AmphibiaWeb
Mannophryne orellana,Mannophryne orellana,AmphibiaWeb
Mannophryne phylidros,Mannophryne phylidros,AmphibiaWeb
Mannophryne riveroi,Mannophryne riveroi,AmphibiaWeb
Mannophryne speeri,Mannophryne speeri,AmphibiaWeb
Mannophryne trinitatis,Mannophryne trinitatis,AmphibiaWeb
Mannophryne trujillensis,Mannophryne trujillensis,AmphibiaWeb
Mannophryne urticans,Mannophryne urticans,AmphibiaWeb
Mannophryne venezuelensis,Mannophryne venezuelensis,AmphibiaWeb
Mannophryne vulcano,Mannophryne vulcano,AmphibiaWeb
Mannophryne yustizi,Mannophryne yustizi,AmphibiaWeb
Mantella aurantiaca,Mantella aurantiaca,AmphibiaWeb
Mantella baroni,Mantella baroni,AmphibiaWeb
Mantella bernhardi,Mantella bernhardi,AmphibiaWeb
Mantella betsileo,Mantella betsileo,AmphibiaWeb
Mantella cowanii,Mantella cowanii,AmphibiaWeb
Mantella crocea,Mantella crocea,AmphibiaWeb
Mantella ebenaui,Mantella ebenaui,AmphibiaWeb
Mantella expectata,Mantella expectata,AmphibiaWeb
Mantella haraldmeieri,Mantella haraldmeieri,AmphibiaWeb
Mantella laevigata,Mantella laevigata,AmphibiaWeb
Mantella madagascariensis,Mantella madagascariensis,AmphibiaWeb
Mantella manery,Mantella manery,AmphibiaWeb
Mantella milotympanum,Mantella milotympanum,AmphibiaWeb
Mantella nigricans,Mantella nigricans,AmphibiaWeb
Mantella pulchra,Mantella pulchra,AmphibiaWeb
Mantella viridis,Mantella viridis,AmphibiaWeb
Mantidactylus aerumnalis,Mantidactylus aerumnalis,AmphibiaWeb
Mantidactylus aglavei,Spinomantis aglavei,AmphibiaWeb
Mantidactylus albofrenatus,Mantidactylus albofrenatus,AmphibiaWeb
Mantidactylus albolineatus,Guibemantis albolineatus,AmphibiaWeb
Mantidactylus alutus,Mantidactylus alutus,AmphibiaWeb
Mantidactylus ambohimitombi,Mantidactylus ambohimitombi,AmphibiaWeb
Mantidactylus ambohitra,Gephyromantis ambohitra,AmphibiaWeb
Mantidactylus ambony,Mantidactylus ambony,AmphibiaWeb
Mantidactylus ambreensis,Mantidactylus ambreensis,AmphibiaWeb
Mantidactylus argenteus,Mantidactylus argenteus,AmphibiaWeb
Mantidactylus asper,Gephyromantis asper,AmphibiaWeb
Mantidactylus atsimo,Mantidactylus atsimo,AmphibiaWeb
Mantidactylus augustini,Mantidactylus augustini,AmphibiaWeb
Mantidactylus bellyi,Mantidactylus bellyi,AmphibiaWeb
Mantidactylus bertini,Spinomantis bertini,AmphibiaWeb
Mantidactylus betsileanus,Mantidactylus betsileanus,AmphibiaWeb
Mantidactylus bicalcaratus,Guibemantis bicalcaratus,AmphibiaWeb
Mantidactylus biporus,Mantidactylus biporus,AmphibiaWeb
Mantidactylus blanci,Gephyromantis blanci,AmphibiaWeb
Mantidactylus bletzae,Mantidactylus bletzae,AmphibiaWeb
Mantidactylus blommersae,Blommersia blommersae,AmphibiaWeb
Mantidactylus boulengeri,Gephyromantis boulengeri,AmphibiaWeb
Mantidactylus bourgati,Mantidactylus bourgati,AmphibiaWeb
Mantidactylus brevipalmatus,Mantidactylus brevipalmatus,AmphibiaWeb
Mantidactylus brevirostris,Mantidactylus brevirostris,AmphibiaWeb
Mantidactylus brunae,Spinomantis brunae,AmphibiaWeb
Mantidactylus charlotteae,Mantidactylus charlotteae,AmphibiaWeb
Mantidactylus charlotteianus,Mantidactylus charlotteianus,AmphibiaWeb
Mantidactylus chonodus,Mantidactylus chonodus,AmphibiaWeb
Mantidactylus cornutus,Gephyromantis cornutus,AmphibiaWeb
Mantidactylus corvus,Gephyromantis corvus,AmphibiaWeb
Mantidactylus cowanii,Mantidactylus cowanii,AmphibiaWeb
Mantidactylus curtus,Mantidactylus curtus,AmphibiaWeb
Mantidactylus decaryi,Gephyromantis decaryi,AmphibiaWeb
Mantidactylus delormei,Mantidactylus delormei,AmphibiaWeb
Mantidactylus depressiceps,Guibemantis depressiceps,AmphibiaWeb
Mantidactylus dichromus,Mantidactylus dichromus,AmphibiaWeb
Mantidactylus domerguei,Blommersia domerguei,AmphibiaWeb
Mantidactylus eiselti,Gephyromantis eiselti,AmphibiaWeb
Mantidactylus elegans,Spinomantis elegans,AmphibiaWeb
Mantidactylus enki,Gephyromantis enki,AmphibiaWeb
Mantidactylus eulenbergeri,Mantidactylus eulenbergeri,AmphibiaWeb
Mantidactylus femoralis,Mantidactylus femoralis,AmphibiaWeb
Mantidactylus fergusoni,Mantidactylus fergusoni,AmphibiaWeb
Mantidactylus fimbriatus,Spinomantis fimbriatus,AmphibiaWeb
Mantidactylus flavobrunneus,Guibemantis flavobrunneus,AmphibiaWeb
Mantidactylus georgei,Mantidactylus georgei,AmphibiaWeb
Mantidactylus glosi,Mantidactylus glosi,AmphibiaWeb
Mantidactylus grandidieri,Mantidactylus grandidieri,AmphibiaWeb
Mantidactylus grandisonae,Blommersia grandisonae,AmphibiaWeb
Mantidactylus granulatus,Gephyromantis granulatus,AmphibiaWeb
Mantidactylus grubenmanni,Mantidactylus grubenmanni,AmphibiaWeb
Mantidactylus gudrunae,Mantidactylus gudrunae,AmphibiaWeb
Mantidactylus guibei,Spinomantis guibei,AmphibiaWeb
Mantidactylus guttulatus,Mantidactylus guttulatus,AmphibiaWeb
Mantidactylus horridus,Gephyromantis horridus,AmphibiaWeb
Mantidactylus inaudax,Mantidactylus inaudax,AmphibiaWeb
Mantidactylus incognitus,Mantidactylus incognitus,AmphibiaWeb
Mantidactylus jahnarum,Mantidactylus jahnarum,AmphibiaWeb
Mantidactylus jonasi,Mantidactylus jonasi,AmphibiaWeb
Mantidactylus katae,Mantidactylus katae,AmphibiaWeb
Mantidactylus kathrinae,Guibemantis kathrinae,AmphibiaWeb
Mantidactylus kely,Blommersia kely,AmphibiaWeb
Mantidactylus kitrinolaimus,Mantidactylus kitrinolaimus,AmphibiaWeb
Mantidactylus klemmeri,Gephyromantis klemmeri,AmphibiaWeb
Mantidactylus kortei,Mantidactylus kortei,AmphibiaWeb
Mantidactylus leucocephalus,Gephyromantis leucocephalus,AmphibiaWeb
Mantidactylus leucomaculatus,Gephyromantis leucomaculatus,AmphibiaWeb
Mantidactylus liber,Guibemantis liber,AmphibiaWeb
Mantidactylus lovei,Mantidactylus lovei,AmphibiaWeb
Mantidactylus lugubris,Mantidactylus lugubris,AmphibiaWeb
Mantidactylus luteus,Gephyromantis luteus,AmphibiaWeb
Mantidactylus madecassus,Mantidactylus madecassus,AmphibiaWeb
Mantidactylus madinika,Wakea madinika,AmphibiaWeb
Mantidactylus maharira,Mantidactylus maharira,AmphibiaWeb
Mantidactylus mahery,Mantidactylus mahery,AmphibiaWeb
Mantidactylus majori,Mantidactylus majori,AmphibiaWeb
Mantidactylus malagasius,Gephyromantis malagasius,AmphibiaWeb
Mantidactylus malokila,Mantidactylus malokila,AmphibiaWeb
Mantidactylus manerana,Mantidactylus manerana,AmphibiaWeb
Mantidactylus marintsoai,Mantidactylus marintsoai,AmphibiaWeb
Mantidactylus massorum,Spinomantis massi,AmphibiaWeb
Mantidactylus melanopleura,Mantidactylus melanopleura,AmphibiaWeb
Mantidactylus microtis,Spinomantis microtis,AmphibiaWeb
Mantidactylus microtympanum,Boehmantis microtympanum,AmphibiaWeb
Mantidactylus mocquardi,Mantidactylus mocquardi,AmphibiaWeb
Mantidactylus moseri,Gephyromantis moseri,AmphibiaWeb
Mantidactylus noralottae,Mantidactylus noralottae,AmphibiaWeb
Mantidactylus opiparis,Mantidactylus opiparis,AmphibiaWeb
Mantidactylus paidroa,Mantidactylus paidroa,AmphibiaWeb
Mantidactylus pauliani,Mantidactylus pauliani,AmphibiaWeb
Mantidactylus peraccae,Spinomantis peraccae,AmphibiaWeb
Mantidactylus petakorona,Mantidactylus petakorona,AmphibiaWeb
Mantidactylus phantasticus,Spinomantis phantasticus,AmphibiaWeb
Mantidactylus plicifer,Gephyromantis plicifer,AmphibiaWeb
Mantidactylus pseudoasper,Gephyromantis pseudoasper,AmphibiaWeb
Mantidactylus pulcher,Guibemantis pulcher,AmphibiaWeb
Mantidactylus punctatus,Guibemantis punctatus,AmphibiaWeb
Mantidactylus rabibisoai,Mantidactylus rabibisoai,AmphibiaWeb
Mantidactylus radaka,Mantidactylus radaka,AmphibiaWeb
Mantidactylus redimitus,Gephyromantis redimitus,AmphibiaWeb
Mantidactylus riparius,Mantidactylus riparius,AmphibiaWeb
Mantidactylus rivicola,Gephyromantis rivicola,AmphibiaWeb
Mantidactylus salegy,Gephyromantis salegy,AmphibiaWeb
Mantidactylus sarotra,Blommersia sarotra,AmphibiaWeb
Mantidactylus schilfi,Gephyromantis schilfi,AmphibiaWeb
Mantidactylus schulzi,Mantidactylus schulzi,AmphibiaWeb
Mantidactylus sculpturatus,Gephyromantis sculpturatus,AmphibiaWeb
Mantidactylus silvanus,Gephyromantis silvanus,AmphibiaWeb
Mantidactylus spiniferus,Gephyromantis spiniferus,AmphibiaWeb
Mantidactylus steinfartzi,Mantidactylus steinfartzi,AmphibiaWeb
Mantidactylus stelliger,Mantidactylus stelliger,AmphibiaWeb
Mantidactylus striatus,Gephyromantis striatus,AmphibiaWeb
Mantidactylus tandroka,Gephyromantis tandroka,AmphibiaWeb
Mantidactylus temachikus,Mantidactylus temachikus,AmphibiaWeb
Mantidactylus thelenae,Gephyromantis thelenae,AmphibiaWeb
Mantidactylus timidus,Guibemantis timidus,AmphibiaWeb
Mantidactylus tornieri,Guibemantis tornieri,AmphibiaWeb
Mantidactylus tricinctus,Mantidactylus tricinctus,AmphibiaWeb
Mantidactylus tripunctatus,Mantidactylus tripunctatus,AmphibiaWeb
Mantidactylus tschenki,Gephyromantis tschenki,AmphibiaWeb
Mantidactylus ulcerosus,Mantidactylus ulcerosus,AmphibiaWeb
Mantidactylus ventrilineatus,Mantidactylus ventrilineatus,AmphibiaWeb
Mantidactylus webbi,Gephyromantis webbi,AmphibiaWeb
Mantidactylus wittei,Blommersia wittei,AmphibiaWeb
Mantidactylus zavona,Gephyromantis zavona,AmphibiaWeb
Mantidactylus zipperi,Mantidactylus zipperi,AmphibiaWeb
Mantidactylus zolitschka,Mantidactylus zolitschka,AmphibiaWeb
Mantophryne axanthogaster,Mantophryne axanthogaster,AmphibiaWeb
Mantophryne insignis,Mantophryne insignis,AmphibiaWeb
Mantophryne lateralis,Mantophryne lateralis,AmphibiaWeb
Mantophryne louisiadensis,Mantophryne louisiadensis,AmphibiaWeb
Mantophryne menziesi,Mantophryne menziesi,AmphibiaWeb
Megaelosia apuana,Phantasmarana apuana,AmphibiaWeb
Megaelosia bocainensis,Phantasmarana bocainensis,AmphibiaWeb
Megaelosia boticariana,Phantasmarana boticariana,AmphibiaWeb
Megaelosia goeldii,Megaelosia goeldii,AmphibiaWeb
Megaelosia jordanensis,Phantasmarana jordanensis,AmphibiaWeb
Megaelosia lutzae,Phantasmarana lutzae,AmphibiaWeb
Megaelosia massarti,Phantasmarana massarti,AmphibiaWeb
Megalophrys gigas,Nanorana liebigii,AmphibiaWeb
Megastomatohyla mixe,Megastomatohyla mixe,AmphibiaWeb
Megastomatohyla mixomaculata,Megastomatohyla mixomaculata,AmphibiaWeb
Megastomatohyla nubicola,Megastomatohyla nubicola,AmphibiaWeb
Megastomatohyla pellita,Megastomatohyla pellita,AmphibiaWeb
Megophrys acehensis,Megophrys acehensis,AmphibiaWeb
Megophrys aceras,Xenophrys aceras,AmphibiaWeb
Megophrys acuta,Boulenophrys acuta,AmphibiaWeb
Megophrys ancrae,Xenophrys ancrae,AmphibiaWeb
Megophrys angka,Boulenophrys angka,AmphibiaWeb
Megophrys auralensis,Xenophrys auralensis,AmphibiaWeb
Megophrys awuh,Megophrys awuh,AmphibiaWeb
Megophrys baluensis,Pelobatrachus baluensis,AmphibiaWeb
Megophrys baolongensis,Boulenophrys baolongensis,AmphibiaWeb
Megophrys binchuanensis,Boulenophrys binchuanensis,AmphibiaWeb
Megophrys binlingensis,Boulenophrys binlingensis,AmphibiaWeb
Megophrys boettgeri,Boulenophrys boettgeri,AmphibiaWeb
Megophrys brachykolos,Boulenophrys brachykolos,AmphibiaWeb
Megophrys caobangensis,Boulenophrys caobangensis,AmphibiaWeb
Megophrys carinense,Brachytarsophrys carinense,AmphibiaWeb
Megophrys caudoprocta,Boulenophrys caudoprocta,AmphibiaWeb
Megophrys cheni,Boulenophrys cheni,AmphibiaWeb
Megophrys chuannanensis,Brachytarsophrys chuannanensis,AmphibiaWeb
Megophrys damrei,Xenophrys damrei,AmphibiaWeb
Megophrys daweimontis,Boulenophrys daweimontis,AmphibiaWeb
Megophrys dongguanensis,Boulenophrys dongguanensis,AmphibiaWeb
Megophrys dringi,Sarawakiphrys dringi,AmphibiaWeb
Megophrys dzukou,Megophrys dzukou,AmphibiaWeb
Megophrys edwardinae,Pelobatrachus edwardinae,AmphibiaWeb
Megophrys elfina,Ophryophryne elfina,AmphibiaWeb
Megophrys fansipanensis,Boulenophrys fansipanensis,AmphibiaWeb
Megophrys feae,Brachytarsophrys feae,AmphibiaWeb
Megophrys feii,Jingophrys feii,AmphibiaWeb
Megophrys flavipunctata,Xenophrys flavipunctata,AmphibiaWeb
Megophrys gerti,Ophryophryne gerti,AmphibiaWeb
Megophrys gigantica,Atympanophrys gigantica,AmphibiaWeb
Megophrys giganticus,Atympanophrys gigantica,AmphibiaWeb
Megophrys glandulosa,Xenophrys glandulosa,AmphibiaWeb
Megophrys hansi,Ophryophryne hansi,AmphibiaWeb
Megophrys himalayana,Xenophrys himalayana,AmphibiaWeb
Megophrys huangshanensis,Boulenophrys huangshanensis,AmphibiaWeb
Megophrys insularis,Boulenophrys insularis,AmphibiaWeb
Megophrys intermedia,Brachytarsophrys intermedia,AmphibiaWeb
Megophrys jingdongensis,Boulenophrys jingdongensis,AmphibiaWeb
Megophrys jinggangensis,Boulenophrys jinggangensis,AmphibiaWeb
Megophrys jiulianensis,Boulenophrys jiulianensis,AmphibiaWeb
Megophrys kalimantanensis,Pelobatrachus kalimantanensis,AmphibiaWeb
Megophrys kobayashii,Pelobatrachus kobayashii,AmphibiaWeb
Megophrys koui,Ophryophryne koui,AmphibiaWeb
Megophrys kuatunensis,Boulenophrys kuatunensis,AmphibiaWeb
Megophrys lancip,Megophrys lancip,AmphibiaWeb
Megophrys latidactyla,Boulenophrys palpebralespinosa,AmphibiaWeb
Megophrys leishanensis,Boulenophrys leishanensis,AmphibiaWeb
Megophrys lekaguli,Xenophrys lekaguli,AmphibiaWeb
Megophrys liboensis,Boulenophrys liboensis,AmphibiaWeb
Megophrys ligayae,Pelobatrachus ligayae,AmphibiaWeb
Megophrys lini,Boulenophrys lini,AmphibiaWeb
Megophrys lishuiensis,Boulenophrys lishuiensis,AmphibiaWeb
Megophrys longipes,Xenophrys longipes,AmphibiaWeb
Megophrys major,Xenophrys major,AmphibiaWeb
Megophrys mangshanensis,Xenophrys mangshanensis,AmphibiaWeb
Megophrys maosonensis,Xenophrys major,AmphibiaWeb
Megophrys medogensis,Xenophrys medogensis,AmphibiaWeb
Megophrys megacephala,Xenophrys megacephala,AmphibiaWeb
Megophrys microstoma,Ophryophryne microstoma,AmphibiaWeb
Megophrys minor,Boulenophrys minor,AmphibiaWeb
Megophrys montana,Megophrys montana,AmphibiaWeb
Megophrys mufumontana,Boulenophrys mufumontana,AmphibiaWeb
Megophrys nankiangensis,Atympanophrys nankiangensis,AmphibiaWeb
Megophrys nankunensis,Boulenophrys nankunensis,AmphibiaWeb
Megophrys nanlingensis,Boulenophrys nanlingensis,AmphibiaWeb
Megophrys nasuta,Pelobatrachus nasuta,AmphibiaWeb
Megophrys numhbumaeng,Megophrys numhbumaeng,AmphibiaWeb
Megophrys obesa,Boulenophrys obesa,AmphibiaWeb
Megophrys ombrophila,Boulenophrys ombrophila,AmphibiaWeb
Megophrys omeimontis,Boulenophrys omeimontis,AmphibiaWeb
Megophrys oreocrypta,Xenophrys oreocrypta,AmphibiaWeb
Megophrys oropedion,Xenophrys oropedion,AmphibiaWeb
Megophrys pachyproctus,Jingophrys pachyproctus,AmphibiaWeb
Megophrys palpebralespinosa,Boulenophrys palpebralespinosa,AmphibiaWeb
Megophrys parallela,Megophrys parallela,AmphibiaWeb
Megophrys parva,Xenophrys parva,AmphibiaWeb
Megophrys periosa,Xenophrys periosa,AmphibiaWeb
Megophrys robusta,Xenophrys robusta,AmphibiaWeb
Megophrys sangzhiensis,Boulenophrys sangzhiensis,AmphibiaWeb
Megophrys selatanensis,Megophrys selatanensis,AmphibiaWeb
Megophrys serchhipii,Xenophrys serchhipii,AmphibiaWeb
Megophrys shapingensis,Atympanophrys shapingensis,AmphibiaWeb
Megophrys shuichengensis,Boulenophrys shuichengensis,AmphibiaWeb
Megophrys shunhuangensis,Boulenophrys shunhuangensis,AmphibiaWeb
Megophrys spinata,Boulenophrys spinata,AmphibiaWeb
Megophrys stejnegeri,Pelobatrachus stejnegeri,AmphibiaWeb
Megophrys synoria,Ophryophryne synoria,AmphibiaWeb
Megophrys takensis,Xenophrys takensis,AmphibiaWeb
Megophrys tuberogranulatus,Boulenophrys tuberogranulatus,AmphibiaWeb
Megophrys vegrandis,Jingophrys vegrandis,AmphibiaWeb
Megophrys wawuensis,Boulenophrys wawuensis,AmphibiaWeb
Megophrys wugongensis,Boulenophrys wugongensis,AmphibiaWeb
Megophrys wuliangshanensis,Boulenophrys wuliangshanensis,AmphibiaWeb
Megophrys wushanensis,Boulenophrys wushanensis,AmphibiaWeb
Megophrys xianjuensis,Boulenophrys xianjuensis,AmphibiaWeb
Megophrys zhangi,Xenophrys zhangi,AmphibiaWeb
Megophrys zunhebotoensis,Xenophrys zunhebotoensis,AmphibiaWeb
Melanobatrachus indicus,Melanobatrachus indicus,AmphibiaWeb
Melanophryniscus admirabilis,Melanophryniscus admirabilis,AmphibiaWeb
Melanophryniscus alipioi,Melanophryniscus alipioi,AmphibiaWeb
Melanophryniscus atroluteus,Melanophryniscus atroluteus,AmphibiaWeb
Melanophryniscus biancae,Melanophryniscus biancae,AmphibiaWeb
Melanophryniscus cambaraensis,Melanophryniscus cambaraensis,AmphibiaWeb
Melanophryniscus cupreuscapularis,Melanophryniscus cupreuscapularis,AmphibiaWeb
Melanophryniscus devincenzii,Melanophryniscus devincenzii,AmphibiaWeb
Melanophryniscus diabolicus,Melanophryniscus diabolicus,AmphibiaWeb
Melanophryniscus dorsalis,Melanophryniscus dorsalis,AmphibiaWeb
Melanophryniscus estebani,Melanophryniscus estebani,AmphibiaWeb
Melanophryniscus fulvoguttatus,Melanophryniscus fulvoguttatus,AmphibiaWeb
Melanophryniscus klappenbachi,Melanophryniscus klappenbachi,AmphibiaWeb
Melanophryniscus krauczuki,Melanophryniscus krauczuki,AmphibiaWeb
Melanophryniscus langonei,Melanophryniscus langonei,AmphibiaWeb
Melanophryniscus macrogranulosus,Melanophryniscus macrogranulosus,AmphibiaWeb
Melanophryniscus milanoi,Melanophryniscus milanoi,AmphibiaWeb
Melanophryniscus montevidensis,Melanophryniscus montevidensis,AmphibiaWeb
Melanophryniscus moreirae,Melanophryniscus moreirae,AmphibiaWeb
Melanophryniscus nigricans,Melanophryniscus nigricans,AmphibiaWeb
Melanophryniscus orejasmirandai,Melanophryniscus orejasmirandai,AmphibiaWeb
Melanophryniscus pachyrhynus,Melanophryniscus pachyrhynus,AmphibiaWeb
Melanophryniscus paraguayensis,Melanophryniscus paraguayensis,AmphibiaWeb
Melanophryniscus peritus,Melanophryniscus peritus,AmphibiaWeb
Melanophryniscus rubriventris,Melanophryniscus rubriventris,AmphibiaWeb
Melanophryniscus sanmartini,Melanophryniscus sanmartini,AmphibiaWeb
Melanophryniscus setiba,Melanophryniscus setiba,AmphibiaWeb
Melanophryniscus simplex,Melanophryniscus simplex,AmphibiaWeb
Melanophryniscus spectabilis,Melanophryniscus spectabilis,AmphibiaWeb
Melanophryniscus stelzneri,Melanophryniscus stelzneri,AmphibiaWeb
Melanophryniscus tumifrons,Melanophryniscus tumifrons,AmphibiaWeb
Melanophryniscus vilavelhensis,Melanophryniscus vilavelhensis,AmphibiaWeb
Melanophryniscus xanthostomus,Melanophryniscus xanthostomus,AmphibiaWeb
Melvillihyla andiirrmalin,Melvillihyla andiirrmalin,AmphibiaWeb
Menobranchus punctatus,Necturus punctatus,AmphibiaWeb
Mercurana myristicapalustris,Mercurana myristicapalustris,AmphibiaWeb
Meristogenys amoropalamus,Meristogenys amoropalamus,AmphibiaWeb
Meristogenys dyscritus,Meristogenys dyscritus,AmphibiaWeb
Meristogenys jerboa,Meristogenys jerboa,AmphibiaWeb
Meristogenys kinabaluensis,Meristogenys kinabaluensis,AmphibiaWeb
Meristogenys macrophthalmus,Meristogenys macrophthalmus,AmphibiaWeb
Meristogenys maryatiae,Meristogenys maryatiae,AmphibiaWeb
Meristogenys orphnocnemis,Meristogenys orphnocnemis,AmphibiaWeb
Meristogenys penrissenensis,Meristogenys penrissenensis,AmphibiaWeb
Meristogenys phaeomerus,Meristogenys phaeomerus,AmphibiaWeb
Meristogenys poecilus,Meristogenys poecilus,AmphibiaWeb
Meristogenys stenocephalus,Meristogenys stenocephalus,AmphibiaWeb
Meristogenys stigmachilus,Meristogenys stigmachilus,AmphibiaWeb
Meristogenys whiteheadi,Meristogenys whiteheadi,AmphibiaWeb
Mertensiella caucasica,Mertensiella caucasica,AmphibiaWeb
Mertensiella djanaschvilii,Mertensiella djanaschvilii,AmphibiaWeb
Mertensiella luschani luschani,Lyciasalamandra luschani,AmphibiaWeb
Mertensophryne anotis,Mertensophryne anotis,AmphibiaWeb
Mertensophryne howelli,Mertensophryne howelli,AmphibiaWeb
Mertensophryne lindneri,Mertensophryne lindneri,AmphibiaWeb
Mertensophryne lonnbergi,Mertensophryne lonnbergi,AmphibiaWeb
Mertensophryne loveridgei,Mertensophryne loveridgei,AmphibiaWeb
Mertensophryne melanopleura,Mertensophryne melanopleura,AmphibiaWeb
Mertensophryne micranotis,Mertensophryne micranotis,AmphibiaWeb
Mertensophryne mocquardi,Mertensophryne mocquardi,AmphibiaWeb
Mertensophryne nairobiensis,Mertensophryne nairobiensis,AmphibiaWeb
Mertensophryne nyikae,Mertensophryne nyikae,AmphibiaWeb
Mertensophryne schmidti,Mertensophryne schmidti,AmphibiaWeb
Mertensophryne taitana,Mertensophryne taitana,AmphibiaWeb
Mertensophryne usambarae,Mertensophryne usambarae,AmphibiaWeb
Mertensophryne uzunguensis,Mertensophryne uzunguensis,AmphibiaWeb
Mesotriton alpestris,Ichthyosaura alpestris,AmphibiaWeb
Metacrinia nichollsi,Metacrinia nichollsi,AmphibiaWeb
Metamagnusia marani,Asterophrys marani,AmphibiaWeb
Metamagnusia slateri,Asterophrys slateri,AmphibiaWeb
Metaphrynella pollicaris,Metaphrynella pollicaris,AmphibiaWeb
Metaphrynella sundana,Metaphrynella sundana,AmphibiaWeb
Metaphryniscus sosae,Metaphryniscus sosai,AmphibiaWeb
Metaphryniscus sosai,Metaphryniscus sosai,AmphibiaWeb
Micrixalus adonis,Micrixalus adonis,AmphibiaWeb
Micrixalus candidus,Micrixalus candidus,AmphibiaWeb
Micrixalus diminutiva,Phrynoglossus diminutivus,AmphibiaWeb
Micrixalus elegans,Micrixalus elegans,AmphibiaWeb
Micrixalus frigidus,Micrixalus frigidus,AmphibiaWeb
Micrixalus gadgili,Micrixalus gadgili,AmphibiaWeb
Micrixalus herrei,Micrixalus herrei,AmphibiaWeb
Micrixalus kodayari,Micrixalus kodayari,AmphibiaWeb
Micrixalus kottigeharensis,Micrixalus kottigeharensis,AmphibiaWeb
Micrixalus kurichiyari,Micrixalus kurichiyari,AmphibiaWeb
Micrixalus magnapustulosus,Phrynoglossus magnapustulosus,AmphibiaWeb
Micrixalus mallani,Micrixalus mallani,AmphibiaWeb
Micrixalus narainensis,Micrixalus kottigeharensis,AmphibiaWeb
Micrixalus nelliyampathi,Micrixalus nelliyampathi,AmphibiaWeb
Micrixalus nigraventris,Micrixalus nigraventris,AmphibiaWeb
Micrixalus niluvasei,Micrixalus niluvasei,AmphibiaWeb
Micrixalus nudis,Micrixalus nudis,AmphibiaWeb
Micrixalus phyllophilus,Micrixalus phyllophilus,AmphibiaWeb
Micrixalus sairandhri,Micrixalus sairandhri,AmphibiaWeb
Micrixalus sali,Micrixalus sali,AmphibiaWeb
Micrixalus saxicola,Micrixalus saxicola,AmphibiaWeb
Micrixalus silvaticus,Micrixalus silvaticus,AmphibiaWeb
Micrixalus specca,Micrixalus specca,AmphibiaWeb
Micrixalus spelunca,Micrixalus spelunca,AmphibiaWeb
Micrixalus swamianus,Micrixalus kottigeharensis,AmphibiaWeb
Micrixalus thampii,Micrixalus thampii,AmphibiaWeb
Micrixalus uttaraghati,Micrixalus uttaraghati,AmphibiaWeb
Microbatrachella capensis,Microbatrachella capensis,AmphibiaWeb
Microbatrachylus albolabris,Craugastor pygmaeus,AmphibiaWeb
Microbatrachylus montanus,Craugastor montanus,AmphibiaWeb
Microbatrachylus pygmaeus,Craugastor pygmaeus,AmphibiaWeb
Microcaecilia albiceps,Microcaecilia albiceps,AmphibiaWeb
Microcaecilia butantan,Microcaecilia butantan,AmphibiaWeb
Microcaecilia dermatophaga,Microcaecilia dermatophaga,AmphibiaWeb
Microcaecilia grandis,Microcaecilia grandis,AmphibiaWeb
Microcaecilia iwokramae,Microcaecilia iwokramae,AmphibiaWeb
Microcaecilia iyob,Microcaecilia iyob,AmphibiaWeb
Microcaecilia marvaleewakeae,Microcaecilia marvaleewakeae,AmphibiaWeb
Microcaecilia nicefori,Microcaecilia nicefori,AmphibiaWeb
Microcaecilia pricei,Microcaecilia pricei,AmphibiaWeb
Microcaecilia rabei,Microcaecilia rabei,AmphibiaWeb
Microcaecilia rochai,Microcaecilia rochai,AmphibiaWeb
Microcaecilia savagei,Microcaecilia savagei,AmphibiaWeb
Microcaecilia supernumeraria,Microcaecilia supernumeraria,AmphibiaWeb
Microcaecilia taylori,Microcaecilia taylori,AmphibiaWeb
Microcaecilia trombetas,Microcaecilia trombetas,AmphibiaWeb
Microcaecilia unicolor,Microcaecilia unicolor,AmphibiaWeb
Microhyla achatina,Microhyla achatina,AmphibiaWeb
Microhyla annamensis,Microhyla annamensis,AmphibiaWeb
Microhyla annectens,Microhyla annectens,AmphibiaWeb
Microhyla arboricola,Microhyla arboricola,AmphibiaWeb
Microhyla aurantiventris,Microhyla aurantiventris,AmphibiaWeb
Microhyla beilunensis,Microhyla beilunensis,AmphibiaWeb
Microhyla berdmorei,Microhyla berdmorei,AmphibiaWeb
Microhyla borneensis,Microhyla borneensis,AmphibiaWeb
Microhyla butleri,Microhyla butleri,AmphibiaWeb
Microhyla carolinensis,Gastrophryne carolinensis,AmphibiaWeb
Microhyla carolinensis carolinensis,Gastrophryne carolinensis,AmphibiaWeb
Microhyla carolinensis mazatlanensis,Gastrophryne olivacea,AmphibiaWeb
Microhyla chakrapanii,Microhyla chakrapanii,AmphibiaWeb
Microhyla dabieshanensis,Microhyla dabieshanensis,AmphibiaWeb
Microhyla daklakensis,Microhyla daklakensis,AmphibiaWeb
Microhyla darevskii,Microhyla darevskii,AmphibiaWeb
Microhyla darreli,Microhyla darreli,AmphibiaWeb
Microhyla eos,Microhyla eos,AmphibiaWeb
Microhyla fanjingshanensis,Microhyla fanjingshanensis,AmphibiaWeb
Microhyla fissipes,Microhyla fissipes,AmphibiaWeb
Microhyla fodiens,Microhyla fodiens,AmphibiaWeb
Microhyla fowleri,Microhyla berdmorei,AmphibiaWeb
Microhyla fusca,Microhyla butleri,AmphibiaWeb
Microhyla gadjahmadai,Microhyla gadjahmadai,AmphibiaWeb
Microhyla heymonsi,Microhyla heymonsi,AmphibiaWeb
Microhyla hmongorum,Microhyla hmongorum,AmphibiaWeb
Microhyla hongiaoensis,Microhyla hongiaoensis,AmphibiaWeb
Microhyla irrawaddy,Microhyla irrawaddy,AmphibiaWeb
Microhyla karunaratnei,Microhyla karunaratnei,AmphibiaWeb
Microhyla kodial,Microhyla kodial,AmphibiaWeb
Microhyla kuramotoi,Microhyla kuramotoi,AmphibiaWeb
Microhyla laterite,Microhyla laterite,AmphibiaWeb
Microhyla maculifera,Microhyla maculifera,AmphibiaWeb
Microhyla malang,Microhyla malang,AmphibiaWeb
Microhyla malcolmi,Microhyla malcolmi,AmphibiaWeb
Microhyla mantheyi,Microhyla mantheyi,AmphibiaWeb
Microhyla marmorata,Microhyla marmorata,AmphibiaWeb
Microhyla mazatlanensis,Gastrophryne olivacea,AmphibiaWeb
Microhyla mihintalei,Microhyla mihintalei,AmphibiaWeb
Microhyla minica,Nanorana minica,AmphibiaWeb
Microhyla minuta,Microhyla minuta,AmphibiaWeb
Microhyla mixtura,Microhyla mixtura,AmphibiaWeb
Microhyla mukhlesuri,Microhyla mukhlesuri,AmphibiaWeb
Microhyla mymensinghensis,Microhyla mymensinghensis,AmphibiaWeb
Microhyla nakkavaram,Microhyla nakkavaram,AmphibiaWeb
Microhyla nanapollexa,Microhyla nanapollexa,AmphibiaWeb
Microhyla neglecta,Microhyla neglecta,AmphibiaWeb
Microhyla nepenthicola,Microhyla nepenthicola,AmphibiaWeb
Microhyla nilphamariensis,Microhyla nilphamariensis,AmphibiaWeb
Microhyla ninhthuanensis,Microhyla ninhthuanensis,AmphibiaWeb
Microhyla okinavensis,Microhyla okinavensis,AmphibiaWeb
Microhyla orientalis,Microhyla orientalis,AmphibiaWeb
Microhyla ornata,Microhyla ornata,AmphibiaWeb
Microhyla palmipes,Microhyla palmipes,AmphibiaWeb
Microhyla peninsularis,Microhyla peninsularis,AmphibiaWeb
Microhyla perparva,Microhyla perparva,AmphibiaWeb
Microhyla petrigena,Microhyla petrigena,AmphibiaWeb
Microhyla picta,Microhyla picta,AmphibiaWeb
Microhyla pineticola,Microhyla pineticola,AmphibiaWeb
Microhyla pulchella,Microhyla pulchella,AmphibiaWeb
Microhyla pulchra,Microhyla pulchra,AmphibiaWeb
Microhyla pulverata,Microhyla marmorata,AmphibiaWeb
Microhyla roedderi,Microhyla roedderi,AmphibiaWeb
Microhyla rubra,Microhyla rubra,AmphibiaWeb
Microhyla sholigari,Microhyla sholigari,AmphibiaWeb
Microhyla sriwijaya,Microhyla sriwijaya,AmphibiaWeb
Microhyla sundaica,Microhyla sundaica,AmphibiaWeb
Microhyla superciliaris,Microhyla superciliaris,AmphibiaWeb
Microhyla taraiensis,Microhyla taraiensis,AmphibiaWeb
Microhyla tetrix,Microhyla tetrix,AmphibiaWeb
Microhyla xodangorum,Microhyla xodangorum,AmphibiaWeb
Microhyla zeylanica,Microhyla zeylanica,AmphibiaWeb
Microkayla adenopleura,Microkayla adenopleura,AmphibiaWeb
Microkayla ankohuma,Microkayla ankohuma,AmphibiaWeb
Microkayla boettgeri,Microkayla boettgeri,AmphibiaWeb
Microkayla chacaltaya,Microkayla chacaltaya,AmphibiaWeb
Microkayla chapi,Microkayla chapi,AmphibiaWeb
Microkayla chaupi,Microkayla chaupi,AmphibiaWeb
Microkayla chilina,Microkayla chilina,AmphibiaWeb
Microkayla colla,Microkayla colla,AmphibiaWeb
Microkayla condoriri,Microkayla condoriri,AmphibiaWeb
Microkayla guillei,Microkayla guillei,AmphibiaWeb
Microkayla harveyi,Microkayla harveyi,AmphibiaWeb
Microkayla huayna,Microkayla huayna,AmphibiaWeb
Microkayla iani,Microkayla iani,AmphibiaWeb
Microkayla iatamasi,Microkayla iatamasi,AmphibiaWeb
Microkayla illampu,Microkayla illampu,AmphibiaWeb
Microkayla illimani,Microkayla illimani,AmphibiaWeb
Microkayla kallawaya,Microkayla kallawaya,AmphibiaWeb
Microkayla katantika,Microkayla katantika,AmphibiaWeb
Microkayla kempffi,Microkayla kempffi,AmphibiaWeb
Microkayla melanocheira,Microkayla melanocheira,AmphibiaWeb
Microkayla pinguis,Microkayla pinguis,AmphibiaWeb
Microkayla quimsacruzis,Microkayla quimsacruzis,AmphibiaWeb
Microkayla saltator,Microkayla saltator,AmphibiaWeb
Microkayla teqta,Microkayla teqta,AmphibiaWeb
Microkayla wettsteini,Microkayla wettsteini,AmphibiaWeb
Microphryne malagasia,Gephyromantis malagasius,AmphibiaWeb
Micryletta aishani,Micryletta aishani,AmphibiaWeb
Micryletta dissimulans,Micryletta dissimulans,AmphibiaWeb
Micryletta erythropoda,Micryletta erythropoda,AmphibiaWeb
Micryletta hekouensis,Micryletta hekouensis,AmphibiaWeb
Micryletta immaculata,Micryletta immaculata,AmphibiaWeb
Micryletta inornata,Micryletta inornata,AmphibiaWeb
Micryletta lineata,Micryletta lineata,AmphibiaWeb
Micryletta melanops,Micryletta melanops,AmphibiaWeb
Micryletta nigromaculata,Micryletta nigromaculata,AmphibiaWeb
Micryletta steinegeri,Micryletta steinegeri,AmphibiaWeb
Micryletta subaraji,Micryletta subaraji,AmphibiaWeb
Micryletta sumatrana,Micryletta sumatrana,AmphibiaWeb
Micryletta thongphaphumensis,Micryletta thongphaphumensis,AmphibiaWeb
Mimosiphonops reinhardti,Mimosiphonops reinhardti,AmphibiaWeb
Mimosiphonops vermiculatus,Mimosiphonops vermiculatus,AmphibiaWeb
Minervarya agricola,Minervarya agricola,AmphibiaWeb
Minervarya andamanensis,Minervarya andamanensis,AmphibiaWeb
Minervarya asmati,Minervarya asmati,AmphibiaWeb
Minervarya brevipalmata,Minervarya brevipalmata,AmphibiaWeb
Minervarya caperata,Minervarya syhadrensis,AmphibiaWeb
Minervarya cepfi,Minervarya cepfi,AmphibiaWeb
Minervarya charlesdarwini,Minervarya charlesdarwini,AmphibiaWeb
Minervarya chiangmaiensis,Minervarya chiangmaiensis,AmphibiaWeb
Minervarya chilapata,Minervarya chilapata,AmphibiaWeb
Minervarya dhaka,Minervarya dhaka,AmphibiaWeb
Minervarya ghatiborealis,Minervarya ghatiborealis,AmphibiaWeb
Minervarya goemchi,Minervarya goemchi,AmphibiaWeb
Minervarya gomantaki,Minervarya gomantaki,AmphibiaWeb
Minervarya granosa,Minervarya agricola,AmphibiaWeb
Minervarya greenii,Minervarya greenii,AmphibiaWeb
Minervarya jhilmilensis,Minervarya jhilmilensis,AmphibiaWeb
Minervarya kadar,Minervarya kadar,AmphibiaWeb
Minervarya kalinga,Minervarya kalinga,AmphibiaWeb
Minervarya keralensis,Minervarya keralensis,AmphibiaWeb
Minervarya kirtisinghei,Minervarya kirtisinghei,AmphibiaWeb
Minervarya krishnan,Minervarya krishnan,AmphibiaWeb
Minervarya kudremukhensis,Minervarya mysorensis,AmphibiaWeb
Minervarya manoharani,Minervarya manoharani,AmphibiaWeb
Minervarya marathi,Minervarya marathi,AmphibiaWeb
Minervarya modesta,Minervarya syhadrensis,AmphibiaWeb
Minervarya muangkanensis,Minervarya muangkanensis,AmphibiaWeb
Minervarya mudduraja,Minervarya nilagirica,AmphibiaWeb
Minervarya murthii,Minervarya nilagirica,AmphibiaWeb
Minervarya mysorensis,Minervarya mysorensis,AmphibiaWeb
Minervarya neilcoxi,Minervarya neilcoxi,AmphibiaWeb
Minervarya nepalensis,Minervarya nepalensis,AmphibiaWeb
Minervarya nicobariensis,Minervarya nicobariensis,AmphibiaWeb
Minervarya nilagirica,Minervarya nilagirica,AmphibiaWeb
Minervarya parambikulamana,Minervarya mysorensis,AmphibiaWeb
Minervarya pentali,Minervarya pentali,AmphibiaWeb
Minervarya pierrei,Minervarya pierrei,AmphibiaWeb
Minervarya rufescens,Minervarya rufescens,AmphibiaWeb
Minervarya sahyadris,Minervarya sahyadris,AmphibiaWeb
Minervarya sauriceps,Minervarya mysorensis,AmphibiaWeb
Minervarya sengupti,Minervarya sengupti,AmphibiaWeb
Minervarya syhadrensis,Minervarya syhadrensis,AmphibiaWeb
Minervarya teraiensis,Minervarya teraiensis,AmphibiaWeb
Mini ature,Mini ature,AmphibiaWeb
Mini mum,Mini mum,AmphibiaWeb
Mini scule,Mini scule,AmphibiaWeb
Minyobates minutus,Andinobates minutus,AmphibiaWeb
Minyobates steyermarki,Minyobates steyermarki,AmphibiaWeb
Minyobates virolinensis,Andinobates virolinensis,AmphibiaWeb
Mixophyes australis,Mixophyes australis,AmphibiaWeb
Mixophyes balbus,Mixophyes balbus,AmphibiaWeb
Mixophyes carbinensis,Mixophyes carbinensis,AmphibiaWeb
Mixophyes coggeri,Mixophyes coggeri,AmphibiaWeb
Mixophyes fasciolatus,Mixophyes fasciolatus,AmphibiaWeb
Mixophyes fleayi,Mixophyes fleayi,AmphibiaWeb
Mixophyes hihihorlo,Mixophyes hihihorlo,AmphibiaWeb
Mixophyes iteratus,Mixophyes iteratus,AmphibiaWeb
Mixophyes schevilli,Mixophyes schevilli,AmphibiaWeb
Molge italica,Lissotriton italicus,AmphibiaWeb
Molge labiatum,Paramesotriton labiatus,AmphibiaWeb
Molge luschani,Lyciasalamandra luschani,AmphibiaWeb
Molge tridactyla,Salamandrina terdigitata,AmphibiaWeb
Morerella cyanophthalma,Morerella cyanophthalma,AmphibiaWeb
Mosleyia nannotis,Mosleyia nannotis,AmphibiaWeb
Mosleyia nyakalensis,Mosleyia nyakalensis,AmphibiaWeb
Mucubatrachus briceni,Pristimantis briceni,AmphibiaWeb
Mucubatrachus culatensis,Pristimantis culatensis,AmphibiaWeb
Mucubatrachus flabellidiscus,Pristimantis flabellidiscus,AmphibiaWeb
Mucubatrachus lancinii,Pristimantis lancinii,AmphibiaWeb
Mucubatrachus rhigophilus,Pristimantis rhigophilus,AmphibiaWeb
Mucubatrachus thyellus,Pristimantis thyellus,AmphibiaWeb
Myersiella microps,Myersiella microps,AmphibiaWeb
Myersiohyla aromatica,Myersiohyla aromatica,AmphibiaWeb
Myersiohyla chamaeleo,Myersiohyla chamaeleo,AmphibiaWeb
Myersiohyla inparquesi,Myersiohyla inparquesi,AmphibiaWeb
Myersiohyla kanaima,Nesorohyla kanaima,AmphibiaWeb
Myersiohyla liliae,Myersiohyla liliae,AmphibiaWeb
Myersiohyla loveridgei,Myersiohyla loveridgei,AmphibiaWeb
Myersiohyla neblinaria,Myersiohyla neblinaria,AmphibiaWeb
Myobatrachus gouldii,Myobatrachus gouldii,AmphibiaWeb
Mysticellus franki,Mysticellus franki,AmphibiaWeb
Nannophryne apolobambica,Nannophryne apolobambica,AmphibiaWeb
Nannophryne cophotis,Nannophryne cophotis,AmphibiaWeb
Nannophryne corynetes,Nannophryne corynetes,AmphibiaWeb
Nannophryne variegata,Nannophryne variegata,AmphibiaWeb
Nannophrys ceylonensis,Nannophrys ceylonensis,AmphibiaWeb
Nannophrys guentheri,Nannophrys guentheri,AmphibiaWeb
Nannophrys marmorata,Nannophrys marmorata,AmphibiaWeb
Nannophrys naeyakai,Nannophrys naeyakai,AmphibiaWeb
Nanohyla albopunctata,Nanohyla albopunctata,AmphibiaWeb
Nanorana aenea,Nanorana aenea,AmphibiaWeb
Nanorana annandalii,Nanorana annandalii,AmphibiaWeb
Nanorana arnoldi,Nanorana arnoldi,AmphibiaWeb
Nanorana arunachalensis,Nanorana arunachalensis,AmphibiaWeb
Nanorana bangdaensis,Nanorana bangdaensis,AmphibiaWeb
Nanorana blanfordii,Nanorana blanfordii,AmphibiaWeb
Nanorana chayuensis,Nanorana chayuensis,AmphibiaWeb
Nanorana conaensis,Nanorana conaensis,AmphibiaWeb
Nanorana ercepeae,Nanorana ercepeae,AmphibiaWeb
Nanorana exilispinosa,Quasipaa exilispinosa,AmphibiaWeb
Nanorana fasciculispina,Quasipaa fasciculispina,AmphibiaWeb
Nanorana feae,Nanorana feae,AmphibiaWeb
Nanorana gammeii,Nanorana gammii,AmphibiaWeb
Nanorana gammii,Nanorana gammii,AmphibiaWeb
Nanorana hazarensis,Allopaa hazarensis,AmphibiaWeb
Nanorana huangi,Nanorana huangi,AmphibiaWeb
Nanorana jiulongensis,Quasipaa jiulongensis,AmphibiaWeb
Nanorana kangxianensis,Nanorana kangxianensis,AmphibiaWeb
Nanorana laojunshanensis,Nanorana laojunshanensis,AmphibiaWeb
Nanorana liebigii,Nanorana liebigii,AmphibiaWeb
Nanorana maculosa,Nanorana maculosa,AmphibiaWeb
Nanorana medogensis,Nanorana medogensis,AmphibiaWeb
Nanorana minica,Nanorana minica,AmphibiaWeb
Nanorana mokokchungensis,Nanorana mokokchungensis,AmphibiaWeb
Nanorana ouyangorum,Nanorana ouyangorum,AmphibiaWeb
Nanorana parkeri,Nanorana parkeri,AmphibiaWeb
Nanorana phrynoides,Nanorana phrynoides,AmphibiaWeb
Nanorana pleskei,Nanorana pleskei,AmphibiaWeb
Nanorana polunini,Nanorana polunini,AmphibiaWeb
Nanorana quadranus,Nanorana quadranus,AmphibiaWeb
Nanorana rarica,Nanorana rarica,AmphibiaWeb
Nanorana rostandi,Nanorana rostandi,AmphibiaWeb
Nanorana shini,Quasipaa shini,AmphibiaWeb
Nanorana sichuanensis,Nanorana sichuanensis,AmphibiaWeb
Nanorana sternosignata,Chrysopaa sternosignata,AmphibiaWeb
Nanorana taihangnica,Nanorana taihangnica,AmphibiaWeb
Nanorana unculuanus,Nanorana unculuanus,AmphibiaWeb
Nanorana ventripunctata,Nanorana ventripunctata,AmphibiaWeb
Nanorana vicina,Nanorana vicina,AmphibiaWeb
Nanorana wenshanensis,Nanorana wenshanensis,AmphibiaWeb
Nanorana xuelinensis,Nanorana xuelinensis,AmphibiaWeb
Nanorana yei,Quasipaa yei,AmphibiaWeb
Nanorana yunnanensis,Nanorana yunnanensis,AmphibiaWeb
Nanorana zhaoermii,Nanorana zhaoermii,AmphibiaWeb
Nanorana zhaotongensis,Nanorana zhaotongensis,AmphibiaWeb
Nasikabatrachus bhupathi,Nasikabatrachus bhupathi,AmphibiaWeb
Nasikabatrachus sahyadrensis,Nasikabatrachus sahyadrensis,AmphibiaWeb
Nasutibatrachus mareku,Nasutibatrachus mareku,AmphibiaWeb
Nasutibatrachus mucro,Nasutibatrachus mucro,AmphibiaWeb
Nasutibatrachus pinocchio,Nasutibatrachus pinocchio,AmphibiaWeb
Nasutibatrachus pronimius,Nasutibatrachus pronimius,AmphibiaWeb
Nasutibatrachus vivissimia,Nasutibatrachus vivissimia,AmphibiaWeb
Nasutixalus jerdonii,Nasutixalus jerdonii,AmphibiaWeb
Nasutixalus medogensis,Nasutixalus medogensis,AmphibiaWeb
Nasutixalus yingjiangensis,Nasutixalus yingjiangensis,AmphibiaWeb
Natalobatrachus bonebergi,Natalobatrachus bonebergi,AmphibiaWeb
Neblinaphryne imeri,Neblinaphryne imeri,AmphibiaWeb
Neblinaphryne mayeri,Neblinaphryne mayeri,AmphibiaWeb
Nectocaecilia petersii,Nectocaecilia petersii,AmphibiaWeb
Nectophryne afra,Nectophryne afra,AmphibiaWeb
Nectophryne altitudinis,Ansonia fuliginea,AmphibiaWeb
Nectophryne batesii,Nectophryne batesii,AmphibiaWeb
Nectophryne maculata,Sabahphrynus maculatus,AmphibiaWeb
Nectophrynoides asperginis,Nectophrynoides asperginis,AmphibiaWeb
Nectophrynoides cryptus,Nectophrynoides cryptus,AmphibiaWeb
Nectophrynoides frontierei,Nectophrynoides frontierei,AmphibiaWeb
Nectophrynoides laevis,Nectophrynoides laevis,AmphibiaWeb
Nectophrynoides laticeps,Nectophrynoides laticeps,AmphibiaWeb
Nectophrynoides luhomeroensis,Nectophrynoides luhomeroensis,AmphibiaWeb
Nectophrynoides minutus,Nectophrynoides minutus,AmphibiaWeb
Nectophrynoides occidentalis,Nimbaphrynoides occidentalis,AmphibiaWeb
Nectophrynoides paulae,Nectophrynoides paulae,AmphibiaWeb
Nectophrynoides poyntoni,Nectophrynoides poyntoni,AmphibiaWeb
Nectophrynoides pseudotornieri,Nectophrynoides pseudotornieri,AmphibiaWeb
Nectophrynoides saliensis,Nectophrynoides saliensis,AmphibiaWeb
Nectophrynoides tornieri,Nectophrynoides tornieri,AmphibiaWeb
Nectophrynoides uhehe,Nectophrynoides uhehe,AmphibiaWeb
Nectophrynoides vestergaardi,Nectophrynoides vestergaardi,AmphibiaWeb
Nectophrynoides viviparus,Nectophrynoides viviparus,AmphibiaWeb
Nectophrynoides wendyae,Nectophrynoides wendyae,AmphibiaWeb
Necturus alabamensis,Necturus alabamensis,AmphibiaWeb
Necturus beyeri,Necturus beyeri,AmphibiaWeb
Necturus lewisi,Necturus lewisi,AmphibiaWeb
Necturus lodingi,Necturus alabamensis,AmphibiaWeb
Necturus maculatus,Necturus maculosus,AmphibiaWeb
Necturus maculosus,Necturus maculosus,AmphibiaWeb
Necturus moleri,Necturus moleri,AmphibiaWeb
Necturus mounti,Necturus mounti,AmphibiaWeb
Necturus punctatus,Necturus punctatus,AmphibiaWeb
Neobatrachus albipes,Neobatrachus albipes,AmphibiaWeb
Neobatrachus aquilonius,Neobatrachus aquilonius,AmphibiaWeb
Neobatrachus centralis,Neobatrachus sudellae,AmphibiaWeb
Neobatrachus fulvus,Neobatrachus fulvus,AmphibiaWeb
Neobatrachus kunapalari,Neobatrachus kunapalari,AmphibiaWeb
Neobatrachus pelobatoides,Neobatrachus pelobatoides,AmphibiaWeb
Neobatrachus pictus,Neobatrachus pictus,AmphibiaWeb
Neobatrachus sudellae,Neobatrachus sudellae,AmphibiaWeb
Neobatrachus sudelli,Neobatrachus sudellae,AmphibiaWeb
Neobatrachus sutor,Neobatrachus sutor,AmphibiaWeb
Neobatrachus wilsmorei,Neobatrachus wilsmorei,AmphibiaWeb
Nephelobates alboguttatus,Aromobates alboguttatus,AmphibiaWeb
Nephelobates duranti,Aromobates duranti,AmphibiaWeb
Nephelobates haydeeae,Aromobates haydeeae,AmphibiaWeb
Nephelobates mayorgai,Aromobates mayorgai,AmphibiaWeb
Nephelobates meridensis,Aromobates meridensis,AmphibiaWeb
Nephelobates molinarii,Aromobates molinarii,AmphibiaWeb
Nephelobates orostoma,Aromobates orostoma,AmphibiaWeb
Nephelobates serranus,Aromobates serranus,AmphibiaWeb
Nesionixalus molleri,Hyperolius molleri,AmphibiaWeb
Nesionixalus thomensis,Hyperolius thomensis,AmphibiaWeb
Nesomantis thomasseti,Sooglossus thomasseti,AmphibiaWeb
Nesorohyla kanaima,Nesorohyla kanaima,AmphibiaWeb
Neurergus barani,Neurergus barani,AmphibiaWeb
Neurergus crocatus,Neurergus crocatus,AmphibiaWeb
Neurergus derjugini,Neurergus derjugini,AmphibiaWeb
Neurergus kaiseri,Neurergus kaiseri,AmphibiaWeb
Neurergus microspilotus,Neurergus derjugini,AmphibiaWeb
Neurergus perstriatus,Notophthalmus perstriatus,AmphibiaWeb
Neurergus strauchii,Neurergus strauchii,AmphibiaWeb
Neurergus viridescens,Notophthalmus viridescens,AmphibiaWeb
Niceforonia adenobrachia,Niceforonia adenobrachia,AmphibiaWeb
Niceforonia aderca,Niceforonia aderca,AmphibiaWeb
Niceforonia araiodactyla,Niceforonia araiodactyla,AmphibiaWeb
Niceforonia babax,Niceforonia babax,AmphibiaWeb
Niceforonia brunnea,Niceforonia brunnea,AmphibiaWeb
Niceforonia columbiana,Niceforonia columbiana,AmphibiaWeb
Niceforonia dolops,Niceforonia philippi,AmphibiaWeb
Niceforonia dracula,Niceforonia dracula,AmphibiaWeb
Niceforonia elassodisca,Niceforonia elassodisca,AmphibiaWeb
Niceforonia fallaciosa,Niceforonia fallaciosa,AmphibiaWeb
Niceforonia latens,Niceforonia latens,AmphibiaWeb
Niceforonia lucida,Niceforonia lucida,AmphibiaWeb
Niceforonia mantipa,Niceforonia mantipa,AmphibiaWeb
Niceforonia montia,Phrynopus montium,AmphibiaWeb
Niceforonia nana,Niceforonia nana,AmphibiaWeb
Niceforonia nigrovittata,Niceforonia nigrovittata,AmphibiaWeb
Niceforonia peraccai,Niceforonia peraccai,AmphibiaWeb
Niceforonia philippi,Niceforonia philippi,AmphibiaWeb
Niceforonia quilloturo,Niceforonia quilloturo,AmphibiaWeb
Nidirana adenopleura,Nidirana adenopleura,AmphibiaWeb
Nidirana cangshanensis,Nidirana cangshanensis,AmphibiaWeb
Nidirana chapaensis,Nidirana chapaensis,AmphibiaWeb
Nidirana chongqingensis,Nidirana chongqingensis,AmphibiaWeb
Nidirana daunchina,Nidirana daunchina,AmphibiaWeb
Nidirana guangdongensis,Nidirana guangdongensis,AmphibiaWeb
Nidirana guibeiensis,Nidirana guibeiensis,AmphibiaWeb
Nidirana hainanensis,Nidirana hainanensis,AmphibiaWeb
Nidirana leishanensis,Nidirana leishanensis,AmphibiaWeb
Nidirana lini,Nidirana lini,AmphibiaWeb
Nidirana mangveni,Nidirana mangveni,AmphibiaWeb
Nidirana nankunensis,Nidirana nankunensis,AmphibiaWeb
Nidirana noadihing,Nidirana noadihing,AmphibiaWeb
Nidirana occidentalis,Nidirana occidentalis,AmphibiaWeb
Nidirana okinavana,Nidirana okinavana,AmphibiaWeb
Nidirana pleuraden,Nidirana pleuraden,AmphibiaWeb
Nidirana shiwandashanensis,Nidirana shiwandashanensis,AmphibiaWeb
Nidirana shyhhuangi,Nidirana shyhhuangi,AmphibiaWeb
Nidirana xiangica,Nidirana xiangica,AmphibiaWeb
Nidirana yaoica,Nidirana yaoica,AmphibiaWeb
Nidirana yeae,Nidirana yeae,AmphibiaWeb
Nimbaphrynoides liberiensis,Nimbaphrynoides occidentalis,AmphibiaWeb
Nimbaphrynoides occidentalis,Nimbaphrynoides occidentalis,AmphibiaWeb
Noblella bagrecito,Noblella bagrecito,AmphibiaWeb
Noblella bilineata,Bahius bilineatus,AmphibiaWeb
Noblella carrascoicola,Noblella carrascoicola,AmphibiaWeb
Noblella chirihampatu,Noblella chirihampatu,AmphibiaWeb
Noblella coloma,Phyllonastes coloma,AmphibiaWeb
Noblella duellmani,Noblella duellmani,AmphibiaWeb
Noblella glauca,Noblella glauca,AmphibiaWeb
Noblella heyeri,Phyllonastes heyeri,AmphibiaWeb
Noblella lochites,Phyllonastes lochites,AmphibiaWeb
Noblella losamigos,Noblella losamigos,AmphibiaWeb
Noblella lynchi,Phyllonastes lynchi,AmphibiaWeb
Noblella madreselva,Noblella madreselva,AmphibiaWeb
Noblella myrmecoides,Phyllonastes myrmecoides,AmphibiaWeb
Noblella peruviana,Noblella peruviana,AmphibiaWeb
Noblella pygmaea,Noblella pygmaea,AmphibiaWeb
Noblella ritarasquinae,Noblella ritarasquinae,AmphibiaWeb
Noblella thiuni,Noblella thiuni,AmphibiaWeb
Noblella usurpator,Noblella usurpator,AmphibiaWeb
Noblella vilcabambensis,Noblella vilcabambensis,AmphibiaWeb
Notaden bennettii,Notaden bennettii,AmphibiaWeb
Notaden melanoscaphus,Notaden melanoscaphus,AmphibiaWeb
Notaden nichollsi,Notaden nichollsi,AmphibiaWeb
Notaden weigeli,Notaden weigeli,AmphibiaWeb
Nothophryne baylissi,Nothophryne baylissi,AmphibiaWeb
Nothophryne broadleyi,Nothophryne broadleyi,AmphibiaWeb
Nothophryne inagoensis,Nothophryne inagoensis,AmphibiaWeb
Nothophryne ribauensis,Nothophryne ribauensis,AmphibiaWeb
Nothophryne unilurio,Nothophryne unilurio,AmphibiaWeb
Notophthalmus meridionalis,Notophthalmus meridionalis,AmphibiaWeb
Notophthalmus perstriatus,Notophthalmus perstriatus,AmphibiaWeb
Notophthalmus viridescens,Notophthalmus viridescens,AmphibiaWeb
Nototheca fissilis,Fritziana fissilis,AmphibiaWeb
Nototheca pygmaeum,Flectonotus pygmaeus,AmphibiaWeb
Nototrema cornutum,Gastrotheca cornuta,AmphibiaWeb
Nototrema testudineum,Gastrotheca testudinea,AmphibiaWeb
Nototrema viviparum,Gastrotheca testudinea,AmphibiaWeb
Nototriton abscondens,Nototriton abscondens,AmphibiaWeb
Nototriton adelos,Thorius adelos,AmphibiaWeb
Nototriton alvarezdeltoroi,Cryptotriton alvarezdeltoroi,AmphibiaWeb
Nototriton barbouri,Nototriton barbouri,AmphibiaWeb
Nototriton brodiei,Nototriton brodiei,AmphibiaWeb
Nototriton costaricense,Nototriton costaricense,AmphibiaWeb
Nototriton gamezi,Nototriton gamezi,AmphibiaWeb
Nototriton guanacaste,Nototriton guanacaste,AmphibiaWeb
Nototriton kenorum,Nototriton kenorum,AmphibiaWeb
Nototriton lateomuscus,Nototriton lateomuscus,AmphibiaWeb
Nototriton lignicola,Nototriton lignicola,AmphibiaWeb
Nototriton limnospectator,Nototriton limnospectator,AmphibiaWeb
Nototriton major,Nototriton picadoi,AmphibiaWeb
Nototriton matama,Nototriton picadoi,AmphibiaWeb
Nototriton maximo,Nototriton maximo,AmphibiaWeb
Nototriton mime,Nototriton mime,AmphibiaWeb
Nototriton nasalis,Cryptotriton nasalis,AmphibiaWeb
Nototriton nelsoni,Nototriton nelsoni,AmphibiaWeb
Nototriton oreadorum,Nototriton oreadorum,AmphibiaWeb
Nototriton picadoi,Nototriton picadoi,AmphibiaWeb
Nototriton picucha,Nototriton picucha,AmphibiaWeb
Nototriton richardi,Nototriton richardi,AmphibiaWeb
Nototriton saslaya,Nototriton saslaya,AmphibiaWeb
Nototriton stuarti,Nototriton stuarti,AmphibiaWeb
Nototriton tapanti,Nototriton tapanti,AmphibiaWeb
Nototriton tomamorum,Nototriton tomamorum,AmphibiaWeb
Nototriton vereh,Nototriton vereh,AmphibiaWeb
Nototriton wakei,Cryptotriton nasalis,AmphibiaWeb
Nyctanolis pernix,Nyctanolis pernix,AmphibiaWeb
Nyctibates corrugatus,Nyctibates corrugatus,AmphibiaWeb
Nyctibatrachus acanthodermis,Nyctibatrachus acanthodermis,AmphibiaWeb
Nyctibatrachus aliciae,Nyctibatrachus aliciae,AmphibiaWeb
Nyctibatrachus anamallaiensis,Nyctibatrachus anamallaiensis,AmphibiaWeb
Nyctibatrachus athirappillyensis,Nyctibatrachus athirappillyensis,AmphibiaWeb
Nyctibatrachus beddomii,Nyctibatrachus beddomii,AmphibiaWeb
Nyctibatrachus danieli,Nyctibatrachus danieli,AmphibiaWeb
Nyctibatrachus dattatreyaensis,Nyctibatrachus dattatreyaensis,AmphibiaWeb
Nyctibatrachus deccanensis,Nyctibatrachus deccanensis,AmphibiaWeb
Nyctibatrachus deveni,Nyctibatrachus aliciae,AmphibiaWeb
Nyctibatrachus gavi,Nyctibatrachus gavi,AmphibiaWeb
Nyctibatrachus grandis,Nyctibatrachus grandis,AmphibiaWeb
Nyctibatrachus humayuni,Nyctibatrachus humayuni,AmphibiaWeb
Nyctibatrachus hussaini,Nyctibatrachus karnatakaensis,AmphibiaWeb
Nyctibatrachus indraneili,Nyctibatrachus indraneili,AmphibiaWeb
Nyctibatrachus jog,Nyctibatrachus jog,AmphibiaWeb
Nyctibatrachus kali,Nyctibatrachus kali,AmphibiaWeb
Nyctibatrachus karnatakaensis,Nyctibatrachus karnatakaensis,AmphibiaWeb
Nyctibatrachus kempholeyensis,Nyctibatrachus kempholeyensis,AmphibiaWeb
Nyctibatrachus kumbara,Nyctibatrachus kumbara,AmphibiaWeb
Nyctibatrachus major,Nyctibatrachus major,AmphibiaWeb
Nyctibatrachus manalari,Nyctibatrachus manalari,AmphibiaWeb
Nyctibatrachus mewasinghi,Nyctibatrachus mewasinghi,AmphibiaWeb
Nyctibatrachus minimus,Nyctibatrachus minimus,AmphibiaWeb
Nyctibatrachus minor,Nyctibatrachus minor,AmphibiaWeb
Nyctibatrachus periyar,Nyctibatrachus aliciae,AmphibiaWeb
Nyctibatrachus petraeus,Nyctibatrachus petraeus,AmphibiaWeb
Nyctibatrachus poocha,Nyctibatrachus poocha,AmphibiaWeb
Nyctibatrachus pulivijayani,Nyctibatrachus pulivijayani,AmphibiaWeb
Nyctibatrachus radcliffei,Nyctibatrachus radcliffei,AmphibiaWeb
Nyctibatrachus robinmoorei,Nyctibatrachus robinmoorei,AmphibiaWeb
Nyctibatrachus sabarimalai,Nyctibatrachus sabarimalai,AmphibiaWeb
Nyctibatrachus sanctipalustris,Nyctibatrachus sanctipalustris,AmphibiaWeb
Nyctibatrachus shiradi,Nyctibatrachus shiradi,AmphibiaWeb
Nyctibatrachus sylvaticus,Nyctibatrachus sylvaticus,AmphibiaWeb
Nyctibatrachus tunga,Nyctibatrachus tunga,AmphibiaWeb
Nyctibatrachus vasanthi,Nyctibatrachus vasanthi,AmphibiaWeb
Nyctibatrachus vrijeuni,Nyctibatrachus vrijeuni,AmphibiaWeb
Nyctibatrachus webilla,Nyctibatrachus webilla,AmphibiaWeb
Nyctimantis diadorim,Nyctimantis diadorim,AmphibiaWeb
Nyctimantis galeata,Nyctimantis galeata,AmphibiaWeb
Nyctimantis rugiceps,Nyctimantis rugiceps,AmphibiaWeb
Nyctimystes avocalis,Nyctimystes avocalis,AmphibiaWeb
Nyctimystes bivocalis,Nyctimystes bivocalis,AmphibiaWeb
Nyctimystes calcaratus,Nyctimystes calcaratus,AmphibiaWeb
Nyctimystes cheesmanae,Nyctimystes cheesmani,AmphibiaWeb
Nyctimystes cheesmani,Nyctimystes cheesmani,AmphibiaWeb
Nyctimystes cryptochrysos,Nyctimystes cryptochrysos,AmphibiaWeb
Nyctimystes daymani,Nyctimystes daymani,AmphibiaWeb
Nyctimystes disrupta,Nyctimystes disruptus,AmphibiaWeb
Nyctimystes disruptus,Nyctimystes disruptus,AmphibiaWeb
Nyctimystes eucavatus,Nyctimystes eucavatus,AmphibiaWeb
Nyctimystes fluviatilis,Nyctimystes fluviatilis,AmphibiaWeb
Nyctimystes foricula,Nyctimystes foricula,AmphibiaWeb
Nyctimystes granti,Nyctimystes granti,AmphibiaWeb
Nyctimystes gularis,Nyctimystes gularis,AmphibiaWeb
Nyctimystes hanwara,Nyctimystes hanwara,AmphibiaWeb
Nyctimystes humeralis,Nyctimystes humeralis,AmphibiaWeb
Nyctimystes infrafrenatus,Sandyrana infrafrenata,AmphibiaWeb
Nyctimystes intercastellus,Nyctimystes intercastellus,AmphibiaWeb
Nyctimystes kubori,Nyctimystes kubori,AmphibiaWeb
Nyctimystes kuduki,Nyctimystes kuduki,AmphibiaWeb
Nyctimystes latratus,Nyctimystes latratus,AmphibiaWeb
Nyctimystes michaeltyleri,Nyctimystes tyleri,AmphibiaWeb
Nyctimystes montana,Nyctimystes cheesmani,AmphibiaWeb
Nyctimystes montanus,Nyctimystes montanus,AmphibiaWeb
Nyctimystes myolae,Nyctimystes myolae,AmphibiaWeb
Nyctimystes narinosa,Nyctimystes narinosus,AmphibiaWeb
Nyctimystes narinosus,Nyctimystes narinosus,AmphibiaWeb
Nyctimystes obsoletus,Nyctimystes obsoletus,AmphibiaWeb
Nyctimystes ocreptus,Nyctimystes ocreptus,AmphibiaWeb
Nyctimystes oktediensis,Nyctimystes disruptus,AmphibiaWeb
Nyctimystes papua,Nyctimystes papua,AmphibiaWeb
Nyctimystes perimetri,Nyctimystes perimetri,AmphibiaWeb
Nyctimystes persimilis,Nyctimystes persimilis,AmphibiaWeb
Nyctimystes pulcher,Nyctimystes pulcher,AmphibiaWeb
Nyctimystes rueppelli,Colleeneremia rueppelli,AmphibiaWeb
Nyctimystes semipalmata,Nyctimystes semipalmatus,AmphibiaWeb
Nyctimystes semipalmatus,Nyctimystes semipalmatus,AmphibiaWeb
Nyctimystes trachydermis,Nyctimystes trachydermis,AmphibiaWeb
Nyctimystes traunae,Nyctimystes traunae,AmphibiaWeb
Nyctimystes tyleri,Nyctimystes tyleri,AmphibiaWeb
Nyctimystes zweifeli,Nyctimystes zweifeli,AmphibiaWeb
Nyctixalus crypticus,Nyctixalus crypticus,AmphibiaWeb
Nyctixalus margaritifer,Nyctixalus margaritifer,AmphibiaWeb
Nyctixalus moloch,Theloderma moloch,AmphibiaWeb
Nyctixalus pictum,Nyctixalus pictus,AmphibiaWeb
Nyctixalus pictus,Nyctixalus pictus,AmphibiaWeb
Nyctixalus spinosum,Nyctixalus spinosum,AmphibiaWeb
Nyctixalus spinosus,Nyctixalus spinosum,AmphibiaWeb
Nymphargus anomalus,Nymphargus anomalus,AmphibiaWeb
Nymphargus armatus,Nymphargus armatus,AmphibiaWeb
Nymphargus balionotus,Nymphargus balionotus,AmphibiaWeb
Nymphargus bejaranoi,Nymphargus bejaranoi,AmphibiaWeb
Nymphargus buenaventura,Nymphargus buenaventura,AmphibiaWeb
Nymphargus cariticommatus,Nymphargus cariticommatus,AmphibiaWeb
Nymphargus caucanus,Nymphargus caucanus,AmphibiaWeb
Nymphargus chami,Nymphargus chami,AmphibiaWeb
Nymphargus chancas,Nymphargus chancas,AmphibiaWeb
Nymphargus cochranae,Nymphargus cochranae,AmphibiaWeb
Nymphargus colomai,Nymphargus colomai,AmphibiaWeb
Nymphargus cristinae,Nymphargus cristinae,AmphibiaWeb
Nymphargus dajomesae,Nymphargus dajomesae,AmphibiaWeb
Nymphargus garciae,Nymphargus garciae,AmphibiaWeb
Nymphargus grandisonae,Nymphargus grandisonae,AmphibiaWeb
Nymphargus griffithsi,Nymphargus griffithsi,AmphibiaWeb
Nymphargus humboldti,Nymphargus humboldti,AmphibiaWeb
Nymphargus ignotus,Nymphargus ignotus,AmphibiaWeb
Nymphargus lasgralarias,Nymphargus lasgralarias,AmphibiaWeb
Nymphargus laurae,Nymphargus laurae,AmphibiaWeb
Nymphargus lindae,Nymphargus lindae,AmphibiaWeb
Nymphargus luminosus,Nymphargus luminosus,AmphibiaWeb
Nymphargus luteopunctatus,Nymphargus luteopunctatus,AmphibiaWeb
Nymphargus manduriacu,Nymphargus manduriacu,AmphibiaWeb
Nymphargus mariae,Nymphargus mariae,AmphibiaWeb
Nymphargus megacheirus,Nymphargus megacheirus,AmphibiaWeb
Nymphargus megistus,Nymphargus megistus,AmphibiaWeb
Nymphargus mixomaculatus,Nymphargus mixomaculatus,AmphibiaWeb
Nymphargus nephelophila,Nymphargus nephelophila,AmphibiaWeb
Nymphargus ocellatus,Nymphargus ocellatus,AmphibiaWeb
Nymphargus oreonympha,Nymphargus oreonympha,AmphibiaWeb
Nymphargus phenax,Nymphargus phenax,AmphibiaWeb
Nymphargus pijao,Nymphargus pijao,AmphibiaWeb
Nymphargus pluvialis,Nymphargus pluvialis,AmphibiaWeb
Nymphargus posadae,Nymphargus posadae,AmphibiaWeb
Nymphargus prasinus,Nymphargus prasinus,AmphibiaWeb
Nymphargus puyoensis,Nymphargus mariae,AmphibiaWeb
Nymphargus rosada,Nymphargus rosada,AmphibiaWeb
Nymphargus ruizi,Nymphargus ruizi,AmphibiaWeb
Nymphargus siren,Nymphargus siren,AmphibiaWeb
Nymphargus spilotus,Nymphargus spilotus,AmphibiaWeb
Nymphargus sucre,Nymphargus sucre,AmphibiaWeb
Nymphargus truebae,Nymphargus truebae,AmphibiaWeb
Nymphargus vicenteruedai,Nymphargus vicenteruedai,AmphibiaWeb
Nymphargus viglei,Nymphargus viglei,AmphibiaWeb
Nymphargus wileyi,Nymphargus wileyi,AmphibiaWeb
Occidozyga baluensis,Phrynoglossus baluensis,AmphibiaWeb
Occidozyga berbeza,Occidozyga berbeza,AmphibiaWeb
Occidozyga celebensis,Phrynoglossus celebensis,AmphibiaWeb
Occidozyga diminutiva,Phrynoglossus diminutivus,AmphibiaWeb
Occidozyga diminutivus,Phrynoglossus diminutivus,AmphibiaWeb
Occidozyga floresiana,Phrynoglossus floresianus,AmphibiaWeb
Occidozyga floresianus,Phrynoglossus floresianus,AmphibiaWeb
Occidozyga laevis,Phrynoglossus laevis,AmphibiaWeb
Occidozyga lima,Occidozyga lima,AmphibiaWeb
Occidozyga lingnanica,Occidozyga lingnanica,AmphibiaWeb
Occidozyga magnapustulosa,Phrynoglossus magnapustulosus,AmphibiaWeb
Occidozyga magnapustulosus,Phrynoglossus magnapustulosus,AmphibiaWeb
Occidozyga martensii,Phrynoglossus martensii,AmphibiaWeb
Occidozyga nishikawai,Occidozyga nishikawai,AmphibiaWeb
Occidozyga obscura,Occidozyga obscura,AmphibiaWeb
Occidozyga rhacoda,Limnonectes rhacodus,AmphibiaWeb
Occidozyga semipalmata,Phrynoglossus semipalmatus,AmphibiaWeb
Occidozyga semipalmatus,Phrynoglossus semipalmatus,AmphibiaWeb
Occidozyga sumatrana,Phrynoglossus sumatranus,AmphibiaWeb
Occidozyga tompotika,Occidozyga tompotika,AmphibiaWeb
Occidozyga vittata,Phrynoglossus martensii,AmphibiaWeb
Odontobatrachus arndti,Odontobatrachus arndti,AmphibiaWeb
Odontobatrachus fouta,Odontobatrachus fouta,AmphibiaWeb
Odontobatrachus natator,Odontobatrachus natator,AmphibiaWeb
Odontobatrachus smithi,Odontobatrachus smithi,AmphibiaWeb
Odontobatrachus ziama,Odontobatrachus ziama,AmphibiaWeb
Odontophrynus americanus,Odontophrynus americanus,AmphibiaWeb
Odontophrynus asper,Odontophrynus asper,AmphibiaWeb
Odontophrynus carvalhoi,Odontophrynus carvalhoi,AmphibiaWeb
Odontophrynus cordobae,Odontophrynus cordobae,AmphibiaWeb
Odontophrynus cultripes,Odontophrynus cultripes,AmphibiaWeb
Odontophrynus juquinha,Odontophrynus juquinha,AmphibiaWeb
Odontophrynus lavillai,Odontophrynus lavillai,AmphibiaWeb
Odontophrynus maisuma,Odontophrynus maisuma,AmphibiaWeb
Odontophrynus monachus,Odontophrynus monachus,AmphibiaWeb
Odontophrynus occidentalis,Odontophrynus americanus,AmphibiaWeb
Odontophrynus reigi,Odontophrynus reigi,AmphibiaWeb
Odontophrynus salvatori,Proceratophrys salvatori,AmphibiaWeb
Odontophrynus toledoi,Odontophrynus toledoi,AmphibiaWeb
Odorrana absita,Odorrana absita,AmphibiaWeb
Odorrana amamiensis,Odorrana amamiensis,AmphibiaWeb
Odorrana andersonii,Odorrana andersonii,AmphibiaWeb
Odorrana anlungensis,Odorrana anlungensis,AmphibiaWeb
Odorrana aureola,Odorrana aureola,AmphibiaWeb
Odorrana bacboensis,Odorrana bacboensis,AmphibiaWeb
Odorrana banaorum,Odorrana banaorum,AmphibiaWeb
Odorrana bolavensis,Odorrana bolavensis,AmphibiaWeb
Odorrana calciphila,Odorrana calciphila,AmphibiaWeb
Odorrana cangyuanensis,Odorrana cangyuanensis,AmphibiaWeb
Odorrana chapaensis,Odorrana chapaensis,AmphibiaWeb
Odorrana concelata,Odorrana concelata,AmphibiaWeb
Odorrana confusa,Odorrana confusa,AmphibiaWeb
Odorrana damingshanensis,Odorrana damingshanensis,AmphibiaWeb
Odorrana daorum,Amolops daorum,AmphibiaWeb
Odorrana dulongensis,Odorrana dulongensis,AmphibiaWeb
Odorrana exiliversabilis,Odorrana exiliversabilis,AmphibiaWeb
Odorrana feii,Odorrana feii,AmphibiaWeb
Odorrana fengkaiensis,Odorrana fengkaiensis,AmphibiaWeb
Odorrana geminata,Odorrana geminata,AmphibiaWeb
Odorrana gigatympana,Odorrana gigatympana,AmphibiaWeb
Odorrana grahami,Odorrana grahami,AmphibiaWeb
Odorrana graminea,Odorrana graminea,AmphibiaWeb
Odorrana hainanensis,Odorrana hainanensis,AmphibiaWeb
Odorrana heatwolei,Odorrana heatwolei,AmphibiaWeb
Odorrana hejiangensis,Odorrana hejiangensis,AmphibiaWeb
Odorrana hosii,Odorrana hosii,AmphibiaWeb
Odorrana huanggangensis,Odorrana huanggangensis,AmphibiaWeb
Odorrana ichangensis,Odorrana ichangensis,AmphibiaWeb
Odorrana indeprensa,Odorrana indeprensa,AmphibiaWeb
Odorrana ishikawae,Odorrana ishikawae,AmphibiaWeb
Odorrana jingdongensis,Odorrana jingdongensis,AmphibiaWeb
Odorrana junlianensis,Odorrana junlianensis,AmphibiaWeb
Odorrana khalam,Odorrana khalam,AmphibiaWeb
Odorrana kuangwuensis,Odorrana kuangwuensis,AmphibiaWeb
Odorrana kweichowensis,Odorrana kweichowensis,AmphibiaWeb
Odorrana leishanensis,Odorrana leishanensis,AmphibiaWeb
Odorrana leporipes,Odorrana leporipes,AmphibiaWeb
Odorrana liboensis,Odorrana liboensis,AmphibiaWeb
Odorrana lipuensis,Odorrana lipuensis,AmphibiaWeb
Odorrana livida,Odorrana livida,AmphibiaWeb
Odorrana lungshengensis,Odorrana lungshengensis,AmphibiaWeb
Odorrana macrotympana,Odorrana macrotympana,AmphibiaWeb
Odorrana margaretae,Odorrana margaretae,AmphibiaWeb
Odorrana mawphlangensis,Odorrana mawphlangensis,AmphibiaWeb
Odorrana melasma,Wijayarana melasma,AmphibiaWeb
Odorrana monjerai,Odorrana monjerai,AmphibiaWeb
Odorrana morafkai,Odorrana morafkai,AmphibiaWeb
Odorrana mutschmanni,Odorrana mutschmanni,AmphibiaWeb
Odorrana nagao,Odorrana nagao,AmphibiaWeb
Odorrana nanjiangensis,Odorrana nanjiangensis,AmphibiaWeb
Odorrana narina,Odorrana narina,AmphibiaWeb
Odorrana nasica,Odorrana nasica,AmphibiaWeb
Odorrana nasuta,Odorrana nasuta,AmphibiaWeb
Odorrana orba,Odorrana orba,AmphibiaWeb
Odorrana rotodora,Odorrana chloronota,AmphibiaWeb
Odorrana sangzhiensis,Odorrana sangzhiensis,AmphibiaWeb
Odorrana schmackeri,Odorrana schmackeri,AmphibiaWeb
Odorrana sinica,Odorrana sinica,AmphibiaWeb
Odorrana splendida,Odorrana splendida,AmphibiaWeb
Odorrana sudianensis,Odorrana sudianensis,AmphibiaWeb
Odorrana supranarina,Odorrana supranarina,AmphibiaWeb
Odorrana swinhoana,Odorrana swinhoana,AmphibiaWeb
Odorrana tianmuii,Odorrana tianmuii,AmphibiaWeb
Odorrana tormota,Odorrana tormota,AmphibiaWeb
Odorrana trankieni,Odorrana trankieni,AmphibiaWeb
Odorrana utsunomiyaorum,Odorrana utsunomiyaorum,AmphibiaWeb
Odorrana versabilis,Odorrana versabilis,AmphibiaWeb
Odorrana wuchuanensis,Odorrana wuchuanensis,AmphibiaWeb
Odorrana yangi,Odorrana yangi,AmphibiaWeb
Odorrana yentuensis,Odorrana yentuensis,AmphibiaWeb
Odorrana yizhangensis,Odorrana yizhangensis,AmphibiaWeb
Odorrana zhaoi,Odorrana zhaoi,AmphibiaWeb
Oedipina alfaroi,Oedipina alfaroi,AmphibiaWeb
Oedipina alleni,Oedipina alleni,AmphibiaWeb
Oedipina altura,Oedipina altura,AmphibiaWeb
Oedipina berlini,Oedipina berlini,AmphibiaWeb
Oedipina capitalina,Oedipina capitalina,AmphibiaWeb
Oedipina carablanca,Oedipina carablanca,AmphibiaWeb
Oedipina chortiorum,Oedipina chortiorum,AmphibiaWeb
Oedipina collaris,Oedipina collaris,AmphibiaWeb
Oedipina complex,Oedipina complex,AmphibiaWeb
Oedipina cyclocauda,Oedipina cyclocauda,AmphibiaWeb
Oedipina ecuatoriana,Oedipina ecuatoriana,AmphibiaWeb
Oedipina elongata,Oedipina elongata,AmphibiaWeb
Oedipina fortunensis,Oedipina fortunensis,AmphibiaWeb
Oedipina gephyra,Oedipina gephyra,AmphibiaWeb
Oedipina gracilis,Oedipina gracilis,AmphibiaWeb
Oedipina grandis,Oedipina grandis,AmphibiaWeb
Oedipina ignea,Oedipina ignea,AmphibiaWeb
Oedipina kasios,Oedipina kasios,AmphibiaWeb
Oedipina koehleri,Oedipina koehleri,AmphibiaWeb
Oedipina leptopoda,Oedipina leptopoda,AmphibiaWeb
Oedipina maritima,Oedipina maritima,AmphibiaWeb
Oedipina motaguae,Oedipina motaguae,AmphibiaWeb
Oedipina nica,Oedipina nica,AmphibiaWeb
Oedipina nimaso,Oedipina nimaso,AmphibiaWeb
Oedipina pacificensis,Oedipina pacificensis,AmphibiaWeb
Oedipina parvipes,Oedipina parvipes,AmphibiaWeb
Oedipina paucidentata,Oedipina paucidentata,AmphibiaWeb
Oedipina petiola,Oedipina petiola,AmphibiaWeb
Oedipina poelzi,Oedipina poelzi,AmphibiaWeb
Oedipina pseudouniformis,Oedipina pseudouniformis,AmphibiaWeb
Oedipina quadra,Oedipina quadra,AmphibiaWeb
Oedipina salvadorensis,Oedipina salvadorensis,AmphibiaWeb
Oedipina savagei,Oedipina savagei,AmphibiaWeb
Oedipina stenopodia,Oedipina stenopodia,AmphibiaWeb
Oedipina stuarti,Oedipina stuarti,AmphibiaWeb
Oedipina taylori,Oedipina taylori,AmphibiaWeb
Oedipina tomasi,Oedipina tomasi,AmphibiaWeb
Oedipina tzutujilorum,Oedipina tzutujilorum,AmphibiaWeb
Oedipina uniformis,Oedipina uniformis,AmphibiaWeb
Oedipina villamizariorum,Oedipina villamizariorum,AmphibiaWeb
Oedipus giganteus,Isthmura gigantea,AmphibiaWeb
Oedipus lincolni,Bolitoglossa lincolni,AmphibiaWeb
Oedipus schmidti,Bolitoglossa dofleini,AmphibiaWeb
Ollotis coerulescens,Incilius fastidiosus,AmphibiaWeb
Ololygon agilis,Ololygon agilis,AmphibiaWeb
Ololygon argyreornata,Ololygon argyreornata,AmphibiaWeb
Ololygon belloni,Ololygon belloni,AmphibiaWeb
Ololygon cardosoi,Ololygon cardosoi,AmphibiaWeb
Ololygon catharinae,Ololygon catharinae,AmphibiaWeb
Ololygon feioi,Ololygon feioi,AmphibiaWeb
Ololygon goya,Ololygon goya,AmphibiaWeb
Ololygon paracatu,Ololygon paracatu,AmphibiaWeb
Ololygon perpusilla,Ololygon perpusilla,AmphibiaWeb
Ololygon rubra,Scinax ruber,AmphibiaWeb
Ololygon skuki,Scinax skuki,AmphibiaWeb
Ololygon staufferi,Scinax staufferi,AmphibiaWeb
Ololygon v-signata,Scinax v-signatus,AmphibiaWeb
Ombrana sikimensis,Ombrana sikimensis,AmphibiaWeb
Ommatotriton nesterovi,Ommatotriton nesterovi,AmphibiaWeb
Ommatotriton ophryticus,Ommatotriton ophryticus,AmphibiaWeb
Ommatotriton vittatus,Ommatotriton vittatus,AmphibiaWeb
Oninia senglaubi,Oninia senglaubi,AmphibiaWeb
Onychodactylus fischeri,Onychodactylus fischeri,AmphibiaWeb
Onychodactylus fuscus,Onychodactylus fuscus,AmphibiaWeb
Onychodactylus intermedius,Onychodactylus intermedius,AmphibiaWeb
Onychodactylus japonicus,Onychodactylus japonicus,AmphibiaWeb
Onychodactylus kinneburi,Onychodactylus kinneburi,AmphibiaWeb
Onychodactylus koreanus,Onychodactylus koreanus,AmphibiaWeb
Onychodactylus nipponoborealis,Onychodactylus nipponoborealis,AmphibiaWeb
Onychodactylus pyrrhonotus,Onychodactylus pyrrhonotus,AmphibiaWeb
Onychodactylus sillanus,Onychodactylus sillanus,AmphibiaWeb
Onychodactylus tsukubaensis,Onychodactylus tsukubaensis,AmphibiaWeb
Onychodactylus zhangyapingi,Onychodactylus zhangyapingi,AmphibiaWeb
Onychodactylus zhaoermii,Onychodactylus zhaoermii,AmphibiaWeb
Ooeidozyga semipalmata,Phrynoglossus semipalmatus,AmphibiaWeb
Oophaga anchicayensis,Oophaga anchicayensis,AmphibiaWeb
Oophaga andresi,Oophaga andresi,AmphibiaWeb
Oophaga arborea,Oophaga arborea,AmphibiaWeb
Oophaga granulifera,Oophaga granulifera,AmphibiaWeb
Oophaga histrionica,Oophaga histrionica,AmphibiaWeb
Oophaga lehmanni,Oophaga lehmanni,AmphibiaWeb
Oophaga occultator,Oophaga occultator,AmphibiaWeb
Oophaga pumilio,Oophaga pumilio,AmphibiaWeb
Oophaga solanensis,Oophaga solanensis,AmphibiaWeb
Oophaga speciosa,Oophaga speciosa,AmphibiaWeb
Oophaga sylvatica,Oophaga sylvatica,AmphibiaWeb
Oophaga vicentei,Oophaga vicentei,AmphibiaWeb
Ophryophryne elfina,Ophryophryne elfina,AmphibiaWeb
Ophryophryne gerti,Ophryophryne gerti,AmphibiaWeb
Ophryophryne hansi,Ophryophryne hansi,AmphibiaWeb
Ophryophryne koui,Ophryophryne koui,AmphibiaWeb
Ophryophryne microstoma,Ophryophryne microstoma,AmphibiaWeb
Ophryophryne pachyproctus,Ophryophryne koui,AmphibiaWeb
Ophryophryne synoria,Ophryophryne synoria,AmphibiaWeb
Opisthothylax immaculatus,Opisthothylax immaculatus,AmphibiaWeb
Oreobates amarakaeri,Oreobates amarakaeri,AmphibiaWeb
Oreobates antrum,Oreobates antrum,AmphibiaWeb
Oreobates ayacucho,Oreobates ayacucho,AmphibiaWeb
Oreobates barituensis,Oreobates barituensis,AmphibiaWeb
Oreobates berdemenos,Oreobates berdemenos,AmphibiaWeb
Oreobates chiquitanus,Oreobates chiquitanus,AmphibiaWeb
Oreobates choristolemma,Oreobates choristolemma,AmphibiaWeb
Oreobates colanensis,Oreobates colanensis,AmphibiaWeb
Oreobates crepitans,Oreobates crepitans,AmphibiaWeb
Oreobates cruralis,Oreobates cruralis,AmphibiaWeb
Oreobates discoidalis,Oreobates discoidalis,AmphibiaWeb
Oreobates gemcare,Oreobates gemcare,AmphibiaWeb
Oreobates granulosus,Oreobates granulosus,AmphibiaWeb
Oreobates heterodactylus,Oreobates heterodactylus,AmphibiaWeb
Oreobates ibischi,Oreobates ibischi,AmphibiaWeb
Oreobates lehri,Oreobates lehri,AmphibiaWeb
Oreobates lundbergi,Oreobates lundbergi,AmphibiaWeb
Oreobates machiguenga,Oreobates machiguenga,AmphibiaWeb
Oreobates madidi,Oreobates madidi,AmphibiaWeb
Oreobates pereger,Oreobates pereger,AmphibiaWeb
Oreobates quixensis,Oreobates quixensis,AmphibiaWeb
Oreobates remotus,Oreobates remotus,AmphibiaWeb
Oreobates sanctaecrucis,Oreobates sanctaecrucis,AmphibiaWeb
Oreobates sanderi,Oreobates sanderi,AmphibiaWeb
Oreobates saxatilis,Oreobates saxatilis,AmphibiaWeb
Oreobates shunkusacha,Oreobates shunkusacha,AmphibiaWeb
Oreobates yanucu,Oreobates yanucu,AmphibiaWeb
Oreobates zongoensis,Oreobates zongoensis,AmphibiaWeb
Oreolalax adelphos,Oreolalax adelphos,AmphibiaWeb
Oreolalax chuanbeiensis,Oreolalax chuanbeiensis,AmphibiaWeb
Oreolalax granulosus,Oreolalax granulosus,AmphibiaWeb
Oreolalax jingdongensis,Oreolalax jingdongensis,AmphibiaWeb
Oreolalax liangbeiensis,Oreolalax liangbeiensis,AmphibiaWeb
Oreolalax lichuanensis,Oreolalax lichuanensis,AmphibiaWeb
Oreolalax longmenmontis,Oreolalax longmenmontis,AmphibiaWeb
Oreolalax major,Oreolalax major,AmphibiaWeb
Oreolalax multipunctatus,Oreolalax multipunctatus,AmphibiaWeb
Oreolalax nanjiangensis,Oreolalax nanjiangensis,AmphibiaWeb
Oreolalax omeimontis,Oreolalax omeimontis,AmphibiaWeb
Oreolalax pingii,Oreolalax pingii,AmphibiaWeb
Oreolalax popei,Oreolalax popei,AmphibiaWeb
Oreolalax puxiongensis,Oreolalax puxiongensis,AmphibiaWeb
Oreolalax rhodostigmatus,Oreolalax rhodostigmatus,AmphibiaWeb
Oreolalax rugosus,Oreolalax rugosus,AmphibiaWeb
Oreolalax schmidti,Oreolalax schmidti,AmphibiaWeb
Oreolalax sterlingae,Oreolalax sterlingae,AmphibiaWeb
Oreolalax weigoldi,Oreolalax weigoldi,AmphibiaWeb
Oreolalax xiangchengensis,Oreolalax xiangchengensis,AmphibiaWeb
Oreolalax yanyuanensis,Oreolalax yanyuanensis,AmphibiaWeb
Oreophryne albitympanum,Oreophryne albitympanum,AmphibiaWeb
Oreophryne albomaculata,Oreophryne albomaculata,AmphibiaWeb
Oreophryne albopunctata,Oreophryne albopunctata,AmphibiaWeb
Oreophryne alticola,Oreophryne alticola,AmphibiaWeb
Oreophryne ampelos,Oreophryne ampelos,AmphibiaWeb
Oreophryne anamiatoi,Oreophryne anamiatoi,AmphibiaWeb
Oreophryne anser,Oreophryne anser,AmphibiaWeb
Oreophryne anthonyi,Oreophryne anthonyi,AmphibiaWeb
Oreophryne anulata,Oreophryne anulata,AmphibiaWeb
Oreophryne asplenicola,Oreophryne asplenicola,AmphibiaWeb
Oreophryne atrigularis,Oreophryne atrigularis,AmphibiaWeb
Oreophryne aurora,Oreophryne aurora,AmphibiaWeb
Oreophryne banshee,Oreophryne banshee,AmphibiaWeb
Oreophryne biroi,Oreophryne biroi,AmphibiaWeb
Oreophryne brachypus,Oreophryne brachypus,AmphibiaWeb
Oreophryne brevicrus,Oreophryne brevicrus,AmphibiaWeb
Oreophryne brevirostris,Oreophryne brevirostris,AmphibiaWeb
Oreophryne brunnea,Oreophryne brunnea,AmphibiaWeb
Oreophryne cameroni,Oreophryne cameroni,AmphibiaWeb
Oreophryne celebensis,Oreophryne celebensis,AmphibiaWeb
Oreophryne chlorops,Oreophryne chlorops,AmphibiaWeb
Oreophryne choerophrynoides,Oreophryne choerophrynoides,AmphibiaWeb
Oreophryne clamata,Oreophryne clamata,AmphibiaWeb
Oreophryne crucifer,Oreophryne crucifer,AmphibiaWeb
Oreophryne curator,Oreophryne curator,AmphibiaWeb
Oreophryne equus,Oreophryne equus,AmphibiaWeb
Oreophryne ezra,Oreophryne ezra,AmphibiaWeb
Oreophryne flava,Oreophryne flava,AmphibiaWeb
Oreophryne flavomaculata,Oreophryne flavomaculata,AmphibiaWeb
Oreophryne frontifasciata,Oreophryne frontifasciata,AmphibiaWeb
Oreophryne furu,Oreophryne furu,AmphibiaWeb
Oreophryne gagneorum,Oreophryne gagneorum,AmphibiaWeb
Oreophryne geislerorum,Oreophryne geislerorum,AmphibiaWeb
Oreophryne geminus,Oreophryne geminus,AmphibiaWeb
Oreophryne graminus,Oreophryne graminus,AmphibiaWeb
Oreophryne habbemensis,Oreophryne habbemensis,AmphibiaWeb
Oreophryne hypsiops,Oreophryne hypsiops,AmphibiaWeb
Oreophryne idenburgensis,Oreophryne idenburgensis,AmphibiaWeb
Oreophryne inornata,Oreophryne inornata,AmphibiaWeb
Oreophryne insulana,Oreophryne insulana,AmphibiaWeb
Oreophryne jeffersoniana,Oreophryne jeffersoniana,AmphibiaWeb
Oreophryne kampeni,Oreophryne kampeni,AmphibiaWeb
Oreophryne kapisa,Oreophryne kapisa,AmphibiaWeb
Oreophryne lemur,Oreophryne lemur,AmphibiaWeb
Oreophryne loriae,Oreophryne loriae,AmphibiaWeb
Oreophryne matawan,Oreophryne matawan,AmphibiaWeb
Oreophryne meliades,Oreophryne meliades,AmphibiaWeb
Oreophryne mertoni,Oreophryne mertoni,AmphibiaWeb
Oreophryne minuta,Oreophryne minuta,AmphibiaWeb
Oreophryne moluccensis,Oreophryne moluccensis,AmphibiaWeb
Oreophryne monticola,Oreophryne monticola,AmphibiaWeb
Oreophryne nana,Oreophryne nana,AmphibiaWeb
Oreophryne nicolasi,Oreophryne nicolasi,AmphibiaWeb
Oreophryne notata,Oreophryne notata,AmphibiaWeb
Oreophryne oviprotector,Oreophryne oviprotector,AmphibiaWeb
Oreophryne parkeri,Oreophryne parkeri,AmphibiaWeb
Oreophryne parkopanorum,Oreophryne parkopanorum,AmphibiaWeb
Oreophryne penelopeia,Oreophryne penelopeia,AmphibiaWeb
Oreophryne philosylleptoris,Oreophryne philosylleptoris,AmphibiaWeb
Oreophryne phoebe,Oreophryne phoebe,AmphibiaWeb
Oreophryne picticrus,Oreophryne picticrus,AmphibiaWeb
Oreophryne pseudasplenicola,Oreophryne pseudasplenicola,AmphibiaWeb
Oreophryne pseudunicolor,Oreophryne pseudunicolor,AmphibiaWeb
Oreophryne purari,Oreophryne purari,AmphibiaWeb
Oreophryne riyantoi,Oreophryne riyantoi,AmphibiaWeb
Oreophryne roedeli,Oreophryne roedeli,AmphibiaWeb
Oreophryne rookmaakeri,Oreophryne rookmaakeri,AmphibiaWeb
Oreophryne sibilans,Oreophryne sibilans,AmphibiaWeb
Oreophryne streiffeleri,Oreophryne streiffeleri,AmphibiaWeb
Oreophryne terrestris,Oreophryne terrestris,AmphibiaWeb
Oreophryne unicolor,Oreophryne unicolor,AmphibiaWeb
Oreophryne variabilis,Oreophryne variabilis,AmphibiaWeb
Oreophryne waira,Oreophryne waira,AmphibiaWeb
Oreophryne wapoga,Oreophryne wapoga,AmphibiaWeb
Oreophryne wolterstorffi,Oreophryne wolterstorffi,AmphibiaWeb
Oreophryne zimmeri,Oreophryne zimmeri,AmphibiaWeb
Oreophrynella cryptica,Oreophrynella cryptica,AmphibiaWeb
Oreophrynella dendronastes,Oreophrynella dendronastes,AmphibiaWeb
Oreophrynella huberi,Oreophrynella huberi,AmphibiaWeb
Oreophrynella macconnelli,Oreophrynella macconnelli,AmphibiaWeb
Oreophrynella nigra,Oreophrynella nigra,AmphibiaWeb
Oreophrynella quelchii,Oreophrynella quelchii,AmphibiaWeb
Oreophrynella seegobini,Oreophrynella seegobini,AmphibiaWeb
Oreophrynella vasquezi,Oreophrynella vasquezi,AmphibiaWeb
Oreophrynella weiassipuensis,Oreophrynella weiassipuensis,AmphibiaWeb
Oscaecilia bassleri,Oscaecilia bassleri,AmphibiaWeb
Oscaecilia elongata,Oscaecilia elongata,AmphibiaWeb
Oscaecilia equatorialis,Oscaecilia equatorialis,AmphibiaWeb
Oscaecilia hypereumeces,Oscaecilia hypereumeces,AmphibiaWeb
Oscaecilia koepckeorum,Oscaecilia koepckeorum,AmphibiaWeb
Oscaecilia ochrocephala,Oscaecilia ochrocephala,AmphibiaWeb
Oscaecilia osae,Oscaecilia osae,AmphibiaWeb
Oscaecilia polyzona,Oscaecilia polyzona,AmphibiaWeb
Oscaecilia zweifeli,Oscaecilia zweifeli,AmphibiaWeb
Osornophryne angel,Osornophryne angel,AmphibiaWeb
Osornophryne antisana,Osornophryne antisana,AmphibiaWeb
Osornophryne backshalli,Osornophryne backshalli,AmphibiaWeb
Osornophryne bufoniformis,Osornophryne bufoniformis,AmphibiaWeb
Osornophryne cofanorum,Osornophryne cofanorum,AmphibiaWeb
Osornophryne guacamayo,Osornophryne guacamayo,AmphibiaWeb
Osornophryne occidentalis,Osornophryne occidentalis,AmphibiaWeb
Osornophryne percrassa,Osornophryne percrassa,AmphibiaWeb
Osornophryne puruanta,Osornophryne puruanta,AmphibiaWeb
Osornophryne simpsoni,Osornophryne simpsoni,AmphibiaWeb
Osornophryne sumacoensis,Osornophryne sumacoensis,AmphibiaWeb
Osornophryne talipes,Osornophryne talipes,AmphibiaWeb
Osteocephalus alboguttatus,Osteocephalus alboguttatus,AmphibiaWeb
Osteocephalus buckleyi,Osteocephalus buckleyi,AmphibiaWeb
Osteocephalus cabrerai,Osteocephalus cabrerai,AmphibiaWeb
Osteocephalus camufatus,Osteocephalus camufatus,AmphibiaWeb
Osteocephalus cannatellai,Osteocephalus cannatellai,AmphibiaWeb
Osteocephalus carri,Osteocephalus carri,AmphibiaWeb
Osteocephalus castaneicola,Osteocephalus castaneicola,AmphibiaWeb
Osteocephalus deridens,Osteocephalus deridens,AmphibiaWeb
Osteocephalus duellmani,Osteocephalus duellmani,AmphibiaWeb
Osteocephalus festae,Osteocephalus festae,AmphibiaWeb
Osteocephalus fuscifacies,Osteocephalus fuscifacies,AmphibiaWeb
Osteocephalus helenae,Osteocephalus helenae,AmphibiaWeb
Osteocephalus heyeri,Osteocephalus heyeri,AmphibiaWeb
Osteocephalus langsdorffii,Itapotihyla langsdorffii,AmphibiaWeb
Osteocephalus leoniae,Osteocephalus leoniae,AmphibiaWeb
Osteocephalus leprieurii,Osteocephalus leprieurii,AmphibiaWeb
Osteocephalus melanops,Osteocephalus melanops,AmphibiaWeb
Osteocephalus mimeticus,Osteocephalus mimeticus,AmphibiaWeb
Osteocephalus mutabor,Osteocephalus mutabor,AmphibiaWeb
Osteocephalus omega,Osteocephalus omega,AmphibiaWeb
Osteocephalus oophagus,Osteocephalus oophagus,AmphibiaWeb
Osteocephalus phasmatus,Tepuihyla exophthalma,AmphibiaWeb
Osteocephalus planiceps,Osteocephalus planiceps,AmphibiaWeb
Osteocephalus sangay,Osteocephalus sangay,AmphibiaWeb
Osteocephalus subtilis,Osteocephalus subtilis,AmphibiaWeb
Osteocephalus taurinus,Osteocephalus taurinus,AmphibiaWeb
Osteocephalus vasquezi,Osteocephalus vasquezi,AmphibiaWeb
Osteocephalus verruciger,Osteocephalus verruciger,AmphibiaWeb
Osteocephalus vilarsi,Osteocephalus vilarsi,AmphibiaWeb
Osteocephalus vilmae,Osteocephalus vilmae,AmphibiaWeb
Osteocephalus yasuni,Osteocephalus yasuni,AmphibiaWeb
Osteopilus crucialis,Osteopilus crucialis,AmphibiaWeb
Osteopilus dominicensis,Osteopilus dominicensis,AmphibiaWeb
Osteopilus marianae,Osteopilus marianae,AmphibiaWeb
Osteopilus ocellatus,Osteopilus ocellatus,AmphibiaWeb
Osteopilus pulchrilineatus,Osteopilus pulchrilineatus,AmphibiaWeb
Osteopilus septentrionalis,Osteopilus septentrionalis,AmphibiaWeb
Osteopilus vastus,Osteopilus vastus,AmphibiaWeb
Osteopilus wilderi,Osteopilus wilderi,AmphibiaWeb
Otophryne pyburni,Otophryne pyburni,AmphibiaWeb
Otophryne robusta,Otophryne robusta,AmphibiaWeb
Otophryne steyermarki,Otophryne steyermarki,AmphibiaWeb
Oxydactyla brevicrus,Sphenophryne brevicrus,AmphibiaWeb
Oxydactyla coggeri,Sphenophryne coggeri,AmphibiaWeb
Oxydactyla crassa,Sphenophryne crassa,AmphibiaWeb
Oxydactyla stenodactyla,Sphenophryne stenodactyla,AmphibiaWeb
Oxydozyga floresiana,Phrynoglossus floresianus,AmphibiaWeb
Paa annandalii,Nanorana annandalii,AmphibiaWeb
Paa arnoldi,Nanorana arnoldi,AmphibiaWeb
Paa blanfordii,Nanorana blanfordii,AmphibiaWeb
Paa boulengeri,Quasipaa boulengeri,AmphibiaWeb
Paa bourreti,Nanorana yunnanensis,AmphibiaWeb
Paa chayuensis,Nanorana chayuensis,AmphibiaWeb
Paa conaensis,Nanorana conaensis,AmphibiaWeb
Paa ercepeae,Nanorana ercepeae,AmphibiaWeb
Paa exilispinosa,Quasipaa exilispinosa,AmphibiaWeb
Paa fasciculispina,Quasipaa fasciculispina,AmphibiaWeb
Paa feae,Nanorana feae,AmphibiaWeb
Paa gammii,Nanorana gammii,AmphibiaWeb
Paa hazarensis,Allopaa hazarensis,AmphibiaWeb
Paa jiulongensis,Quasipaa jiulongensis,AmphibiaWeb
Paa liebigii,Nanorana liebigii,AmphibiaWeb
Paa liui,Nanorana yunnanensis,AmphibiaWeb
Paa maculosa,Nanorana maculosa,AmphibiaWeb
Paa medogensis,Nanorana medogensis,AmphibiaWeb
Paa microlineata,Quasipaa delacouri,AmphibiaWeb
Paa minica,Nanorana minica,AmphibiaWeb
Paa mokokchungensis,Nanorana mokokchungensis,AmphibiaWeb
Paa polunini,Nanorana polunini,AmphibiaWeb
Paa quadrana,Nanorana quadranus,AmphibiaWeb
Paa rarica,Nanorana rarica,AmphibiaWeb
Paa robertingeri,Quasipaa boulengeri,AmphibiaWeb
Paa rostandi,Nanorana rostandi,AmphibiaWeb
Paa shini,Quasipaa shini,AmphibiaWeb
Paa sternosignata,Chrysopaa sternosignata,AmphibiaWeb
Paa taihangnica,Nanorana taihangnica,AmphibiaWeb
Paa taihangnicus,Nanorana taihangnica,AmphibiaWeb
Paa verrucospinosa,Quasipaa verrucospinosa,AmphibiaWeb
Paa vicina,Nanorana vicina,AmphibiaWeb
Paa yei,Quasipaa yei,AmphibiaWeb
Paa yunnanensis,Nanorana yunnanensis,AmphibiaWeb
Pachyhynobius shangchengensis,Pachyhynobius shangchengensis,AmphibiaWeb
Pachytriton airobranchiatus,Pachytriton airobranchiatus,AmphibiaWeb
Pachytriton archospotus,Pachytriton archospotus,AmphibiaWeb
Pachytriton brevipes,Pachytriton brevipes,AmphibiaWeb
Pachytriton changi,Pachytriton changi,AmphibiaWeb
Pachytriton cheni,Pachytriton cheni,AmphibiaWeb
Pachytriton feii,Pachytriton feii,AmphibiaWeb
Pachytriton granulosus,Pachytriton granulosus,AmphibiaWeb
Pachytriton inexpectatus,Pachytriton inexpectatus,AmphibiaWeb
Pachytriton labiatus,Paramesotriton labiatus,AmphibiaWeb
Pachytriton moi,Pachytriton moi,AmphibiaWeb
Pachytriton wuguanfui,Pachytriton wuguanfui,AmphibiaWeb
Paedophryne amauensis,Paedophryne amauensis,AmphibiaWeb
Paedophryne dekot,Paedophryne dekot,AmphibiaWeb
Paedophryne kathismaphlox,Paedophryne kathismaphlox,AmphibiaWeb
Paedophryne oyatabu,Paedophryne oyatabu,AmphibiaWeb
Paedophryne swiftorum,Paedophryne swiftorum,AmphibiaWeb
Paedophryne verrucosa,Paedophryne verrucosa,AmphibiaWeb
Palmatorappia solomonis,Cornufer solomonis,AmphibiaWeb
Paludicola alpina,Pleurodema cinereum,AmphibiaWeb
Paludicola fernandezae,Physalaemus fernandezae,AmphibiaWeb
Paludicola fischeri,Physalaemus fischeri,AmphibiaWeb
Paludicola gracilis,Physalaemus gracilis,AmphibiaWeb
Paludicola pustulosa,Engystomops pustulosus,AmphibiaWeb
Paludicola ranina,Physalaemus gracilis,AmphibiaWeb
Paludicola simonsii,Pristimantis simonsii,AmphibiaWeb
Panophrys acuta,Boulenophrys acuta,AmphibiaWeb
Panophrys angka,Boulenophrys angka,AmphibiaWeb
Panophrys anlongensis,Boulenophrys anlongensis,AmphibiaWeb
Panophrys baishanzuensis,Boulenophrys baishanzuensis,AmphibiaWeb
Panophrys baolongensis,Boulenophrys baolongensis,AmphibiaWeb
Panophrys binchuanensis,Boulenophrys binchuanensis,AmphibiaWeb
Panophrys binlingensis,Boulenophrys binlingensis,AmphibiaWeb
Panophrys boettgeri,Boulenophrys boettgeri,AmphibiaWeb
Panophrys brachykolos,Boulenophrys brachykolos,AmphibiaWeb
Panophrys caobangensis,Boulenophrys caobangensis,AmphibiaWeb
Panophrys caudoprocta,Boulenophrys caudoprocta,AmphibiaWeb
Panophrys cheni,Boulenophrys cheni,AmphibiaWeb
Panophrys chishuiensis,Boulenophrys chishuiensis,AmphibiaWeb
Panophrys congjiangensis,Boulenophrys congjiangensis,AmphibiaWeb
Panophrys daiyunensis,Boulenophrys daiyunensis,AmphibiaWeb
Panophrys daoji,Boulenophrys daoji,AmphibiaWeb
Panophrys daweimontis,Boulenophrys daweimontis,AmphibiaWeb
Panophrys dongguanensis,Boulenophrys dongguanensis,AmphibiaWeb
Panophrys fansipanensis,Boulenophrys fansipanensis,AmphibiaWeb
Panophrys frigida,Boulenophrys frigida,AmphibiaWeb
Panophrys hoanglienensis,Boulenophrys hoanglienensis,AmphibiaWeb
Panophrys huangshanensis,Boulenophrys huangshanensis,AmphibiaWeb
Panophrys insularis,Boulenophrys insularis,AmphibiaWeb
Panophrys jiangi,Boulenophrys jiangi,AmphibiaWeb
Panophrys jingdongensis,Boulenophrys jingdongensis,AmphibiaWeb
Panophrys jinggangensis,Boulenophrys jinggangensis,AmphibiaWeb
Panophrys jiulianensis,Boulenophrys jiulianensis,AmphibiaWeb
Panophrys kuatunensis,Boulenophrys kuatunensis,AmphibiaWeb
Panophrys leishanensis,Boulenophrys leishanensis,AmphibiaWeb
Panophrys liboensis,Boulenophrys liboensis,AmphibiaWeb
Panophrys lini,Boulenophrys lini,AmphibiaWeb
Panophrys lishuiensis,Boulenophrys lishuiensis,AmphibiaWeb
Panophrys lushuiensis,Boulenophrys lushuiensis,AmphibiaWeb
Panophrys minor,Boulenophrys minor,AmphibiaWeb
Panophrys mirabilis,Boulenophrys mirabilis,AmphibiaWeb
Panophrys mufumontana,Boulenophrys mufumontana,AmphibiaWeb
Panophrys nankunensis,Boulenophrys nankunensis,AmphibiaWeb
Panophrys nanlingensis,Boulenophrys nanlingensis,AmphibiaWeb
Panophrys obesa,Boulenophrys obesa,AmphibiaWeb
Panophrys ombrophila,Boulenophrys ombrophila,AmphibiaWeb
Panophrys omeimontis,Boulenophrys omeimontis,AmphibiaWeb
Panophrys palpebralespinosa,Boulenophrys palpebralespinosa,AmphibiaWeb
Panophrys qianbeiensis,Boulenophrys qianbeiensis,AmphibiaWeb
Panophrys rubrimera,Boulenophrys rubrimera,AmphibiaWeb
Panophrys sangzhiensis,Boulenophrys sangzhiensis,AmphibiaWeb
Panophrys sanmingensis,Boulenophrys sanmingensis,AmphibiaWeb
Panophrys shimentaina,Boulenophrys shimentaina,AmphibiaWeb
Panophrys shuichengensis,Boulenophrys shuichengensis,AmphibiaWeb
Panophrys shunhuangensis,Boulenophrys shunhuangensis,AmphibiaWeb
Panophrys spinata,Boulenophrys spinata,AmphibiaWeb
Panophrys tongboensis,Boulenophrys tongboensis,AmphibiaWeb
Panophrys tuberogranulatus,Boulenophrys tuberogranulatus,AmphibiaWeb
Panophrys wawuensis,Boulenophrys wawuensis,AmphibiaWeb
Panophrys wugongensis,Boulenophrys wugongensis,AmphibiaWeb
Panophrys wuliangshanensis,Boulenophrys wuliangshanensis,AmphibiaWeb
Panophrys wushanensis,Boulenophrys wushanensis,AmphibiaWeb
Panophrys xiangnanensis,Boulenophrys xiangnanensis,AmphibiaWeb
Panophrys xianjuensis,Boulenophrys xianjuensis,AmphibiaWeb
Panophrys yangmingensis,Boulenophrys yangmingensis,AmphibiaWeb
Papuahyla albolabris,Papuahyla albolabris,AmphibiaWeb
Papuahyla bibonius,Papuahyla bibonius,AmphibiaWeb
Papuahyla chloristona,Papuahyla chloristona,AmphibiaWeb
Papuahyla contrastens,Papuahyla contrastens,AmphibiaWeb
Papuahyla eurynastes,Papuahyla eurynastes,AmphibiaWeb
Papuahyla lodesdema,Papuahyla lodesdema,AmphibiaWeb
Papuahyla louisiadensis,Papuahyla louisiadensis,AmphibiaWeb
Papuahyla mystax,Papuahyla mystax,AmphibiaWeb
Papuahyla rubrops,Papuahyla rubrops,AmphibiaWeb
Papurana arfaki,Papurana arfaki,AmphibiaWeb
Papurana aurata,Papurana aurata,AmphibiaWeb
Papurana celebensis,Papurana celebensis,AmphibiaWeb
Papurana daemeli,Papurana daemeli,AmphibiaWeb
Papurana elberti,Papurana elberti,AmphibiaWeb
Papurana florensis,Papurana florensis,AmphibiaWeb
Papurana garritor,Papurana garritor,AmphibiaWeb
Papurana grisea,Papurana grisea,AmphibiaWeb
Papurana jimiensis,Papurana jimiensis,AmphibiaWeb
Papurana kreffti,Papurana kreffti,AmphibiaWeb
Papurana milleti,Papurana milleti,AmphibiaWeb
Papurana milneana,Papurana milneana,AmphibiaWeb
Papurana moluccana,Papurana moluccana,AmphibiaWeb
Papurana novaeguineae,Papurana novaeguineae,AmphibiaWeb
Papurana papua,Papurana papua,AmphibiaWeb
Papurana supragrisea,Papurana supragrisea,AmphibiaWeb
Papurana volkerjane,Papurana volkerjane,AmphibiaWeb
Papurana waliesa,Papurana waliesa,AmphibiaWeb
Paracassina kounhiensis,Paracassina kounhiensis,AmphibiaWeb
Paracassina obscura,Paracassina obscura,AmphibiaWeb
Paracrinia haswelli,Paracrinia haswelli,AmphibiaWeb
Paradactylodon gorganensis,Paradactylodon persicus,AmphibiaWeb
Paradactylodon mustersi,Paradactylodon mustersi,AmphibiaWeb
Paradactylodon persicus,Paradactylodon persicus,AmphibiaWeb
Paradoxophyla palmata,Paradoxophyla palmata,AmphibiaWeb
Paradoxophyla tiarano,Paradoxophyla tiarano,AmphibiaWeb
Paramesotriton aurantius,Paramesotriton aurantius,AmphibiaWeb
Paramesotriton caudopunctatus,Paramesotriton caudopunctatus,AmphibiaWeb
Paramesotriton chinensis,Paramesotriton chinensis,AmphibiaWeb
Paramesotriton deloustali,Paramesotriton deloustali,AmphibiaWeb
Paramesotriton ermizhaoi,Paramesotriton labiatus,AmphibiaWeb
Paramesotriton fuzhongensis,Paramesotriton fuzhongensis,AmphibiaWeb
Paramesotriton guangxiensis,Paramesotriton guangxiensis,AmphibiaWeb
Paramesotriton hongkongensis,Paramesotriton hongkongensis,AmphibiaWeb
Paramesotriton labiatus,Paramesotriton labiatus,AmphibiaWeb
Paramesotriton longliensis,Paramesotriton longliensis,AmphibiaWeb
Paramesotriton malipoensis,Paramesotriton malipoensis,AmphibiaWeb
Paramesotriton maolanensis,Paramesotriton maolanensis,AmphibiaWeb
Paramesotriton qixilingensis,Paramesotriton qixilingensis,AmphibiaWeb
Paramesotriton wulingensis,Paramesotriton wulingensis,AmphibiaWeb
Paramesotriton wumengshanensis,Paramesotriton wumengshanensis,AmphibiaWeb
Paramesotriton yunwuensis,Paramesotriton yunwuensis,AmphibiaWeb
Paramesotriton zhijinensis,Paramesotriton zhijinensis,AmphibiaWeb
Paramophrynella boconoensis,Pristimantis boconoensis,AmphibiaWeb
Paramophrynella jabonensis,Pristimantis jabonensis,AmphibiaWeb
Parapelophryne scalpta,Parapelophryne scalpta,AmphibiaWeb
Paratelmatobius cardosoi,Paratelmatobius cardosoi,AmphibiaWeb
Paratelmatobius lutzii,Paratelmatobius lutzii,AmphibiaWeb
Paratelmatobius mantiqueira,Paratelmatobius mantiqueira,AmphibiaWeb
Paratelmatobius pictiventris,Paratelmatobius pictiventris,AmphibiaWeb
Paratelmatobius poecilogaster,Paratelmatobius poecilogaster,AmphibiaWeb
Paratelmatobius segallai,Paratelmatobius segallai,AmphibiaWeb
Paratelmatobius stellaris,Paratelmatobius stellaris,AmphibiaWeb
Paratelmatobius yepiranga,Paratelmatobius yepiranga,AmphibiaWeb
Parhoplophryne usambarica,Parhoplophryne usambarica,AmphibiaWeb
Paruwrobates andina,Paruwrobates andina,AmphibiaWeb
Paruwrobates andinus,Paruwrobates andina,AmphibiaWeb
Paruwrobates erythromos,Paruwrobates erythromos,AmphibiaWeb
Paruwrobates whymperi,Paruwrobates whymperi,AmphibiaWeb
Parvicaecilia nicefori,Microcaecilia nicefori,AmphibiaWeb
Parvicaecilia pricei,Microcaecilia pricei,AmphibiaWeb
Parvimolge praecellens,Aquiloeurycea praecellens,AmphibiaWeb
Parvimolge richardi,Nototriton richardi,AmphibiaWeb
Parvimolge townsendi,Parvimolge townsendi,AmphibiaWeb
Pedostibes hosii,Rentapia hosii,AmphibiaWeb
Pedostibes kempi,Bufoides kempi,AmphibiaWeb
Pedostibes maculatus,Sabahphrynus maculatus,AmphibiaWeb
Pedostibes tuberculosus,Pedostibes tuberculosus,AmphibiaWeb
Pelobates balcanicus,Pelobates balcanicus,AmphibiaWeb
Pelobates cultripes,Pelobates cultripes,AmphibiaWeb
Pelobates fuscus,Pelobates fuscus,AmphibiaWeb
Pelobates syriacus,Pelobates syriacus,AmphibiaWeb
Pelobates varaldii,Pelobates varaldii,AmphibiaWeb
Pelobates vespertinus,Pelobates vespertinus,AmphibiaWeb
Pelobatrachus baluensis,Pelobatrachus baluensis,AmphibiaWeb
Pelobatrachus edwardinae,Pelobatrachus edwardinae,AmphibiaWeb
Pelobatrachus kalimantanensis,Pelobatrachus kalimantanensis,AmphibiaWeb
Pelobatrachus kobayashii,Pelobatrachus kobayashii,AmphibiaWeb
Pelobatrachus ligayae,Pelobatrachus ligayae,AmphibiaWeb
Pelobatrachus nasuta,Pelobatrachus nasuta,AmphibiaWeb
Pelobatrachus stejnegeri,Pelobatrachus stejnegeri,AmphibiaWeb
Pelodryas caerulea,Pelodryas caerulea,AmphibiaWeb
Pelodryas cavernicola,Pelodryas cavernicola,AmphibiaWeb
Pelodryas gilleni,Pelodryas gilleni,AmphibiaWeb
Pelodryas mira,Pelodryas mira,AmphibiaWeb
Pelodryas splendida,Pelodryas splendida,AmphibiaWeb
Pelodytes atlanticus,Pelodytes atlanticus,AmphibiaWeb
Pelodytes caucasicus,Pelodytes caucasicus,AmphibiaWeb
Pelodytes hespericus,Pelodytes hespericus,AmphibiaWeb
Pelodytes ibericus,Pelodytes ibericus,AmphibiaWeb
Pelodytes punctatus,Pelodytes punctatus,AmphibiaWeb
Pelophryne albotaeniata,Pelophryne albotaeniata,AmphibiaWeb
Pelophryne api,Pelophryne api,AmphibiaWeb
Pelophryne brevipes,Pelophryne brevipes,AmphibiaWeb
Pelophryne guentheri,Pelophryne guentheri,AmphibiaWeb
Pelophryne ingeri,Pelophryne ingeri,AmphibiaWeb
Pelophryne lighti,Pelophryne lighti,AmphibiaWeb
Pelophryne linanitensis,Pelophryne linanitensis,AmphibiaWeb
Pelophryne macrotis,Pelophryne macrotis,AmphibiaWeb
Pelophryne misera,Pelophryne misera,AmphibiaWeb
Pelophryne murudensis,Pelophryne murudensis,AmphibiaWeb
Pelophryne penrissenensis,Pelophryne penrissenensis,AmphibiaWeb
Pelophryne rhopophilia,Pelophryne rhopophilia,AmphibiaWeb
Pelophryne rhopophilius,Pelophryne rhopophilia,AmphibiaWeb
Pelophryne saravacensis,Pelophryne saravacensis,AmphibiaWeb
Pelophryne signata,Pelophryne signata,AmphibiaWeb
Pelophylax bedriagae,Pelophylax bedriagae,AmphibiaWeb
Pelophylax caralitanus,Pelophylax caralitanus,AmphibiaWeb
Pelophylax cerigensis,Pelophylax cerigensis,AmphibiaWeb
Pelophylax chosenicus,Pelophylax chosenicus,AmphibiaWeb
Pelophylax cretensis,Pelophylax cretensis,AmphibiaWeb
Pelophylax cypriensis,Pelophylax cypriensis,AmphibiaWeb
Pelophylax demarchii,Pelophylax demarchii,AmphibiaWeb
Pelophylax epeiroticus,Pelophylax epeiroticus,AmphibiaWeb
Pelophylax esculentus,Pelophylax esculentus,AmphibiaWeb
Pelophylax fukienensis,Pelophylax fukienensis,AmphibiaWeb
Pelophylax hispanicus,Pelophylax hispanicus,AmphibiaWeb
Pelophylax hubeiensis,Pelophylax hubeiensis,AmphibiaWeb
Pelophylax kurtmuelleri,Pelophylax kurtmuelleri,AmphibiaWeb
Pelophylax lateralis,Pelophylax lateralis,AmphibiaWeb
Pelophylax mongolius,Pelophylax mongolius,AmphibiaWeb
Pelophylax nigrolineatus,Pelophylax lateralis,AmphibiaWeb
Pelophylax nigromaculatus,Pelophylax nigromaculatus,AmphibiaWeb
Pelophylax perezi,Pelophylax perezi,AmphibiaWeb
Pelophylax plancyi,Pelophylax plancyi,AmphibiaWeb
Pelophylax porosus,Pelophylax porosus,AmphibiaWeb
Pelophylax saharicus,Pelophylax saharicus,AmphibiaWeb
Pelophylax shqipericus,Pelophylax shqipericus,AmphibiaWeb
Pelophylax tenggerensis,Pelophylax mongolius,AmphibiaWeb
Pelophylax terentievi,Pelophylax terentievi,AmphibiaWeb
Pelorius inoptatus,Eleutherodactylus inoptatus,AmphibiaWeb
Peltophryne armata,Peltophryne armata,AmphibiaWeb
Peltophryne cataulaciceps,Peltophryne cataulaciceps,AmphibiaWeb
Peltophryne dunni,Peltophryne dunni,AmphibiaWeb
Peltophryne empusa,Peltophryne empusa,AmphibiaWeb
Peltophryne florentinoi,Peltophryne florentinoi,AmphibiaWeb
Peltophryne fluviatica,Peltophryne fluviatica,AmphibiaWeb
Peltophryne fracta,Peltophryne guentheri,AmphibiaWeb
Peltophryne fustiger,Peltophryne fustiger,AmphibiaWeb
Peltophryne guentheri,Peltophryne guentheri,AmphibiaWeb
Peltophryne gundlachi,Peltophryne gundlachi,AmphibiaWeb
Peltophryne lemur,Peltophryne lemur,AmphibiaWeb
Peltophryne longinasus,Peltophryne longinasus,AmphibiaWeb
Peltophryne peltocephala,Peltophryne peltocephala,AmphibiaWeb
Peltophryne ramsdeni,Peltophryne ramsdeni,AmphibiaWeb
Peltophryne taladai,Peltophryne taladai,AmphibiaWeb
Pengyilleyia amboinensis,Pengilleyia amboinensis,AmphibiaWeb
Pengyilleyia darlingtoni,Pengilleyia darlingtoni,AmphibiaWeb
Pengyilleyia everetti,Pengilleyia everetti,AmphibiaWeb
Pengyilleyia ridibunda,Pengilleyia ridibunda,AmphibiaWeb
Pengyilleyia rothii,Pengilleyia rothii,AmphibiaWeb
Pengyilleyia tyleri,Pengilleyia tyleri,AmphibiaWeb
Petropedetes cameronensis,Petropedetes cameronensis,AmphibiaWeb
Petropedetes euskircheni,Petropedetes euskircheni,AmphibiaWeb
Petropedetes johnstoni,Petropedetes johnstoni,AmphibiaWeb
Petropedetes juliawurstnerae,Petropedetes juliawurstnerae,AmphibiaWeb
Petropedetes newtoni,Petropedetes johnstoni,AmphibiaWeb
Petropedetes newtonii,Petropedetes newtonii,AmphibiaWeb
Petropedetes palmipes,Petropedetes palmipes,AmphibiaWeb
Petropedetes parkeri,Petropedetes parkeri,AmphibiaWeb
Petropedetes perreti,Petropedetes perreti,AmphibiaWeb
Petropedetes vulpiae,Petropedetes vulpiae,AmphibiaWeb
Phaeognathus hubrichti,Phaeognathus hubrichti,AmphibiaWeb
Phantasmarana apuana,Phantasmarana apuana,AmphibiaWeb
Phantasmarana bocainensis,Phantasmarana bocainensis,AmphibiaWeb
Phantasmarana boticariana,Phantasmarana boticariana,AmphibiaWeb
Phantasmarana curucutuensis,Phantasmarana curucutuensis,AmphibiaWeb
Phantasmarana jordanensis,Phantasmarana jordanensis,AmphibiaWeb
Phantasmarana lutzae,Phantasmarana lutzae,AmphibiaWeb
Phantasmarana massarti,Phantasmarana massarti,AmphibiaWeb
Phantasmarana tamuia,Phantasmarana tamuia,AmphibiaWeb
Phasmahyla cochranae,Phasmahyla cochranae,AmphibiaWeb
Phasmahyla cruzi,Phasmahyla cruzi,AmphibiaWeb
Phasmahyla exilis,Phasmahyla exilis,AmphibiaWeb
Phasmahyla guttata,Phasmahyla guttata,AmphibiaWeb
Phasmahyla jandaia,Phasmahyla jandaia,AmphibiaWeb
Phasmahyla lisbella,Phasmahyla lisbella,AmphibiaWeb
Phasmahyla spectabilis,Phasmahyla spectabilis,AmphibiaWeb
Phasmahyla timbo,Phasmahyla timbo,AmphibiaWeb
Philautus abditus,Philautus abditus,AmphibiaWeb
Philautus acutirostris,Philautus acutirostris,AmphibiaWeb
Philautus acutus,Philautus acutus,AmphibiaWeb
Philautus albopunctatus,Theloderma asperum,AmphibiaWeb
Philautus amabilis,Philautus amabilis,AmphibiaWeb
Philautus amoenus,Philautus amoenus,AmphibiaWeb
Philautus aurantium,Philautus aurantium,AmphibiaWeb
Philautus aurifasciatus,Philautus aurifasciatus,AmphibiaWeb
Philautus bunitus,Philautus bunitus,AmphibiaWeb
Philautus candrageni,Philautus candrageni,AmphibiaWeb
Philautus cardamonus,Philautus cardamonus,AmphibiaWeb
Philautus carinensis,Gracixalus carinensis,AmphibiaWeb
Philautus catbaensis,Philautus catbaensis,AmphibiaWeb
Philautus cinerascens,Philautus cinerascens,AmphibiaWeb
Philautus cornutus,Philautus cornutus,AmphibiaWeb
Philautus davidlabangi,Philautus davidlabangi,AmphibiaWeb
Philautus disgregus,Philautus disgregus,AmphibiaWeb
Philautus dubius,Philautus dubius,AmphibiaWeb
Philautus erythrophthalmus,Philautus erythrophthalmus,AmphibiaWeb
Philautus everetti,Philautus everetti,AmphibiaWeb
Philautus garo,Raorchestes garo,AmphibiaWeb
Philautus gracilipes,Gracixalus gracilipes,AmphibiaWeb
Philautus gunungensis,Philautus gunungensis,AmphibiaWeb
Philautus hazelae,Platymantis hazelae,AmphibiaWeb
Philautus hosii,Philautus hosii,AmphibiaWeb
Philautus ingeri,Philautus ingeri,AmphibiaWeb
Philautus jacobsoni,Philautus jacobsoni,AmphibiaWeb
Philautus jerdonii,Nasutixalus jerdonii,AmphibiaWeb
Philautus juliandringi,Philautus juliandringi,AmphibiaWeb
Philautus kakipanjang,Philautus kakipanjang,AmphibiaWeb
Philautus kempiae,Raorchestes kempiae,AmphibiaWeb
Philautus kempii,Philautus kempii,AmphibiaWeb
Philautus kerangae,Philautus kerangae,AmphibiaWeb
Philautus larutensis,Philautus larutensis,AmphibiaWeb
Philautus leitensis,Philautus leitensis,AmphibiaWeb
Philautus longicrus,Philautus longicrus,AmphibiaWeb
Philautus macroscelis,Philautus macroscelis,AmphibiaWeb
Philautus manipurensis,Pseudophilautus manipurensis,AmphibiaWeb
Philautus maosonensis,Philautus maosonensis,AmphibiaWeb
Philautus microdiscus,Philautus microdiscus,AmphibiaWeb
Philautus mjobergi,Philautus mjobergi,AmphibiaWeb
Philautus namdaphaensis,Philautus namdaphaensis,AmphibiaWeb
Philautus neelanethrus,Raorchestes luteolus,AmphibiaWeb
Philautus nepenthophilus,Philautus nepenthophilus,AmphibiaWeb
Philautus nephophilus,Philautus nephophilus,AmphibiaWeb
Philautus nianeae,Philautus nianeae,AmphibiaWeb
Philautus odontotarsus,Kurixalus odontotarsus,AmphibiaWeb
Philautus pallidipes,Philautus pallidipes,AmphibiaWeb
Philautus petersi,Philautus petersi,AmphibiaWeb
Philautus poecilius,Philautus poecilius,AmphibiaWeb
Philautus polillensis,Platymantis polillensis,AmphibiaWeb
Philautus polymorphus,Philautus polymorphus,AmphibiaWeb
Philautus refugii,Philautus refugii,AmphibiaWeb
Philautus rhododiscus,Theloderma rhododiscus,AmphibiaWeb
Philautus sanctisilvaticus,Philautus sanctisilvaticus,AmphibiaWeb
Philautus saueri,Philautus saueri,AmphibiaWeb
Philautus schmackeri,Philautus schmackeri,AmphibiaWeb
Philautus similipalensis,Philautus sanctisilvaticus,AmphibiaWeb
Philautus similis,Philautus similis,AmphibiaWeb
Philautus supercornutus,Gracixalus supercornutus,AmphibiaWeb
Philautus surdus,Philautus surdus,AmphibiaWeb
Philautus surrufus,Philautus surrufus,AmphibiaWeb
Philautus tectus,Philautus tectus,AmphibiaWeb
Philautus thamyridion,Philautus thamyridion,AmphibiaWeb
Philautus truongsonensis,Theloderma truongsonense,AmphibiaWeb
Philautus tytthus,Philautus tytthus,AmphibiaWeb
Philautus umbra,Philautus umbra,AmphibiaWeb
Philautus ventrimaculatus,Philautus ventrimaculatus,AmphibiaWeb
Philautus vermiculatus,Philautus vermiculatus,AmphibiaWeb
Philautus vittiger,Philautus vittiger,AmphibiaWeb
Philautus worcesteri,Philautus worcesteri,AmphibiaWeb
Philoria frosti,Philoria frosti,AmphibiaWeb
Philoria knowlesi,Philoria knowlesi,AmphibiaWeb
Philoria kundagungan,Philoria kundagungan,AmphibiaWeb
Philoria loveridgei,Philoria loveridgei,AmphibiaWeb
Philoria pughi,Philoria pughi,AmphibiaWeb
Philoria richmondensis,Philoria richmondensis,AmphibiaWeb
Philoria sphagnicolus,Philoria sphagnicolus,AmphibiaWeb
Phlyctimantis boulengeri,Phlyctimantis boulengeri,AmphibiaWeb
Phlyctimantis keithae,Phlyctimantis keithae,AmphibiaWeb
Phlyctimantis leonardi,Phlyctimantis leonardi,AmphibiaWeb
Phlyctimantis maculatus,Phlyctimantis maculatus,AmphibiaWeb
Phlyctimantis verrucosus,Phlyctimantis verrucosus,AmphibiaWeb
Phractops alutaceus,Cyclorana novaehollandiae,AmphibiaWeb
Phrynanodus nanus,Ischnocnema parva,AmphibiaWeb
Phryne rubropunctata,Rhinella rubropunctata,AmphibiaWeb
Phrynella pulchra,Phrynella pulchra,AmphibiaWeb
Phrynobatrachus accraensis,Phrynobatrachus accraensis,AmphibiaWeb
Phrynobatrachus acridoides,Phrynobatrachus acridoides,AmphibiaWeb
Phrynobatrachus acutirostris,Phrynobatrachus acutirostris,AmphibiaWeb
Phrynobatrachus afiabirago,Phrynobatrachus afiabirago,AmphibiaWeb
Phrynobatrachus africanus,Phrynobatrachus africanus,AmphibiaWeb
Phrynobatrachus albolabris,Phrynobatrachus albolabris,AmphibiaWeb
Phrynobatrachus albomarginatus,Phrynobatrachus albomarginatus,AmphibiaWeb
Phrynobatrachus alleni,Phrynobatrachus alleni,AmphibiaWeb
Phrynobatrachus alticola,Phrynobatrachus tokba,AmphibiaWeb
Phrynobatrachus ambanguluensis,Phrynobatrachus ambanguluensis,AmphibiaWeb
Phrynobatrachus amieti,Phrynobatrachus amieti,AmphibiaWeb
Phrynobatrachus annulatus,Phrynobatrachus annulatus,AmphibiaWeb
Phrynobatrachus anotis,Phrynobatrachus anotis,AmphibiaWeb
Phrynobatrachus arcanus,Phrynobatrachus arcanus,AmphibiaWeb
Phrynobatrachus asper,Phrynobatrachus asper,AmphibiaWeb
Phrynobatrachus auritus,Phrynobatrachus auritus,AmphibiaWeb
Phrynobatrachus batesii,Phrynobatrachus batesii,AmphibiaWeb
Phrynobatrachus bequaerti,Phrynobatrachus bequaerti,AmphibiaWeb
Phrynobatrachus bibita,Phrynobatrachus bibita,AmphibiaWeb
Phrynobatrachus breviceps,Phrynobatrachus breviceps,AmphibiaWeb
Phrynobatrachus brevipalmatus,Phrynobatrachus brevipalmatus,AmphibiaWeb
Phrynobatrachus brongersmai,Phrynobatrachus brongersmai,AmphibiaWeb
Phrynobatrachus bullans,Phrynobatrachus bullans,AmphibiaWeb
Phrynobatrachus calcaratus,Phrynobatrachus calcaratus,AmphibiaWeb
Phrynobatrachus chukuchuku,Phrynobatrachus chukuchuku,AmphibiaWeb
Phrynobatrachus congicus,Phrynobatrachus congicus,AmphibiaWeb
Phrynobatrachus cornutus,Phrynobatrachus cornutus,AmphibiaWeb
Phrynobatrachus cricogaster,Phrynobatrachus cricogaster,AmphibiaWeb
Phrynobatrachus cryptotis,Phrynobatrachus cryptotis,AmphibiaWeb
Phrynobatrachus dalcqi,Phrynobatrachus dalcqi,AmphibiaWeb
Phrynobatrachus danko,Phrynobatrachus danko,AmphibiaWeb
Phrynobatrachus dendrobates,Phrynobatrachus dendrobates,AmphibiaWeb
Phrynobatrachus discogularis,Phrynobatrachus discogularis,AmphibiaWeb
Phrynobatrachus dispar,Phrynobatrachus dispar,AmphibiaWeb
Phrynobatrachus elberti,Phrynobatrachus elberti,AmphibiaWeb
Phrynobatrachus francisci,Phrynobatrachus francisci,AmphibiaWeb
Phrynobatrachus fraterculus,Phrynobatrachus fraterculus,AmphibiaWeb
Phrynobatrachus gastoni,Phrynobatrachus gastoni,AmphibiaWeb
Phrynobatrachus ghanensis,Phrynobatrachus ghanensis,AmphibiaWeb
Phrynobatrachus giorgii,Phrynobatrachus giorgii,AmphibiaWeb
Phrynobatrachus graueri,Phrynobatrachus graueri,AmphibiaWeb
Phrynobatrachus guineensis,Phrynobatrachus guineensis,AmphibiaWeb
Phrynobatrachus gutturosus,Phrynobatrachus gutturosus,AmphibiaWeb
Phrynobatrachus hieroglyphicus,Phrynobatrachus hieroglyphicus,AmphibiaWeb
Phrynobatrachus horsti,Phrynobatrachus horsti,AmphibiaWeb
Phrynobatrachus hylaios,Phrynobatrachus hylaios,AmphibiaWeb
Phrynobatrachus inexpectatus,Phrynobatrachus inexpectatus,AmphibiaWeb
Phrynobatrachus intermedius,Phrynobatrachus intermedius,AmphibiaWeb
Phrynobatrachus irangi,Phrynobatrachus irangi,AmphibiaWeb
Phrynobatrachus jimzimkusi,Phrynobatrachus jimzimkusi,AmphibiaWeb
Phrynobatrachus kakamikro,Phrynobatrachus kakamikro,AmphibiaWeb
Phrynobatrachus keniensis,Phrynobatrachus keniensis,AmphibiaWeb
Phrynobatrachus kinangopensis,Phrynobatrachus kinangopensis,AmphibiaWeb
Phrynobatrachus krefftii,Phrynobatrachus krefftii,AmphibiaWeb
Phrynobatrachus leveleve,Phrynobatrachus leveleve,AmphibiaWeb
Phrynobatrachus liberiensis,Phrynobatrachus liberiensis,AmphibiaWeb
Phrynobatrachus mababiensis,Phrynobatrachus mababiensis,AmphibiaWeb
Phrynobatrachus maculiventris,Phrynobatrachus maculiventris,AmphibiaWeb
Phrynobatrachus manengoubensis,Phrynobatrachus manengoubensis,AmphibiaWeb
Phrynobatrachus mayokoensis,Phrynobatrachus mayokoensis,AmphibiaWeb
Phrynobatrachus mbabo,Phrynobatrachus mbabo,AmphibiaWeb
Phrynobatrachus minutus,Phrynobatrachus minutus,AmphibiaWeb
Phrynobatrachus moroedeli,Phrynobatrachus moroedeli,AmphibiaWeb
Phrynobatrachus nanus,Phrynobatrachus nanus,AmphibiaWeb
Phrynobatrachus natalensis,Phrynobatrachus natalensis,AmphibiaWeb
Phrynobatrachus njiomock,Phrynobatrachus njiomock,AmphibiaWeb
Phrynobatrachus ogoensis,Phrynobatrachus ogoensis,AmphibiaWeb
Phrynobatrachus pakenhami,Phrynobatrachus pakenhami,AmphibiaWeb
Phrynobatrachus pallidus,Phrynobatrachus pallidus,AmphibiaWeb
Phrynobatrachus parkeri,Phrynobatrachus parkeri,AmphibiaWeb
Phrynobatrachus parvulus,Phrynobatrachus parvulus,AmphibiaWeb
Phrynobatrachus perpalmatus,Phrynobatrachus perpalmatus,AmphibiaWeb
Phrynobatrachus petropedetoides,Phrynobatrachus petropedetoides,AmphibiaWeb
Phrynobatrachus phyllophilus,Phrynobatrachus phyllophilus,AmphibiaWeb
Phrynobatrachus pintoi,Phrynobatrachus pintoi,AmphibiaWeb
Phrynobatrachus plicatus,Phrynobatrachus plicatus,AmphibiaWeb
Phrynobatrachus pygmaeus,Phrynobatrachus pygmaeus,AmphibiaWeb
Phrynobatrachus rainerguentheri,Phrynobatrachus rainerguentheri,AmphibiaWeb
Phrynobatrachus rillingi,Phrynobatrachus rillingi,AmphibiaWeb
Phrynobatrachus rouxi,Phrynobatrachus rouxi,AmphibiaWeb
Phrynobatrachus rungwensis,Phrynobatrachus rungwensis,AmphibiaWeb
Phrynobatrachus ruthbeateae,Phrynobatrachus ruthbeateae,AmphibiaWeb
Phrynobatrachus sandersoni,Phrynobatrachus sandersoni,AmphibiaWeb
Phrynobatrachus scapularis,Phrynobatrachus scapularis,AmphibiaWeb
Phrynobatrachus scheffleri,Phrynobatrachus scheffleri,AmphibiaWeb
Phrynobatrachus schioetzi,Phrynobatrachus schioetzi,AmphibiaWeb
Phrynobatrachus steindachneri,Phrynobatrachus steindachneri,AmphibiaWeb
Phrynobatrachus sternfeldi,Phrynobatrachus sternfeldi,AmphibiaWeb
Phrynobatrachus stewartae,Phrynobatrachus stewartae,AmphibiaWeb
Phrynobatrachus sulfureogularis,Phrynobatrachus sulfureogularis,AmphibiaWeb
Phrynobatrachus taiensis,Phrynobatrachus taiensis,AmphibiaWeb
Phrynobatrachus tanoeensis,Phrynobatrachus tanoeensis,AmphibiaWeb
Phrynobatrachus tokba,Phrynobatrachus tokba,AmphibiaWeb
Phrynobatrachus ukingensis,Phrynobatrachus ukingensis,AmphibiaWeb
Phrynobatrachus ungujae,Phrynobatrachus ungujae,AmphibiaWeb
Phrynobatrachus uzungwensis,Phrynobatrachus uzungwensis,AmphibiaWeb
Phrynobatrachus versicolor,Phrynobatrachus versicolor,AmphibiaWeb
Phrynobatrachus villiersi,Phrynobatrachus villiersi,AmphibiaWeb
Phrynobatrachus vogti,Phrynobatrachus vogti,AmphibiaWeb
Phrynobatrachus werneri,Phrynobatrachus werneri,AmphibiaWeb
Phrynoderma aloysii,Euphlyctis aloysii,AmphibiaWeb
Phrynoderma hexadactylum,Euphlyctis hexadactylus,AmphibiaWeb
Phrynoderma karaavali,Euphlyctis karaavali,AmphibiaWeb
Phrynoderma kerala,Euphlyctis kerala,AmphibiaWeb
Phrynoderma konkani,Euphlyctis konkani,AmphibiaWeb
Phrynodon sandersoni,Phrynobatrachus sandersoni,AmphibiaWeb
Phrynoglossus baluensis,Phrynoglossus baluensis,AmphibiaWeb
Phrynoglossus celebensis,Phrynoglossus celebensis,AmphibiaWeb
Phrynoglossus diminutivus,Phrynoglossus diminutivus,AmphibiaWeb
Phrynoglossus floresianus,Phrynoglossus floresianus,AmphibiaWeb
Phrynoglossus laevis,Phrynoglossus laevis,AmphibiaWeb
Phrynoglossus magnapustulosus,Phrynoglossus magnapustulosus,AmphibiaWeb
Phrynoglossus martensii,Phrynoglossus martensii,AmphibiaWeb
Phrynoglossus myanhessei,Phrynoglossus myanhessei,AmphibiaWeb
Phrynoglossus semipalmatus,Phrynoglossus semipalmatus,AmphibiaWeb
Phrynoglossus sumatranus,Phrynoglossus sumatranus,AmphibiaWeb
Phrynoglossus swanbornorum,Phrynoglossus swanbornorum,AmphibiaWeb
Phrynohyas coriacea,Trachycephalus coriaceus,AmphibiaWeb
Phrynohyas hadroceps,Trachycephalus hadroceps,AmphibiaWeb
Phrynohyas imitatrix,Trachycephalus imitatrix,AmphibiaWeb
Phrynohyas lepida,Trachycephalus lepidus,AmphibiaWeb
Phrynohyas mesophaea,Trachycephalus mesophaeus,AmphibiaWeb
Phrynohyas resinifictrix,Trachycephalus resinifictrix,AmphibiaWeb
Phrynohyas venulosa,Trachycephalus typhonius,AmphibiaWeb
Phrynoidis alvarius,Incilius alvarius,AmphibiaWeb
Phrynoidis asper,Phrynoidis asper,AmphibiaWeb
Phrynoidis aspinia,Bufo aspinius,AmphibiaWeb
Phrynoidis juxtasper,Phrynoidis juxtasper,AmphibiaWeb
Phrynoidis juxtaspera,Phrynoidis juxtasper,AmphibiaWeb
Phrynoidis molitor,Rhinella poeppigii,AmphibiaWeb
Phrynomantis affinis,Phrynomantis affinis,AmphibiaWeb
Phrynomantis annectens,Phrynomantis annectens,AmphibiaWeb
Phrynomantis bifasciatus,Phrynomantis bifasciatus,AmphibiaWeb
Phrynomantis doriae,Callulops argus,AmphibiaWeb
Phrynomantis microps,Phrynomantis microps,AmphibiaWeb
Phrynomantis newtoni,Phrynomantis newtoni,AmphibiaWeb
Phrynomantis somalicus,Phrynomantis somalicus,AmphibiaWeb
Phrynomedusa appendiculata,Phrynomedusa appendiculata,AmphibiaWeb
Phrynomedusa bokermanni,Phrynomedusa bokermanni,AmphibiaWeb
Phrynomedusa dryade,Phrynomedusa dryade,AmphibiaWeb
Phrynomedusa fimbriata,Phrynomedusa fimbriata,AmphibiaWeb
Phrynomedusa hypochondrialis,Phyllomedusa hypochondrialis,AmphibiaWeb
Phrynomedusa marginata,Phrynomedusa marginata,AmphibiaWeb
Phrynomedusa vanzolinii,Phrynomedusa vanzolinii,AmphibiaWeb
Phrynopus adenobrachius,Niceforonia adenobrachia,AmphibiaWeb
Phrynopus adenopleurus,Microkayla adenopleura,AmphibiaWeb
Phrynopus anancites,Phrynopus anancites,AmphibiaWeb
Phrynopus apumantarum,Phrynopus apumantarum,AmphibiaWeb
Phrynopus auriculatus,Phrynopus auriculatus,AmphibiaWeb
Phrynopus badius,Phrynopus badius,AmphibiaWeb
Phrynopus bagrecitoi,Noblella bagrecito,AmphibiaWeb
Phrynopus barthlenae,Phrynopus barthlenae,AmphibiaWeb
Phrynopus bracki,Phrynopus bracki,AmphibiaWeb
Phrynopus brunneus,Niceforonia brunnea,AmphibiaWeb
Phrynopus bufoides,Phrynopus bufoides,AmphibiaWeb
Phrynopus capitalis,Phrynopus capitalis,AmphibiaWeb
Phrynopus carpish,Ctenophryne carpish,AmphibiaWeb
Phrynopus chaparroi,Phrynopus chaparroi,AmphibiaWeb
Phrynopus columbianus,Niceforonia columbiana,AmphibiaWeb
Phrynopus cophites,Bryophryne cophites,AmphibiaWeb
Phrynopus curator,Phrynopus tribulosus,AmphibiaWeb
Phrynopus daemon,Phrynopus daemon,AmphibiaWeb
Phrynopus dagmarae,Phrynopus dagmarae,AmphibiaWeb
Phrynopus dumicola,Phrynopus dumicola,AmphibiaWeb
Phrynopus fallaciosus,Niceforonia fallaciosa,AmphibiaWeb
Phrynopus flavomaculatus,Lynchius flavomaculatus,AmphibiaWeb
Phrynopus heimorum,Phrynopus heimorum,AmphibiaWeb
Phrynopus horstpauli,Phrynopus horstpauli,AmphibiaWeb
Phrynopus iatamasi,Microkayla iatamasi,AmphibiaWeb
Phrynopus interstinctus,Phrynopus interstinctus,AmphibiaWeb
Phrynopus inti,Phrynopus inti,AmphibiaWeb
Phrynopus juninensis,Phrynopus juninensis,AmphibiaWeb
Phrynopus kauneorum,Phrynopus kauneorum,AmphibiaWeb
Phrynopus kempffi,Microkayla kempffi,AmphibiaWeb
Phrynopus kotosh,Phrynopus kotosh,AmphibiaWeb
Phrynopus lapidoides,Phrynopus lapidoides,AmphibiaWeb
Phrynopus lechriorhynchus,Phrynopus lechriorhynchus,AmphibiaWeb
Phrynopus lucida,Niceforonia lucida,AmphibiaWeb
Phrynopus manuelriosi,Phrynopus manuelriosi,AmphibiaWeb
Phrynopus mariellaleo,Phrynopus mariellaleo,AmphibiaWeb
Phrynopus melanoinguinis,Phrynopus melanoinguinis,AmphibiaWeb
Phrynopus miroslawae,Phrynopus miroslawae,AmphibiaWeb
Phrynopus montium,Phrynopus montium,AmphibiaWeb
Phrynopus nanus,Niceforonia nana,AmphibiaWeb
Phrynopus nebulanastes,Lynchius nebulanastes,AmphibiaWeb
Phrynopus nicoleae,Phrynopus tribulosus,AmphibiaWeb
Phrynopus oblivius,Phrynopus oblivius,AmphibiaWeb
Phrynopus parkeri,Lynchius parkeri,AmphibiaWeb
Phrynopus paucari,Phrynopus paucari,AmphibiaWeb
Phrynopus peraccai,Niceforonia peraccai,AmphibiaWeb
Phrynopus pereger,Oreobates pereger,AmphibiaWeb
Phrynopus personatus,Phrynopus personatus,AmphibiaWeb
Phrynopus peruanus,Phrynopus peruanus,AmphibiaWeb
Phrynopus peruvianus,Noblella peruviana,AmphibiaWeb
Phrynopus pesantesi,Phrynopus pesantesi,AmphibiaWeb
Phrynopus pinguis,Microkayla pinguis,AmphibiaWeb
Phrynopus remotum,Phrynopus remotum,AmphibiaWeb
Phrynopus sancristobali,Phrynopus sancristobali,AmphibiaWeb
Phrynopus simonsii,Pristimantis simonsii,AmphibiaWeb
Phrynopus spectabilis,Pleurodema marmoratum,AmphibiaWeb
Phrynopus tautzorum,Phrynopus tautzorum,AmphibiaWeb
Phrynopus thompsoni,Phrynopus thompsoni,AmphibiaWeb
Phrynopus tribulosus,Phrynopus tribulosus,AmphibiaWeb
Phrynopus unchog,Phrynopus unchog,AmphibiaWeb
Phrynopus valquii,Phrynopus valquii,AmphibiaWeb
Phrynopus vestigiatus,Phrynopus vestigiatus,AmphibiaWeb
Phrynopus wettsteini,Microkayla wettsteini,AmphibiaWeb
Phylacomantis corvus,Gephyromantis corvus,AmphibiaWeb
Phyllobates aurotaenia,Phyllobates aurotaenia,AmphibiaWeb
Phyllobates bezosi,Phyllobates bezosi,AmphibiaWeb
Phyllobates bicolor,Phyllobates bicolor,AmphibiaWeb
Phyllobates cystignathoides,Eleutherodactylus cystignathoides,AmphibiaWeb
Phyllobates lugubris,Phyllobates lugubris,AmphibiaWeb
Phyllobates samperi,Phyllobates samperi,AmphibiaWeb
Phyllobates terribilis,Phyllobates terribilis,AmphibiaWeb
Phyllobates vittatus,Phyllobates vittatus,AmphibiaWeb
Phyllobates whymperi,Paruwrobates whymperi,AmphibiaWeb
Phyllodytes acuminatus,Phyllodytes acuminatus,AmphibiaWeb
Phyllodytes amadoi,Phyllodytes amadoi,AmphibiaWeb
Phyllodytes auratus,Phyllodytes auratus,AmphibiaWeb
Phyllodytes brevirostris,Phyllodytes brevirostris,AmphibiaWeb
Phyllodytes edelmoi,Phyllodytes edelmoi,AmphibiaWeb
Phyllodytes gravata,Phyllodytes gravata,AmphibiaWeb
Phyllodytes gyrinaethes,Phyllodytes gyrinaethes,AmphibiaWeb
Phyllodytes iuna,Phyllodytes iuna,AmphibiaWeb
Phyllodytes kautskyi,Phyllodytes kautskyi,AmphibiaWeb
Phyllodytes luteolus,Phyllodytes luteolus,AmphibiaWeb
Phyllodytes maculosus,Phyllodytes maculosus,AmphibiaWeb
Phyllodytes magnus,Phyllodytes magnus,AmphibiaWeb
Phyllodytes megatympanum,Phyllodytes megatympanum,AmphibiaWeb
Phyllodytes melanomystax,Phyllodytes melanomystax,AmphibiaWeb
Phyllodytes praeceptor,Phyllodytes praeceptor,AmphibiaWeb
Phyllodytes punctatus,Phyllodytes punctatus,AmphibiaWeb
Phyllodytes tuberculosus,Phyllodytes tuberculosus,AmphibiaWeb
Phyllodytes wuchereri,Phyllodytes wuchereri,AmphibiaWeb
Phyllomedusa araguari,Phyllomedusa araguari,AmphibiaWeb
Phyllomedusa aspera,Hylomantis aspera,AmphibiaWeb
Phyllomedusa atelopoides,Phyllomedusa atelopoides,AmphibiaWeb
Phyllomedusa ayeaye,Phyllomedusa ayeaye,AmphibiaWeb
Phyllomedusa azurea,Phyllomedusa azurea,AmphibiaWeb
Phyllomedusa bahiana,Phyllomedusa bahiana,AmphibiaWeb
Phyllomedusa baltea,Phyllomedusa baltea,AmphibiaWeb
Phyllomedusa bicolor,Phyllomedusa bicolor,AmphibiaWeb
Phyllomedusa blombergi,Phyllomedusa vaillantii,AmphibiaWeb
Phyllomedusa boliviana,Phyllomedusa boliviana,AmphibiaWeb
Phyllomedusa buckleyi,Agalychnis buckleyi,AmphibiaWeb
Phyllomedusa burmeisteri,Phyllomedusa burmeisteri,AmphibiaWeb
Phyllomedusa camba,Phyllomedusa camba,AmphibiaWeb
Phyllomedusa centralis,Phyllomedusa centralis,AmphibiaWeb
Phyllomedusa chaparroi,Phyllomedusa chaparroi,AmphibiaWeb
Phyllomedusa cochranae,Phasmahyla cochranae,AmphibiaWeb
Phyllomedusa coelestis,Phyllomedusa coelestis,AmphibiaWeb
Phyllomedusa danieli,Agalychnis danieli,AmphibiaWeb
Phyllomedusa distincta,Phyllomedusa distincta,AmphibiaWeb
Phyllomedusa duellmani,Phyllomedusa duellmani,AmphibiaWeb
Phyllomedusa ecuatoriana,Phyllomedusa ecuatoriana,AmphibiaWeb
Phyllomedusa edentula,Phyllomedusa tarsius,AmphibiaWeb
Phyllomedusa feltoni,Phyllomedusa vaillantii,AmphibiaWeb
Phyllomedusa fimbriata,Phrynomedusa fimbriata,AmphibiaWeb
Phyllomedusa guttata,Phasmahyla guttata,AmphibiaWeb
Phyllomedusa hulli,Agalychnis hulli,AmphibiaWeb
Phyllomedusa hypochondrialis,Phyllomedusa hypochondrialis,AmphibiaWeb
Phyllomedusa hypocondrialis,Phyllomedusa hypochondrialis,AmphibiaWeb
Phyllomedusa iheringii,Phyllomedusa iheringii,AmphibiaWeb
Phyllomedusa lemur,Agalychnis lemur,AmphibiaWeb
Phyllomedusa medinae,Agalychnis medinae,AmphibiaWeb
Phyllomedusa medinai,Agalychnis medinae,AmphibiaWeb
Phyllomedusa megacephala,Phyllomedusa megacephala,AmphibiaWeb
Phyllomedusa neildi,Phyllomedusa neildi,AmphibiaWeb
Phyllomedusa nicefori,Phyllomedusa tarsius,AmphibiaWeb
Phyllomedusa nordestina,Phyllomedusa nordestina,AmphibiaWeb
Phyllomedusa orcesi,Phyllomedusa tarsius,AmphibiaWeb
Phyllomedusa oreades,Phyllomedusa oreades,AmphibiaWeb
Phyllomedusa pailona,Phyllomedusa boliviana,AmphibiaWeb
Phyllomedusa palliata,Phyllomedusa palliata,AmphibiaWeb
Phyllomedusa perinesos,Phyllomedusa perinesos,AmphibiaWeb
Phyllomedusa perlata,Phyllomedusa vaillantii,AmphibiaWeb
Phyllomedusa psilopygion,Agalychnis psilopygion,AmphibiaWeb
Phyllomedusa rohdei,Phyllomedusa rohdei,AmphibiaWeb
Phyllomedusa rustica,Pithecopus rusticus,AmphibiaWeb
Phyllomedusa sauvagii,Phyllomedusa sauvagii,AmphibiaWeb
Phyllomedusa tarsius,Phyllomedusa tarsius,AmphibiaWeb
Phyllomedusa tetraploidea,Phyllomedusa tetraploidea,AmphibiaWeb
Phyllomedusa tomopterna,Phyllomedusa tomopterna,AmphibiaWeb
Phyllomedusa trinitatis,Phyllomedusa trinitatis,AmphibiaWeb
Phyllomedusa vaillantii,Phyllomedusa vaillantii,AmphibiaWeb
Phyllomedusa venusta,Phyllomedusa venusta,AmphibiaWeb
Phyllonastes arutam,Phyllonastes arutam,AmphibiaWeb
Phyllonastes carrascoicola,Noblella carrascoicola,AmphibiaWeb
Phyllonastes cerrogolondrinas,Phyllonastes cerrogolondrinas,AmphibiaWeb
Phyllonastes coloma,Phyllonastes coloma,AmphibiaWeb
Phyllonastes dicaprioi,Phyllonastes dicaprioi,AmphibiaWeb
Phyllonastes duellmani,Noblella duellmani,AmphibiaWeb
Phyllonastes ecuadoriensis,Phyllonastes ecuadoriensis,AmphibiaWeb
Phyllonastes heyeri,Phyllonastes heyeri,AmphibiaWeb
Phyllonastes lochites,Phyllonastes lochites,AmphibiaWeb
Phyllonastes lynchi,Phyllonastes lynchi,AmphibiaWeb
Phyllonastes macuma,Phyllonastes macuma,AmphibiaWeb
Phyllonastes mindo,Phyllonastes mindo,AmphibiaWeb
Phyllonastes myrmecoides,Phyllonastes myrmecoides,AmphibiaWeb
Phyllonastes naturetrekii,Phyllonastes naturetrekii,AmphibiaWeb
Phyllonastes personinus,Phyllonastes personinus,AmphibiaWeb
Phyllonastes plateadensis,Phyllonastes plateadensis,AmphibiaWeb
Phyllonastes ritarasquinae,Noblella ritarasquinae,AmphibiaWeb
Phyllonastes sardinayacu,Phyllonastes sardinayacu,AmphibiaWeb
Phyllonastes worleyae,Phyllonastes worleyae,AmphibiaWeb
Physalaemus aguirrei,Physalaemus aguirrei,AmphibiaWeb
Physalaemus albifrons,Physalaemus albifrons,AmphibiaWeb
Physalaemus albonotatus,Physalaemus albonotatus,AmphibiaWeb
Physalaemus angrensis,Physalaemus angrensis,AmphibiaWeb
Physalaemus araxa,Physalaemus araxa,AmphibiaWeb
Physalaemus atim,Physalaemus atim,AmphibiaWeb
Physalaemus atlanticus,Physalaemus atlanticus,AmphibiaWeb
Physalaemus barbouri,Physalaemus fernandezae,AmphibiaWeb
Physalaemus barrioi,Physalaemus barrioi,AmphibiaWeb
Physalaemus biligonigerus,Physalaemus biligonigerus,AmphibiaWeb
Physalaemus bischoffi,Physalaemus gracilis,AmphibiaWeb
Physalaemus bokermanni,Physalaemus bokermanni,AmphibiaWeb
Physalaemus caete,Physalaemus caete,AmphibiaWeb
Physalaemus camacan,Physalaemus camacan,AmphibiaWeb
Physalaemus carrizorum,Physalaemus carrizorum,AmphibiaWeb
Physalaemus centralis,Physalaemus centralis,AmphibiaWeb
Physalaemus cicada,Physalaemus cicada,AmphibiaWeb
Physalaemus claptoni,Physalaemus claptoni,AmphibiaWeb
Physalaemus coloradorum,Engystomops coloradorum,AmphibiaWeb
Physalaemus crombiei,Physalaemus crombiei,AmphibiaWeb
Physalaemus cuqui,Physalaemus cuqui,AmphibiaWeb
Physalaemus cuvieri,Physalaemus cuvieri,AmphibiaWeb
Physalaemus deimaticus,Physalaemus deimaticus,AmphibiaWeb
Physalaemus enesefae,Physalaemus fischeri,AmphibiaWeb
Physalaemus ephippifer,Physalaemus ephippifer,AmphibiaWeb
Physalaemus erikae,Physalaemus erikae,AmphibiaWeb
Physalaemus erythros,Physalaemus erythros,AmphibiaWeb
Physalaemus evangelistai,Physalaemus evangelistai,AmphibiaWeb
Physalaemus feioi,Physalaemus feioi,AmphibiaWeb
Physalaemus fernandezae,Physalaemus fernandezae,AmphibiaWeb
Physalaemus fischeri,Physalaemus fischeri,AmphibiaWeb
Physalaemus freibergi,Engystomops freibergi,AmphibiaWeb
Physalaemus fuscomaculatus,Pleurodema fuscomaculatum,AmphibiaWeb
Physalaemus gracilis,Physalaemus gracilis,AmphibiaWeb
Physalaemus guayaco,Engystomops guayaco,AmphibiaWeb
Physalaemus henselii,Physalaemus henselii,AmphibiaWeb
Physalaemus insperatus,Physalaemus insperatus,AmphibiaWeb
Physalaemus irroratus,Physalaemus irroratus,AmphibiaWeb
Physalaemus jordanensis,Physalaemus jordanensis,AmphibiaWeb
Physalaemus kroyeri,Physalaemus kroyeri,AmphibiaWeb
Physalaemus lateristriga,Physalaemus lateristriga,AmphibiaWeb
Physalaemus lisei,Physalaemus lisei,AmphibiaWeb
Physalaemus maculiventris,Physalaemus maculiventris,AmphibiaWeb
Physalaemus marmoratus,Physalaemus marmoratus,AmphibiaWeb
Physalaemus maximus,Physalaemus maximus,AmphibiaWeb
Physalaemus montubio,Engystomops montubio,AmphibiaWeb
Physalaemus moreirae,Physalaemus moreirae,AmphibiaWeb
Physalaemus nanus,Physalaemus nanus,AmphibiaWeb
Physalaemus nattereri,Physalaemus nattereri,AmphibiaWeb
Physalaemus neglectus dunni,Physalaemus fischeri,AmphibiaWeb
Physalaemus obtectus,Physalaemus obtectus,AmphibiaWeb
Physalaemus olfersii,Physalaemus olfersii,AmphibiaWeb
Physalaemus orophilus,Physalaemus orophilus,AmphibiaWeb
Physalaemus paraensis,Engystomops petersi,AmphibiaWeb
Physalaemus petersi,Engystomops petersi,AmphibiaWeb
Physalaemus pustulatus,Engystomops pustulatus,AmphibiaWeb
Physalaemus pustulosus,Engystomops pustulosus,AmphibiaWeb
Physalaemus randi,Engystomops randi,AmphibiaWeb
Physalaemus riograndensis,Physalaemus riograndensis,AmphibiaWeb
Physalaemus rupestris,Physalaemus rupestris,AmphibiaWeb
Physalaemus santafecinus,Physalaemus santafecinus,AmphibiaWeb
Physalaemus schereri,Engystomops petersi,AmphibiaWeb
Physalaemus signifer,Physalaemus signifer,AmphibiaWeb
Physalaemus soaresi,Physalaemus soaresi,AmphibiaWeb
Physalaemus spiniger,Physalaemus spiniger,AmphibiaWeb
Physalaemus stentor,Engystomops pustulosus,AmphibiaWeb
Phytotriades auratus,Phyllodytes auratus,AmphibiaWeb
Phyzelaphryne miriamae,Phyzelaphryne miriamae,AmphibiaWeb
Phyzelaphryne nimio,Phyzelaphryne nimio,AmphibiaWeb
Pipa arrabali,Pipa arrabali,AmphibiaWeb
Pipa aspera,Pipa aspera,AmphibiaWeb
Pipa carvalhoi,Pipa carvalhoi,AmphibiaWeb
Pipa myersi,Pipa myersi,AmphibiaWeb
Pipa parva,Pipa parva,AmphibiaWeb
Pipa pipa,Pipa pipa,AmphibiaWeb
Pipa snethlageae,Pipa snethlageae,AmphibiaWeb
Pithecopus araguaius,Pithecopus araguaius,AmphibiaWeb
Pithecopus ayeaye,Phyllomedusa ayeaye,AmphibiaWeb
Pithecopus azureus,Phyllomedusa azurea,AmphibiaWeb
Pithecopus boliviana,Phyllomedusa boliviana,AmphibiaWeb
Pithecopus centralis,Phyllomedusa centralis,AmphibiaWeb
Pithecopus gonzagai,Pithecopus gonzagai,AmphibiaWeb
Pithecopus hypochondrialis,Phyllomedusa hypochondrialis,AmphibiaWeb
Pithecopus megacephalus,Phyllomedusa megacephala,AmphibiaWeb
Pithecopus nordestinus,Phyllomedusa nordestina,AmphibiaWeb
Pithecopus oreades,Phyllomedusa oreades,AmphibiaWeb
Pithecopus palliatus,Phyllomedusa palliata,AmphibiaWeb
Pithecopus rohdei,Phyllomedusa rohdei,AmphibiaWeb
Pithecopus rusticus,Pithecopus rusticus,AmphibiaWeb
Platymantis acrochorda,Cornufer acrochordus,AmphibiaWeb
Platymantis aculeodactyla,Cornufer aculeodactylus,AmphibiaWeb
Platymantis adiastola,Cornufer adiastolus,AmphibiaWeb
Platymantis akarithyma,Cornufer akarithymus,AmphibiaWeb
Platymantis banahao,Platymantis banahao,AmphibiaWeb
Platymantis batantae,Platymantis batantae,AmphibiaWeb
Platymantis bayani,Platymantis bayani,AmphibiaWeb
Platymantis biak,Platymantis biak,AmphibiaWeb
Platymantis bimaculata,Platymantis bimaculatus,AmphibiaWeb
Platymantis bimaculatus,Platymantis bimaculatus,AmphibiaWeb
Platymantis browni,Platymantis browni,AmphibiaWeb
Platymantis bufonulus,Platymantis bufonulus,AmphibiaWeb
Platymantis caesiops,Platymantis caesiops,AmphibiaWeb
Platymantis cagayanensis,Platymantis cagayanensis,AmphibiaWeb
Platymantis cheesmanae,Platymantis cheesmanae,AmphibiaWeb
Platymantis cornuta,Platymantis cornutus,AmphibiaWeb
Platymantis cornutus,Platymantis cornutus,AmphibiaWeb
Platymantis corrugata,Platymantis corrugatus,AmphibiaWeb
Platymantis corrugatus,Platymantis corrugatus,AmphibiaWeb
Platymantis cryptotis,Platymantis cryptotis,AmphibiaWeb
Platymantis diesmosi,Platymantis diesmosi,AmphibiaWeb
Platymantis dorsalis,Platymantis dorsalis,AmphibiaWeb
Platymantis guentheri,Platymantis guentheri,AmphibiaWeb
Platymantis guiting,Platymantis guiting,AmphibiaWeb
Platymantis hazelae,Platymantis hazelae,AmphibiaWeb
Platymantis indeprensus,Platymantis indeprensus,AmphibiaWeb
Platymantis ingeri,Platymantis guentheri,AmphibiaWeb
Platymantis insulata,Platymantis insulatus,AmphibiaWeb
Platymantis insulatus,Platymantis insulatus,AmphibiaWeb
Platymantis isarog,Platymantis isarog,AmphibiaWeb
Platymantis lawtoni,Platymantis lawtoni,AmphibiaWeb
Platymantis levigata,Platymantis levigatus,AmphibiaWeb
Platymantis levigatus,Platymantis levigatus,AmphibiaWeb
Platymantis luzonensis,Platymantis luzonensis,AmphibiaWeb
Platymantis macrops,Platymantis macrops,AmphibiaWeb
Platymantis magna,Cornufer magnus,AmphibiaWeb
Platymantis manus,Platymantis manus,AmphibiaWeb
Platymantis meyeri,Platymantis dorsalis,AmphibiaWeb
Platymantis mimica,Platymantis mimicus,AmphibiaWeb
Platymantis mimicus,Platymantis mimicus,AmphibiaWeb
Platymantis mimula,Platymantis mimulus,AmphibiaWeb
Platymantis mimulus,Platymantis mimulus,AmphibiaWeb
Platymantis montana,Platymantis montanus,AmphibiaWeb
Platymantis montanus,Platymantis montanus,AmphibiaWeb
Platymantis myersi,Platymantis myersi,AmphibiaWeb
Platymantis naomiae,Platymantis naomii,AmphibiaWeb
Platymantis naomii,Platymantis naomii,AmphibiaWeb
Platymantis navjoti,Platymantis navjoti,AmphibiaWeb
Platymantis negrosensis,Platymantis negrosensis,AmphibiaWeb
Platymantis paengi,Platymantis paengi,AmphibiaWeb
Platymantis panayensis,Platymantis panayensis,AmphibiaWeb
Platymantis parkeri,Platymantis parkeri,AmphibiaWeb
Platymantis pelewensis,Cornufer pelewensis,AmphibiaWeb
Platymantis polillensis,Platymantis polillensis,AmphibiaWeb
Platymantis pseudodorsalis,Platymantis pseudodorsalis,AmphibiaWeb
Platymantis punctata,Platymantis punctatus,AmphibiaWeb
Platymantis punctatus,Platymantis punctatus,AmphibiaWeb
Platymantis pygmaea,Platymantis pygmaeus,AmphibiaWeb
Platymantis pygmaeus,Platymantis pygmaeus,AmphibiaWeb
Platymantis quezoni,Platymantis quezoni,AmphibiaWeb
Platymantis rabori,Platymantis rabori,AmphibiaWeb
Platymantis rhipiphalcus,Cornufer boulengeri,AmphibiaWeb
Platymantis sierramadrensis,Platymantis sierramadrensis,AmphibiaWeb
Platymantis sierramandrensis,Platymantis sierramadrensis,AmphibiaWeb
Platymantis solomonis,Cornufer boulengeri,AmphibiaWeb
Platymantis spelaea,Platymantis spelaeus,AmphibiaWeb
Platymantis spelaeus,Platymantis spelaeus,AmphibiaWeb
Platymantis subterrestris,Platymantis subterrestris,AmphibiaWeb
Platymantis taylori,Platymantis taylori,AmphibiaWeb
Platymantis vitiana,Cornufer vitianus,AmphibiaWeb
Platymantis wuenscheorum,Platymantis wuenscheorum,AmphibiaWeb
Platypelis alticola,Platypelis alticola,AmphibiaWeb
Platypelis ando,Platypelis ando,AmphibiaWeb
Platypelis barbouri,Platypelis barbouri,AmphibiaWeb
Platypelis cowanii,Platypelis cowanii,AmphibiaWeb
Platypelis efatra,Platypelis efatra,AmphibiaWeb
Platypelis grandis,Platypelis grandis,AmphibiaWeb
Platypelis karenae,Platypelis karenae,AmphibiaWeb
Platypelis laetus,Platypelis laetus,AmphibiaWeb
Platypelis mavomavo,Platypelis mavomavo,AmphibiaWeb
Platypelis milloti,Platypelis milloti,AmphibiaWeb
Platypelis occultans,Cophyla occultans,AmphibiaWeb
Platypelis olgae,Platypelis olgae,AmphibiaWeb
Platypelis pollicaris,Platypelis pollicaris,AmphibiaWeb
Platypelis ranjomena,Platypelis ranjomena,AmphibiaWeb
Platypelis ravus,Platypelis ravus,AmphibiaWeb
Platypelis saikamavo,Platypelis saikamavo,AmphibiaWeb
Platypelis tetra,Platypelis tetra,AmphibiaWeb
Platypelis tsaratananaensis,Platypelis tsaratananaensis,AmphibiaWeb
Platypelis tuberifera,Platypelis tuberifera,AmphibiaWeb
Platyplectrum ornatum,Platyplectrum ornatum,AmphibiaWeb
Platyplectrum spenceri,Platyplectrum spenceri,AmphibiaWeb
Plectrohyla acanthodes,Plectrohyla acanthodes,AmphibiaWeb
Plectrohyla ameibothalame,Sarcohyla ameibothalame,AmphibiaWeb
Plectrohyla arborescandens,Sarcohyla arborescandens,AmphibiaWeb
Plectrohyla avia,Plectrohyla avia,AmphibiaWeb
Plectrohyla bistincta,Sarcohyla bistincta,AmphibiaWeb
Plectrohyla calthula,Sarcohyla labeculata,AmphibiaWeb
Plectrohyla calvata,Plectrohyla calvata,AmphibiaWeb
Plectrohyla calvicollina,Sarcohyla calvicollina,AmphibiaWeb
Plectrohyla celata,Sarcohyla celata,AmphibiaWeb
Plectrohyla cembra,Sarcohyla cembra,AmphibiaWeb
Plectrohyla charadricola,Sarcohyla charadricola,AmphibiaWeb
Plectrohyla chryses,Sarcohyla chryses,AmphibiaWeb
Plectrohyla chrysopleura,Plectrohyla chrysopleura,AmphibiaWeb
Plectrohyla crassa,Sarcohyla crassa,AmphibiaWeb
Plectrohyla cyanomma,Sarcohyla cyanomma,AmphibiaWeb
Plectrohyla cyclada,Sarcohyla cyclada,AmphibiaWeb
Plectrohyla dasypus,Plectrohyla dasypus,AmphibiaWeb
Plectrohyla ephemera,Sarcohyla labeculata,AmphibiaWeb
Plectrohyla exquisita,Plectrohyla exquisita,AmphibiaWeb
Plectrohyla glandulosa,Plectrohyla glandulosa,AmphibiaWeb
Plectrohyla guatemalensis,Plectrohyla guatemalensis,AmphibiaWeb
Plectrohyla hartwegi,Plectrohyla hartwegi,AmphibiaWeb
Plectrohyla hazelae,Sarcohyla hazelae,AmphibiaWeb
Plectrohyla ixil,Plectrohyla ixil,AmphibiaWeb
Plectrohyla labedactyla,Sarcohyla labedactyla,AmphibiaWeb
Plectrohyla lacertosa,Plectrohyla lacertosa,AmphibiaWeb
Plectrohyla matudai,Plectrohyla matudai,AmphibiaWeb
Plectrohyla miahuatlanensis,Sarcohyla miahuatlanensis,AmphibiaWeb
Plectrohyla mykter,Sarcohyla mykter,AmphibiaWeb
Plectrohyla pachyderma,Sarcohyla pachyderma,AmphibiaWeb
Plectrohyla pentheter,Sarcohyla pentheter,AmphibiaWeb
Plectrohyla pokomchi,Plectrohyla pokomchi,AmphibiaWeb
Plectrohyla psarosema,Sarcohyla psarosema,AmphibiaWeb
Plectrohyla psiloderma,Plectrohyla psiloderma,AmphibiaWeb
Plectrohyla pycnochila,Plectrohyla pycnochila,AmphibiaWeb
Plectrohyla quecchi,Plectrohyla quecchi,AmphibiaWeb
Plectrohyla robertsorum,Sarcohyla robertsorum,AmphibiaWeb
Plectrohyla sabrina,Sarcohyla sabrina,AmphibiaWeb
Plectrohyla sagorum,Plectrohyla sagorum,AmphibiaWeb
Plectrohyla siopela,Sarcohyla siopela,AmphibiaWeb
Plectrohyla tecunumani,Plectrohyla tecunumani,AmphibiaWeb
Plectrohyla teuchestes,Plectrohyla teuchestes,AmphibiaWeb
Plectrohyla thorectes,Sarcohyla thorectes,AmphibiaWeb
Plethodon aeneus,Aneides aeneus,AmphibiaWeb
Plethodon ainsworthi,Plethodon ainsworthi,AmphibiaWeb
Plethodon albagula,Plethodon albagula,AmphibiaWeb
Plethodon amplus,Plethodon amplus,AmphibiaWeb
Plethodon angusticlavius,Plethodon angusticlavius,AmphibiaWeb
Plethodon asupak,Plethodon asupak,AmphibiaWeb
Plethodon aureolus,Plethodon aureolus,AmphibiaWeb
Plethodon caddoensis,Plethodon caddoensis,AmphibiaWeb
Plethodon chattahoochee,Plethodon chattahoochee,AmphibiaWeb
Plethodon cheoah,Plethodon cheoah,AmphibiaWeb
Plethodon chlorobryonis,Plethodon chlorobryonis,AmphibiaWeb
Plethodon cinereus,Plethodon cinereus,AmphibiaWeb
Plethodon cylindraceus,Plethodon cylindraceus,AmphibiaWeb
Plethodon dixi,Plethodon dixi,AmphibiaWeb
Plethodon dorsalis,Plethodon dorsalis,AmphibiaWeb
Plethodon dunni,Plethodon dunni,AmphibiaWeb
Plethodon electromorphus,Plethodon electromorphus,AmphibiaWeb
Plethodon elongatus,Plethodon elongatus,AmphibiaWeb
Plethodon flavipunctatus,Aneides flavipunctatus,AmphibiaWeb
Plethodon fourchensis,Plethodon fourchensis,AmphibiaWeb
Plethodon glutinosus,Plethodon glutinosus,AmphibiaWeb
Plethodon grobmani,Plethodon grobmani,AmphibiaWeb
Plethodon hardii,Aneides hardii,AmphibiaWeb
Plethodon hoffmani,Plethodon hoffmani,AmphibiaWeb
Plethodon hubrichti,Plethodon hubrichti,AmphibiaWeb
Plethodon idahoensis,Plethodon idahoensis,AmphibiaWeb
Plethodon jacksoni,Plethodon jacksoni,AmphibiaWeb
Plethodon jordani,Plethodon jordani,AmphibiaWeb
Plethodon kentucki,Plethodon kentucki,AmphibiaWeb
Plethodon kiamichi,Plethodon kiamichi,AmphibiaWeb
Plethodon kisatchie,Plethodon kisatchie,AmphibiaWeb
Plethodon larselli,Plethodon larselli,AmphibiaWeb
Plethodon meridianus,Plethodon meridianus,AmphibiaWeb
Plethodon metcalfi,Plethodon metcalfi,AmphibiaWeb
Plethodon mississippi,Plethodon mississippi,AmphibiaWeb
Plethodon montanus,Plethodon montanus,AmphibiaWeb
Plethodon neomexicanus,Plethodon neomexicanus,AmphibiaWeb
Plethodon nettingi,Plethodon nettingi,AmphibiaWeb
Plethodon ocmulgee,Plethodon ocmulgee,AmphibiaWeb
Plethodon oconaluftee,Plethodon teyahalee,AmphibiaWeb
Plethodon ouachitae,Plethodon ouachitae,AmphibiaWeb
Plethodon pauleyi,Plethodon pauleyi,AmphibiaWeb
Plethodon petraeus,Plethodon petraeus,AmphibiaWeb
Plethodon punctatus,Plethodon punctatus,AmphibiaWeb
Plethodon richmondi,Plethodon richmondi,AmphibiaWeb
Plethodon savannah,Plethodon savannah,AmphibiaWeb
Plethodon sequoyah,Plethodon sequoyah,AmphibiaWeb
Plethodon serratus,Plethodon serratus,AmphibiaWeb
Plethodon shenandoah,Plethodon shenandoah,AmphibiaWeb
Plethodon sherando,Plethodon sherando,AmphibiaWeb
Plethodon shermani,Plethodon shermani,AmphibiaWeb
Plethodon stormi,Plethodon stormi,AmphibiaWeb
Plethodon teyahalee,Plethodon teyahalee,AmphibiaWeb
Plethodon vandykei,Plethodon vandykei,AmphibiaWeb
Plethodon variolatus,Plethodon variolatus,AmphibiaWeb
Plethodon vehiculum,Plethodon vehiculum,AmphibiaWeb
Plethodon ventralis,Plethodon ventralis,AmphibiaWeb
Plethodon virginia,Plethodon virginia,AmphibiaWeb
Plethodon websteri,Plethodon websteri,AmphibiaWeb
Plethodon wehrlei,Plethodon wehrlei,AmphibiaWeb
Plethodon welleri,Plethodon welleri,AmphibiaWeb
Plethodon yonahlossee,Plethodon yonahlossee,AmphibiaWeb
Plethodontohyla alluaudi,Plethodontohyla alluaudi,AmphibiaWeb
Plethodontohyla angulifera,Plethodontohyla angulifera,AmphibiaWeb
Plethodontohyla bipunctata,Plethodontohyla bipunctata,AmphibiaWeb
Plethodontohyla brevipes,Plethodontohyla brevipes,AmphibiaWeb
Plethodontohyla coronata,Rhombophryne coronata,AmphibiaWeb
Plethodontohyla coudreaui,Rhombophryne coudreaui,AmphibiaWeb
Plethodontohyla fonetana,Plethodontohyla fonetana,AmphibiaWeb
Plethodontohyla guentheri,Plethodontohyla guentheri,AmphibiaWeb
Plethodontohyla guentherpetersi,Rhombophryne guentherpetersi,AmphibiaWeb
Plethodontohyla inguinalis,Plethodontohyla inguinalis,AmphibiaWeb
Plethodontohyla laevipes,Rhombophryne laevipes,AmphibiaWeb
Plethodontohyla laevis,Plethodontohyla laevis,AmphibiaWeb
Plethodontohyla matavy,Rhombophryne matavy,AmphibiaWeb
Plethodontohyla mihanika,Plethodontohyla mihanika,AmphibiaWeb
Plethodontohyla minuta,Rhombophryne minuta,AmphibiaWeb
Plethodontohyla notosticta,Plethodontohyla notosticta,AmphibiaWeb
Plethodontohyla ocellata,Plethodontohyla ocellata,AmphibiaWeb
Plethodontohyla serratopalpebrosa,Rhombophryne serratopalpebrosa,AmphibiaWeb
Plethodontohyla tuberata,Plethodontohyla tuberata,AmphibiaWeb
Plethopsis wrighti,Batrachoseps wrighti,AmphibiaWeb
Pleurodeles nebulosus,Pleurodeles nebulosus,AmphibiaWeb
Pleurodeles poireti,Pleurodeles poireti,AmphibiaWeb
Pleurodeles waltl,Pleurodeles waltl,AmphibiaWeb
Pleurodema alium,Pleurodema alium,AmphibiaWeb
Pleurodema bibroni,Pleurodema bibroni,AmphibiaWeb
Pleurodema borellii,Pleurodema borellii,AmphibiaWeb
Pleurodema brachyops,Pleurodema brachyops,AmphibiaWeb
Pleurodema bufonina,Pleurodema bufoninum,AmphibiaWeb
Pleurodema bufoninum,Pleurodema bufoninum,AmphibiaWeb
Pleurodema cinerea,Pleurodema cinereum,AmphibiaWeb
Pleurodema cinereum,Pleurodema cinereum,AmphibiaWeb
Pleurodema cordobae,Pleurodema cordobae,AmphibiaWeb
Pleurodema diplolister,Pleurodema diplolister,AmphibiaWeb
Pleurodema diplolistris,Pleurodema diplolister,AmphibiaWeb
Pleurodema fuscomaculatum,Pleurodema fuscomaculatum,AmphibiaWeb
Pleurodema guayapae,Pleurodema guayapae,AmphibiaWeb
Pleurodema kriegi,Pleurodema kriegi,AmphibiaWeb
Pleurodema marmorata,Pleurodema marmoratum,AmphibiaWeb
Pleurodema marmoratum,Pleurodema marmoratum,AmphibiaWeb
Pleurodema nebulosa,Pleurodema nebulosum,AmphibiaWeb
Pleurodema nebulosum,Pleurodema nebulosum,AmphibiaWeb
Pleurodema sagittifer,Pleurodema marmoratum,AmphibiaWeb
Pleurodema somuncurense,Pleurodema somuncurense,AmphibiaWeb
Pleurodema somuncurensis,Pleurodema somuncurense,AmphibiaWeb
Pleurodema thaul,Pleurodema thaul,AmphibiaWeb
Pleurodema tucumana,Pleurodema tucumanum,AmphibiaWeb
Pleurodema tucumanum,Pleurodema tucumanum,AmphibiaWeb
Pleurodema verrucosa,Ischnocnema verrucosa,AmphibiaWeb
Polypedates assamensis,Polypedates assamensis,AmphibiaWeb
Polypedates bijui,Beddomixalus bijui,AmphibiaWeb
Polypedates braueri,Polypedates braueri,AmphibiaWeb
Polypedates chenfui,Zhangixalus chenfui,AmphibiaWeb
Polypedates chlorophthalmus,Polypedates chlorophthalmus,AmphibiaWeb
Polypedates colletti,Polypedates colletti,AmphibiaWeb
Polypedates cruciger,Polypedates cruciger,AmphibiaWeb
Polypedates discantus,Polypedates discantus,AmphibiaWeb
Polypedates dorsoviridis,Zhangixalus dorsoviridis,AmphibiaWeb
Polypedates dugritei,Zhangixalus dugritei,AmphibiaWeb
Polypedates formosus,Amolops formosus,AmphibiaWeb
Polypedates hecticus,Polypedates hecticus,AmphibiaWeb
Polypedates hui,Zhangixalus hui,AmphibiaWeb
Polypedates hungfuensis,Zhangixalus hungfuensis,AmphibiaWeb
Polypedates impresus,Polypedates impresus,AmphibiaWeb
Polypedates insularis,Polypedates insularis,AmphibiaWeb
Polypedates iskandari,Polypedates iskandari,AmphibiaWeb
Polypedates macrotis,Polypedates macrotis,AmphibiaWeb
Polypedates maculatus,Polypedates maculatus,AmphibiaWeb
Polypedates megacephalus,Polypedates megacephalus,AmphibiaWeb
Polypedates mutus,Polypedates mutus,AmphibiaWeb
Polypedates nigropunctatus,Zhangixalus nigropunctatus,AmphibiaWeb
Polypedates occidentalis,Polypedates occidentalis,AmphibiaWeb
Polypedates omeimontis,Zhangixalus omeimontis,AmphibiaWeb
Polypedates otilophus,Polypedates otilophus,AmphibiaWeb
Polypedates pleurostictus,Ghatixalus variabilis,AmphibiaWeb
Polypedates pseudocruciger,Polypedates pseudocruciger,AmphibiaWeb
Polypedates pseudotilophus,Polypedates pseudotilophus,AmphibiaWeb
Polypedates puerensis,Zhangixalus puerensis,AmphibiaWeb
Polypedates raniceps,Chalcorana raniceps,AmphibiaWeb
Polypedates ranwellai,Polypedates ranwellai,AmphibiaWeb
Polypedates similis,Pulchrana similis,AmphibiaWeb
Polypedates smaragdinus,Zhangixalus smaragdinus,AmphibiaWeb
Polypedates subansiriensis,Polypedates subansiriensis,AmphibiaWeb
Polypedates taeniatus,Polypedates taeniatus,AmphibiaWeb
Polypedates variabilis,Ghatixalus variabilis,AmphibiaWeb
Polypedates zed,Polypedates zed,AmphibiaWeb
Polypedates zhaojuensis,Zhangixalus hui,AmphibiaWeb
Potomotyphlus kaupii,Potamotyphlus kaupii,AmphibiaWeb
Poyntonia paludicola,Poyntonia paludicola,AmphibiaWeb
Poyntonophrynus beiranus,Poyntonophrynus beiranus,AmphibiaWeb
Poyntonophrynus damaranus,Poyntonophrynus damaranus,AmphibiaWeb
Poyntonophrynus dombensis,Poyntonophrynus dombensis,AmphibiaWeb
Poyntonophrynus fenoulheti,Poyntonophrynus fenoulheti,AmphibiaWeb
Poyntonophrynus fernandae,Poyntonophrynus fernandae,AmphibiaWeb
Poyntonophrynus grandisonae,Poyntonophrynus grandisonae,AmphibiaWeb
Poyntonophrynus grindleyi,Poyntonophrynus grindleyi,AmphibiaWeb
Poyntonophrynus hoeschi,Poyntonophrynus hoeschi,AmphibiaWeb
Poyntonophrynus jordani,Poyntonophrynus jordani,AmphibiaWeb
Poyntonophrynus kavangensis,Poyntonophrynus kavangensis,AmphibiaWeb
Poyntonophrynus lughensis,Poyntonophrynus lughensis,AmphibiaWeb
Poyntonophrynus nambensis,Poyntonophrynus nambensis,AmphibiaWeb
Poyntonophrynus pachnodes,Poyntonophrynus pachnodes,AmphibiaWeb
Poyntonophrynus parkeri,Poyntonophrynus parkeri,AmphibiaWeb
Poyntonophrynus vertebralis,Poyntonophrynus vertebralis,AmphibiaWeb
Praslinia cooperi,Praslinia cooperi,AmphibiaWeb
Pristimantis aaptus,Pristimantis aaptus,AmphibiaWeb
Pristimantis abakapa,Pristimantis abakapa,AmphibiaWeb
Pristimantis academicus,Pristimantis academicus,AmphibiaWeb
Pristimantis acatallelus,Pristimantis acatallelus,AmphibiaWeb
Pristimantis acerus,Pristimantis acerus,AmphibiaWeb
Pristimantis achatinus,Pristimantis achatinus,AmphibiaWeb
Pristimantis achuar,Pristimantis luscombei,AmphibiaWeb
Pristimantis achupalla,Pristimantis achupalla,AmphibiaWeb
Pristimantis actinolaimus,Pristimantis actinolaimus,AmphibiaWeb
Pristimantis actites,Pristimantis actites,AmphibiaWeb
Pristimantis acuminatus,Pristimantis acuminatus,AmphibiaWeb
Pristimantis acutirostris,Pristimantis acutirostris,AmphibiaWeb
Pristimantis adiastolus,Pristimantis adiastolus,AmphibiaWeb
Pristimantis adnus,Pristimantis adnus,AmphibiaWeb
Pristimantis aemulatus,Pristimantis aemulatus,AmphibiaWeb
Pristimantis affinis,Pristimantis affinis,AmphibiaWeb
Pristimantis afrox,Pristimantis afrox,AmphibiaWeb
Pristimantis alalocophus,Pristimantis alalocophus,AmphibiaWeb
Pristimantis albericoi,Pristimantis albericoi,AmphibiaWeb
Pristimantis albertus,Pristimantis albertus,AmphibiaWeb
Pristimantis albujai,Pristimantis albujai,AmphibiaWeb
Pristimantis alius,Pristimantis alius,AmphibiaWeb
Pristimantis allpapuyu,Pristimantis allpapuyu,AmphibiaWeb
Pristimantis almendariz,Pristimantis almendariz,AmphibiaWeb
Pristimantis altae,Pristimantis altae,AmphibiaWeb
Pristimantis altamazonicus,Pristimantis altamazonicus,AmphibiaWeb
Pristimantis altamnis,Pristimantis altamnis,AmphibiaWeb
Pristimantis amaguanae,Pristimantis amaguanae,AmphibiaWeb
Pristimantis ameliae,Pristimantis ameliae,AmphibiaWeb
Pristimantis amydrotus,Pristimantis amydrotus,AmphibiaWeb
Pristimantis anaiae,Pristimantis anaiae,AmphibiaWeb
Pristimantis andinogigas,Pristimantis andinogigas,AmphibiaWeb
Pristimantis andinognomus,Pristimantis andinognomus,AmphibiaWeb
Pristimantis anemerus,Pristimantis anemerus,AmphibiaWeb
Pristimantis angustilineatus,Pristimantis angustilineatus,AmphibiaWeb
Pristimantis aniptopalmatus,Pristimantis aniptopalmatus,AmphibiaWeb
Pristimantis anolirex,Pristimantis anolirex,AmphibiaWeb
Pristimantis anotis,Pristimantis anotis,AmphibiaWeb
Pristimantis antisuyu,Pristimantis antisuyu,AmphibiaWeb
Pristimantis apiculatus,Pristimantis apiculatus,AmphibiaWeb
Pristimantis appendiculatus,Pristimantis appendiculatus,AmphibiaWeb
Pristimantis aquilonaris,Pristimantis aquilonaris,AmphibiaWeb
Pristimantis ardalonychus,Pristimantis ardalonychus,AmphibiaWeb
Pristimantis ardilae,Pristimantis ardilae,AmphibiaWeb
Pristimantis ardyae,Pristimantis ardyae,AmphibiaWeb
Pristimantis ashaninka,Pristimantis ashaninka,AmphibiaWeb
Pristimantis asimus,Pristimantis asimus,AmphibiaWeb
Pristimantis astralos,Pristimantis astralos,AmphibiaWeb
Pristimantis atillo,Pristimantis atillo,AmphibiaWeb
Pristimantis atrabracus,Pristimantis atrabracus,AmphibiaWeb
Pristimantis atratus,Pristimantis atratus,AmphibiaWeb
Pristimantis attenboroughi,Pristimantis attenboroughi,AmphibiaWeb
Pristimantis aurantiguttatus,Pristimantis aurantiguttatus,AmphibiaWeb
Pristimantis aureolineatus,Pristimantis aureolineatus,AmphibiaWeb
Pristimantis aureoventris,Pristimantis aureoventris,AmphibiaWeb
Pristimantis auricarens,Pristimantis auricarens,AmphibiaWeb
Pristimantis avicuporum,Pristimantis avicuporum,AmphibiaWeb
Pristimantis avius,Pristimantis avius,AmphibiaWeb
Pristimantis bacchus,Pristimantis bacchus,AmphibiaWeb
Pristimantis baiotis,Pristimantis baiotis,AmphibiaWeb
Pristimantis balionotus,Pristimantis balionotus,AmphibiaWeb
Pristimantis bambu,Pristimantis bambu,AmphibiaWeb
Pristimantis barrigai,Pristimantis barrigai,AmphibiaWeb
Pristimantis baryecuus,Pristimantis baryecuus,AmphibiaWeb
Pristimantis batrachites,Pristimantis batrachites,AmphibiaWeb
Pristimantis bearsei,Pristimantis bearsei,AmphibiaWeb
Pristimantis bellae,Pristimantis bellae,AmphibiaWeb
Pristimantis bellator,Pristimantis bellator,AmphibiaWeb
Pristimantis bellona,Pristimantis bellona,AmphibiaWeb
Pristimantis bernali,Pristimantis bernali,AmphibiaWeb
Pristimantis bicantus,Pristimantis bicantus,AmphibiaWeb
Pristimantis bicolor,Pristimantis bicolor,AmphibiaWeb
Pristimantis bicumulus,Pristimantis bicumulus,AmphibiaWeb
Pristimantis bipunctatus,Pristimantis bipunctatus,AmphibiaWeb
Pristimantis blasi,Pristimantis blasi,AmphibiaWeb
Pristimantis boconoensis,Pristimantis boconoensis,AmphibiaWeb
Pristimantis bogotensis,Pristimantis bogotensis,AmphibiaWeb
Pristimantis boucephalus,Pristimantis boucephalus,AmphibiaWeb
Pristimantis boulengeri,Pristimantis boulengeri,AmphibiaWeb
Pristimantis bounides,Pristimantis bounides,AmphibiaWeb
Pristimantis bowara,Pristimantis bowara,AmphibiaWeb
Pristimantis brevicrus,Pristimantis brevicrus,AmphibiaWeb
Pristimantis brevifrons,Pristimantis brevifrons,AmphibiaWeb
Pristimantis briceni,Pristimantis briceni,AmphibiaWeb
Pristimantis broaddus,Pristimantis broaddus,AmphibiaWeb
Pristimantis bromeliaceus,Pristimantis bromeliaceus,AmphibiaWeb
Pristimantis buccinator,Pristimantis buccinator,AmphibiaWeb
Pristimantis buckleyi,Pristimantis buckleyi,AmphibiaWeb
Pristimantis buenaventura,Pristimantis buenaventura,AmphibiaWeb
Pristimantis burtoniorum,Pristimantis burtoniorum,AmphibiaWeb
Pristimantis bustamante,Pristimantis bustamante,AmphibiaWeb
Pristimantis cabrerai,Pristimantis cabrerai,AmphibiaWeb
Pristimantis cacao,Pristimantis cacao,AmphibiaWeb
Pristimantis caeruleonotus,Pristimantis caeruleonotus,AmphibiaWeb
Pristimantis cajamarcensis,Pristimantis cajamarcensis,AmphibiaWeb
Pristimantis cajanuma,Pristimantis cajanuma,AmphibiaWeb
Pristimantis calcaratus,Pristimantis calcaratus,AmphibiaWeb
Pristimantis calcarulatus,Pristimantis calcarulatus,AmphibiaWeb
Pristimantis caliginosus,Pristimantis nebulosus,AmphibiaWeb
Pristimantis calima,Pristimantis calima,AmphibiaWeb
Pristimantis campinarana,Pristimantis campinarana,AmphibiaWeb
Pristimantis caniari,Pristimantis caniari,AmphibiaWeb
Pristimantis cantitans,Pristimantis cantitans,AmphibiaWeb
Pristimantis cantorcaelestis,Pristimantis cantorcaelestis,AmphibiaWeb
Pristimantis capitonis,Pristimantis capitonis,AmphibiaWeb
Pristimantis caprifer,Pristimantis caprifer,AmphibiaWeb
Pristimantis carlosceroni,Pristimantis carlosceroni,AmphibiaWeb
Pristimantis carlossanchezi,Pristimantis carlossanchezi,AmphibiaWeb
Pristimantis carmelitae,Serranobatrachus carmelitae,AmphibiaWeb
Pristimantis carranguerorum,Pristimantis carranguerorum,AmphibiaWeb
Pristimantis carvalhoi,Pristimantis carvalhoi,AmphibiaWeb
Pristimantis carylae,Pristimantis carylae,AmphibiaWeb
Pristimantis caryophyllaceus,Pristimantis caryophyllaceus,AmphibiaWeb
Pristimantis cayapas,Pristimantis cayapas,AmphibiaWeb
Pristimantis cedros,Pristimantis cedros,AmphibiaWeb
Pristimantis celator,Pristimantis celator,AmphibiaWeb
Pristimantis cerasinus,Pristimantis cerasinus,AmphibiaWeb
Pristimantis ceuthospilus,Pristimantis ceuthospilus,AmphibiaWeb
Pristimantis chalceus,Pristimantis chalceus,AmphibiaWeb
Pristimantis chamezensis,Pristimantis chamezensis,AmphibiaWeb
Pristimantis charlottevillensis,Pristimantis charlottevillensis,AmphibiaWeb
Pristimantis chiastonotus,Pristimantis chiastonotus,AmphibiaWeb
Pristimantis chimu,Pristimantis chimu,AmphibiaWeb
Pristimantis chinguelas,Pristimantis chinguelas,AmphibiaWeb
Pristimantis chloronotus,Pristimantis chloronotus,AmphibiaWeb
Pristimantis chocoensis,Pristimantis chocoensis,AmphibiaWeb
Pristimantis chocolatebari,Pristimantis chocolatebari,AmphibiaWeb
Pristimantis chomskyi,Pristimantis chomskyi,AmphibiaWeb
Pristimantis chrysops,Pristimantis chrysops,AmphibiaWeb
Pristimantis churuwiai,Pristimantis churuwiai,AmphibiaWeb
Pristimantis chusquea,Pristimantis chusquea,AmphibiaWeb
Pristimantis cisnerosi,Pristimantis cisnerosi,AmphibiaWeb
Pristimantis citriogaster,Pristimantis citriogaster,AmphibiaWeb
Pristimantis clarae,Pristimantis clarae,AmphibiaWeb
Pristimantis colodactylus,Pristimantis colodactylus,AmphibiaWeb
Pristimantis colomai,Pristimantis colomai,AmphibiaWeb
Pristimantis colonensis,Pristimantis colonensis,AmphibiaWeb
Pristimantis colostichos,Pristimantis colostichos,AmphibiaWeb
Pristimantis condor,Pristimantis condor,AmphibiaWeb
Pristimantis conservatio,Pristimantis conservatio,AmphibiaWeb
Pristimantis conspicillatus,Pristimantis conspicillatus,AmphibiaWeb
Pristimantis cordovae,Pristimantis cordovae,AmphibiaWeb
Pristimantis corniger,Pristimantis corniger,AmphibiaWeb
Pristimantis coronatus,Pristimantis coronatus,AmphibiaWeb
Pristimantis corrugatus,Pristimantis corrugatus,AmphibiaWeb
Pristimantis cosnipatae,Pristimantis cosnipatae,AmphibiaWeb
Pristimantis cremnobates,Pristimantis cremnobates,AmphibiaWeb
Pristimantis crenunguis,Pristimantis crenunguis,AmphibiaWeb
Pristimantis cristinae,Serranobatrachus cristinae,AmphibiaWeb
Pristimantis croceoinguinis,Pristimantis croceoinguinis,AmphibiaWeb
Pristimantis crucifer,Pristimantis crucifer,AmphibiaWeb
Pristimantis cruciocularis,Pristimantis cruciocularis,AmphibiaWeb
Pristimantis cruentus,Pristimantis cruentus,AmphibiaWeb
Pristimantis cryophilius,Pristimantis cryophilius,AmphibiaWeb
Pristimantis cryptomelas,Pristimantis cryptomelas,AmphibiaWeb
Pristimantis cryptopictus,Pristimantis cryptopictus,AmphibiaWeb
Pristimantis cuentasi,Tachiramantis cuentasi,AmphibiaWeb
Pristimantis culatensis,Pristimantis culatensis,AmphibiaWeb
Pristimantis cuneirostris,Pristimantis cuneirostris,AmphibiaWeb
Pristimantis curtipes,Pristimantis curtipes,AmphibiaWeb
Pristimantis danae,Pristimantis danae,AmphibiaWeb
Pristimantis daquilemai,Pristimantis daquilemai,AmphibiaWeb
Pristimantis degener,Pristimantis degener,AmphibiaWeb
Pristimantis deinops,Pristimantis deinops,AmphibiaWeb
Pristimantis delicatus,Serranobatrachus delicatus,AmphibiaWeb
Pristimantis delius,Pristimantis delius,AmphibiaWeb
Pristimantis dendrobatoides,Pristimantis dendrobatoides,AmphibiaWeb
Pristimantis devillei,Pristimantis devillei,AmphibiaWeb
Pristimantis deyi,Pristimantis deyi,AmphibiaWeb
Pristimantis diadematus,Pristimantis diadematus,AmphibiaWeb
Pristimantis diaphonus,Pristimantis diaphonus,AmphibiaWeb
Pristimantis dinardoi,Pristimantis dinardoi,AmphibiaWeb
Pristimantis diogenes,Pristimantis diogenes,AmphibiaWeb
Pristimantis dissimulatus,Pristimantis dissimulatus,AmphibiaWeb
Pristimantis divnae,Pristimantis divnae,AmphibiaWeb
Pristimantis donnelsoni,Pristimantis donnelsoni,AmphibiaWeb
Pristimantis dorado,Pristimantis dorado,AmphibiaWeb
Pristimantis dorsopictus,Pristimantis dorsopictus,AmphibiaWeb
Pristimantis duellmani,Pristimantis duellmani,AmphibiaWeb
Pristimantis duende,Pristimantis duende,AmphibiaWeb
Pristimantis dundeei,Pristimantis dundeei,AmphibiaWeb
Pristimantis ecuadorensis,Pristimantis ecuadorensis,AmphibiaWeb
Pristimantis educatoris,Pristimantis caryophyllaceus,AmphibiaWeb
Pristimantis elegans,Pristimantis elegans,AmphibiaWeb
Pristimantis enigmaticus,Pristimantis enigmaticus,AmphibiaWeb
Pristimantis epacrus,Pristimantis epacrus,AmphibiaWeb
Pristimantis eremitus,Pristimantis eremitus,AmphibiaWeb
Pristimantis eriphus,Pristimantis eriphus,AmphibiaWeb
Pristimantis ernesti,Pristimantis ernesti,AmphibiaWeb
Pristimantis erythroinguinis,Pristimantis erythroinguinis,AmphibiaWeb
Pristimantis erythropleura,Pristimantis erythropleura,AmphibiaWeb
Pristimantis erythros,Pristimantis erythros,AmphibiaWeb
Pristimantis esmeraldas,Pristimantis esmeraldas,AmphibiaWeb
Pristimantis espedeus,Pristimantis espedeus,AmphibiaWeb
Pristimantis eugeniae,Pristimantis eugeniae,AmphibiaWeb
Pristimantis euphronides,Pristimantis euphronides,AmphibiaWeb
Pristimantis eurydactylus,Pristimantis eurydactylus,AmphibiaWeb
Pristimantis exoristus,Pristimantis exoristus,AmphibiaWeb
Pristimantis factiosus,Pristimantis factiosus,AmphibiaWeb
Pristimantis fallax,Pristimantis fallax,AmphibiaWeb
Pristimantis farisorum,Pristimantis farisorum,AmphibiaWeb
Pristimantis fasciatus,Pristimantis fasciatus,AmphibiaWeb
Pristimantis fenestratus,Pristimantis fenestratus,AmphibiaWeb
Pristimantis fergusoni,Pristimantis fergusoni,AmphibiaWeb
Pristimantis ferwerdai,Pristimantis ferwerdai,AmphibiaWeb
Pristimantis festae,Pristimantis festae,AmphibiaWeb
Pristimantis fetosus,Pristimantis fetosus,AmphibiaWeb
Pristimantis flabellidiscus,Pristimantis flabellidiscus,AmphibiaWeb
Pristimantis flavobracatus,Pristimantis cruciocularis,AmphibiaWeb
Pristimantis flavus,Pristimantis flavus,AmphibiaWeb
Pristimantis floridus,Pristimantis floridus,AmphibiaWeb
Pristimantis fouqueti,Pristimantis fouqueti,AmphibiaWeb
Pristimantis frater,Pristimantis frater,AmphibiaWeb
Pristimantis gagliardi,Pristimantis gagliardi,AmphibiaWeb
Pristimantis gagliardoi,Pristimantis gagliardoi,AmphibiaWeb
Pristimantis gaigei,Pristimantis gaigei,AmphibiaWeb
Pristimantis galdi,Pristimantis galdi,AmphibiaWeb
Pristimantis ganonotus,Pristimantis ganonotus,AmphibiaWeb
Pristimantis geminus,Pristimantis geminus,AmphibiaWeb
Pristimantis gentryi,Pristimantis gentryi,AmphibiaWeb
Pristimantis ginesi,Pristimantis ginesi,AmphibiaWeb
Pristimantis giorgii,Pristimantis giorgii,AmphibiaWeb
Pristimantis gladiator,Pristimantis gladiator,AmphibiaWeb
Pristimantis glandulosus,Pristimantis glandulosus,AmphibiaWeb
Pristimantis glendae,Pristimantis glendae,AmphibiaWeb
Pristimantis gloria,Pristimantis gloria,AmphibiaWeb
Pristimantis gracilis,Pristimantis gracilis,AmphibiaWeb
Pristimantis gralarias,Pristimantis gralarias,AmphibiaWeb
Pristimantis grandiceps,Pristimantis grandiceps,AmphibiaWeb
Pristimantis grandoculis,Pristimantis grandoculis,AmphibiaWeb
Pristimantis gretathunbergae,Pristimantis gretathunbergae,AmphibiaWeb
Pristimantis gryllus,Pristimantis gryllus,AmphibiaWeb
Pristimantis guaiquinimensis,Pristimantis guaiquinimensis,AmphibiaWeb
Pristimantis gualacenio,Pristimantis gualacenio,AmphibiaWeb
Pristimantis gutturalis,Pristimantis gutturalis,AmphibiaWeb
Pristimantis hamiotae,Pristimantis hamiotae,AmphibiaWeb
Pristimantis hampatusami,Pristimantis hampatusami,AmphibiaWeb
Pristimantis hectus,Pristimantis hectus,AmphibiaWeb
Pristimantis helvolus,Pristimantis helvolus,AmphibiaWeb
Pristimantis hernandezi,Pristimantis hernandezi,AmphibiaWeb
Pristimantis hoogmoedi,Pristimantis hoogmoedi,AmphibiaWeb
Pristimantis huicundo,Pristimantis huicundo,AmphibiaWeb
Pristimantis humboldti,Pristimantis humboldti,AmphibiaWeb
Pristimantis hybotragus,Pristimantis hybotragus,AmphibiaWeb
Pristimantis ignicolor,Pristimantis ignicolor,AmphibiaWeb
Pristimantis iiap,Pristimantis iiap,AmphibiaWeb
Pristimantis illotus,Pristimantis illotus,AmphibiaWeb
Pristimantis imitatrix,Pristimantis imitatrix,AmphibiaWeb
Pristimantis imthurni,Pristimantis imthurni,AmphibiaWeb
Pristimantis incanus,Pristimantis incanus,AmphibiaWeb
Pristimantis incertus,Pristimantis incertus,AmphibiaWeb
Pristimantis incomptus,Pristimantis incomptus,AmphibiaWeb
Pristimantis infraguttatus,Pristimantis infraguttatus,AmphibiaWeb
Pristimantis ingles,Pristimantis ingles,AmphibiaWeb
Pristimantis inguinalis,Pristimantis inguinalis,AmphibiaWeb
Pristimantis insignitus,Serranobatrachus insignitus,AmphibiaWeb
Pristimantis inusitatus,Pristimantis inusitatus,AmphibiaWeb
Pristimantis ixalus,Pristimantis ixalus,AmphibiaWeb
Pristimantis jabonensis,Pristimantis jabonensis,AmphibiaWeb
Pristimantis jaguensis,Pristimantis jaguensis,AmphibiaWeb
Pristimantis jaimei,Pristimantis jaimei,AmphibiaWeb
Pristimantis jamescameroni,Pristimantis jamescameroni,AmphibiaWeb
Pristimantis jester,Pristimantis jester,AmphibiaWeb
Pristimantis jimenezi,Pristimantis jimenezi,AmphibiaWeb
Pristimantis johannesdei,Pristimantis johannesdei,AmphibiaWeb
Pristimantis jorgevelosai,Pristimantis jorgevelosai,AmphibiaWeb
Pristimantis juanchoi,Pristimantis juanchoi,AmphibiaWeb
Pristimantis jubatus,Pristimantis jubatus,AmphibiaWeb
Pristimantis kalamandeenae,Pristimantis kalamandeenae,AmphibiaWeb
Pristimantis kareliae,Pristimantis kareliae,AmphibiaWeb
Pristimantis katoptroides,Pristimantis katoptroides,AmphibiaWeb
Pristimantis kayi,Pristimantis kayi,AmphibiaWeb
Pristimantis kelephas,Pristimantis kelephas,AmphibiaWeb
Pristimantis kelephus,Pristimantis kelephas,AmphibiaWeb
Pristimantis kichwarum,Pristimantis kichwarum,AmphibiaWeb
Pristimantis kirklandi,Pristimantis kirklandi,AmphibiaWeb
Pristimantis kiruhampatu,Pristimantis kiruhampatu,AmphibiaWeb
Pristimantis koehleri,Pristimantis koehleri,AmphibiaWeb
Pristimantis koki,Pristimantis koki,AmphibiaWeb
Pristimantis kopinangae,Pristimantis kopinangae,AmphibiaWeb
Pristimantis kunam,Pristimantis kunam,AmphibiaWeb
Pristimantis kuri,Pristimantis kuri,AmphibiaWeb
Pristimantis labiosus,Pristimantis labiosus,AmphibiaWeb
Pristimantis lacrimosus,Pristimantis lacrimosus,AmphibiaWeb
Pristimantis lancinii,Pristimantis lancinii,AmphibiaWeb
Pristimantis lanthanites,Pristimantis lanthanites,AmphibiaWeb
Pristimantis lasalleorum,Pristimantis lasalleorum,AmphibiaWeb
Pristimantis lassoalcalai,Tachiramantis lassoalcalai,AmphibiaWeb
Pristimantis latericius,Pristimantis latericius,AmphibiaWeb
Pristimantis laticlavius,Pristimantis laticlavius,AmphibiaWeb
Pristimantis latidiscus,Pristimantis latidiscus,AmphibiaWeb
Pristimantis latro,Pristimantis latro,AmphibiaWeb
Pristimantis ledzeppelin,Pristimantis ledzeppelin,AmphibiaWeb
Pristimantis lemur,Pristimantis lemur,AmphibiaWeb
Pristimantis leoni,Pristimantis leoni,AmphibiaWeb
Pristimantis leopardus,Pristimantis leopardus,AmphibiaWeb
Pristimantis leptolophus,Pristimantis leptolophus,AmphibiaWeb
Pristimantis leucopus,Pristimantis leucopus,AmphibiaWeb
Pristimantis leucorrhinus,Pristimantis leucorrhinus,AmphibiaWeb
Pristimantis librarius,Pristimantis librarius,AmphibiaWeb
Pristimantis lichenoides,Pristimantis lichenoides,AmphibiaWeb
Pristimantis limoncochensis,Pristimantis limoncochensis,AmphibiaWeb
Pristimantis lindae,Pristimantis lindae,AmphibiaWeb
Pristimantis lirellus,Pristimantis lirellus,AmphibiaWeb
Pristimantis lividus,Pristimantis lividus,AmphibiaWeb
Pristimantis llanganati,Pristimantis llanganati,AmphibiaWeb
Pristimantis llojsintuta,Pristimantis llojsintuta,AmphibiaWeb
Pristimantis loeslein,Pristimantis loeslein,AmphibiaWeb
Pristimantis lojanus,Pristimantis lojanus,AmphibiaWeb
Pristimantis longicorpus,Pristimantis longicorpus,AmphibiaWeb
Pristimantis loujosti,Pristimantis loujosti,AmphibiaWeb
Pristimantis loustes,Pristimantis loustes,AmphibiaWeb
Pristimantis lucasi,Pristimantis lucasi,AmphibiaWeb
Pristimantis lucidosignatus,Pristimantis lucidosignatus,AmphibiaWeb
Pristimantis luscombei,Pristimantis luscombei,AmphibiaWeb
Pristimantis luteolateralis,Pristimantis luteolateralis,AmphibiaWeb
Pristimantis lutitus,Pristimantis lutitus,AmphibiaWeb
Pristimantis lutzae,Pristimantis lutzae,AmphibiaWeb
Pristimantis lymani,Pristimantis lymani,AmphibiaWeb
Pristimantis lynchi,Pristimantis lynchi,AmphibiaWeb
Pristimantis lythrodes,Pristimantis lythrodes,AmphibiaWeb
Pristimantis maculosus,Pristimantis maculosus,AmphibiaWeb
Pristimantis malkini,Pristimantis malkini,AmphibiaWeb
Pristimantis mallii,Pristimantis mallii,AmphibiaWeb
Pristimantis marahuaka,Pristimantis marahuaka,AmphibiaWeb
Pristimantis marcoreyesi,Pristimantis marcoreyesi,AmphibiaWeb
Pristimantis mariaelenae,Pristimantis mariaelenae,AmphibiaWeb
Pristimantis marmoratus,Pristimantis marmoratus,AmphibiaWeb
Pristimantis mars,Pristimantis mars,AmphibiaWeb
Pristimantis martiae,Pristimantis martiae,AmphibiaWeb
Pristimantis maryanneae,Pristimantis maryanneae,AmphibiaWeb
Pristimantis matidiktyo,Pristimantis matidiktyo,AmphibiaWeb
Pristimantis matildae,Pristimantis matildae,AmphibiaWeb
Pristimantis mazar,Pristimantis mazar,AmphibiaWeb
Pristimantis mecada,Pristimantis mecada,AmphibiaWeb
Pristimantis medemi,Pristimantis medemi,AmphibiaWeb
Pristimantis megalops,Serranobatrachus megalops,AmphibiaWeb
Pristimantis melanogaster,Pristimantis melanogaster,AmphibiaWeb
Pristimantis melanoproctus,Pristimantis melanoproctus,AmphibiaWeb
Pristimantis melanops,Pristimantis melanops,AmphibiaWeb
Pristimantis memorans,Pristimantis memorans,AmphibiaWeb
Pristimantis mendax,Pristimantis mendax,AmphibiaWeb
Pristimantis meridionalis,Pristimantis meridionalis,AmphibiaWeb
Pristimantis merostictus,Pristimantis merostictus,AmphibiaWeb
Pristimantis metabates,Pristimantis metabates,AmphibiaWeb
Pristimantis miktos,Pristimantis miktos,AmphibiaWeb
Pristimantis miltongallardoi,Pristimantis miltongallardoi,AmphibiaWeb
Pristimantis mindo,Pristimantis mindo,AmphibiaWeb
Pristimantis minimus,Pristimantis minimus,AmphibiaWeb
Pristimantis minutulus,Pristimantis minutulus,AmphibiaWeb
Pristimantis miyatai,Pristimantis miyatai,AmphibiaWeb
Pristimantis mnionaetes,Pristimantis mnionaetes,AmphibiaWeb
Pristimantis moa,Pristimantis moa,AmphibiaWeb
Pristimantis modipeplus,Pristimantis modipeplus,AmphibiaWeb
Pristimantis molybrignus,Pristimantis molybrignus,AmphibiaWeb
Pristimantis mondolfii,Pristimantis mondolfii,AmphibiaWeb
Pristimantis morlaco,Pristimantis morlaco,AmphibiaWeb
Pristimantis moro,Pristimantis moro,AmphibiaWeb
Pristimantis muchimuk,Pristimantis muchimuk,AmphibiaWeb
Pristimantis multicolor,Pristimantis multicolor,AmphibiaWeb
Pristimantis munozi,Pristimantis munozi,AmphibiaWeb
Pristimantis muranunka,Pristimantis muranunka,AmphibiaWeb
Pristimantis muricatus,Pristimantis muricatus,AmphibiaWeb
Pristimantis muscosus,Pristimantis muscosus,AmphibiaWeb
Pristimantis museosus,Pristimantis museosus,AmphibiaWeb
Pristimantis mutabilis,Pristimantis mutabilis,AmphibiaWeb
Pristimantis myersi,Pristimantis myersi,AmphibiaWeb
Pristimantis myops,Pristimantis myops,AmphibiaWeb
Pristimantis nangaritza,Pristimantis nangaritza,AmphibiaWeb
Pristimantis nankints,Pristimantis nankints,AmphibiaWeb
Pristimantis nanus,Pristimantis nanus,AmphibiaWeb
Pristimantis nebulosus,Pristimantis nebulosus,AmphibiaWeb
Pristimantis nelsongalloi,Pristimantis nelsongalloi,AmphibiaWeb
Pristimantis nephophilus,Pristimantis nephophilus,AmphibiaWeb
Pristimantis nervicus,Pristimantis nervicus,AmphibiaWeb
Pristimantis nicefori,Pristimantis nicefori,AmphibiaWeb
Pristimantis nietoi,Pristimantis nietoi,AmphibiaWeb
Pristimantis nigrogriseus,Pristimantis nigrogriseus,AmphibiaWeb
Pristimantis nimbus,Pristimantis nimbus,AmphibiaWeb
Pristimantis normaewingae,Pristimantis normaewingae,AmphibiaWeb
Pristimantis nubisilva,Pristimantis nubisilva,AmphibiaWeb
Pristimantis numbala,Pristimantis numbala,AmphibiaWeb
Pristimantis nunezcortezi,Pristimantis nunezcortezi,AmphibiaWeb
Pristimantis nyctophylax,Pristimantis nyctophylax,AmphibiaWeb
Pristimantis obmutescens,Pristimantis obmutescens,AmphibiaWeb
Pristimantis ocellatus,Pristimantis ocellatus,AmphibiaWeb
Pristimantis ockendeni,Pristimantis ockendeni,AmphibiaWeb
Pristimantis ocreatus,Pristimantis ocreatus,AmphibiaWeb
Pristimantis oculolineatus,Pristimantis oculolineatus,AmphibiaWeb
Pristimantis okmoi,Pristimantis okmoi,AmphibiaWeb
Pristimantis olivaceus,Pristimantis olivaceus,AmphibiaWeb
Pristimantis omarrhynchus,Pristimantis omarrhynchus,AmphibiaWeb
Pristimantis omeviridis,Pristimantis omeviridis,AmphibiaWeb
Pristimantis onorei,Pristimantis onorei,AmphibiaWeb
Pristimantis orcesi,Pristimantis orcesi,AmphibiaWeb
Pristimantis orcus,Pristimantis orcus,AmphibiaWeb
Pristimantis orestes,Pristimantis orestes,AmphibiaWeb
Pristimantis ornatissimus,Pristimantis ornatissimus,AmphibiaWeb
Pristimantis ornatus,Pristimantis ornatus,AmphibiaWeb
Pristimantis orpacobates,Pristimantis orpacobates,AmphibiaWeb
Pristimantis orphnolaimus,Pristimantis orphnolaimus,AmphibiaWeb
Pristimantis ortizi,Pristimantis ortizi,AmphibiaWeb
Pristimantis padiali,Pristimantis padiali,AmphibiaWeb
Pristimantis padrecarlosi,Tachiramantis padrecarlosi,AmphibiaWeb
Pristimantis paganus,Pristimantis paganus,AmphibiaWeb
Pristimantis pahuma,Pristimantis pahuma,AmphibiaWeb
Pristimantis paisa,Pristimantis paisa,AmphibiaWeb
Pristimantis paladines,Pristimantis paladines,AmphibiaWeb
Pristimantis palmeri,Pristimantis palmeri,AmphibiaWeb
Pristimantis paquishae,Pristimantis paquishae,AmphibiaWeb
Pristimantis paramerus,Pristimantis paramerus,AmphibiaWeb
Pristimantis pardalinus,Pristimantis pardalinus,AmphibiaWeb
Pristimantis pardalis,Pristimantis pardalis,AmphibiaWeb
Pristimantis parectatus,Pristimantis parectatus,AmphibiaWeb
Pristimantis pariagnomus,Pristimantis pariagnomus,AmphibiaWeb
Pristimantis parvillus,Pristimantis parvillus,AmphibiaWeb
Pristimantis pastazensis,Pristimantis pastazensis,AmphibiaWeb
Pristimantis pataikos,Pristimantis pataikos,AmphibiaWeb
Pristimantis paulodutrai,Pristimantis paulodutrai,AmphibiaWeb
Pristimantis paulogabrieli,Pristimantis paulogabrieli,AmphibiaWeb
Pristimantis paulpittmani,Pristimantis paulpittmani,AmphibiaWeb
Pristimantis paululus,Pristimantis paululus,AmphibiaWeb
Pristimantis pecki,Pristimantis pecki,AmphibiaWeb
Pristimantis pedimontanus,Pristimantis pedimontanus,AmphibiaWeb
Pristimantis penelopus,Pristimantis penelopus,AmphibiaWeb
Pristimantis peraticus,Pristimantis peraticus,AmphibiaWeb
Pristimantis percnopterus,Pristimantis percnopterus,AmphibiaWeb
Pristimantis percultus,Pristimantis percultus,AmphibiaWeb
Pristimantis permixtus,Pristimantis permixtus,AmphibiaWeb
Pristimantis peruvianus,Pristimantis peruvianus,AmphibiaWeb
Pristimantis petersi,Pristimantis petersi,AmphibiaWeb
Pristimantis petersioides,Pristimantis petersioides,AmphibiaWeb
Pristimantis petrobardus,Pristimantis petrobardus,AmphibiaWeb
Pristimantis phalaroinguinis,Pristimantis phalaroinguinis,AmphibiaWeb
Pristimantis phalarus,Pristimantis phalarus,AmphibiaWeb
Pristimantis pharangobates,Pristimantis pharangobates,AmphibiaWeb
Pristimantis philipi,Pristimantis philipi,AmphibiaWeb
Pristimantis phoxocephalus,Pristimantis phoxocephalus,AmphibiaWeb
Pristimantis phragmipleuron,Pristimantis phragmipleuron,AmphibiaWeb
Pristimantis piceus,Pristimantis piceus,AmphibiaWeb
Pristimantis pichincha,Pristimantis pichincha,AmphibiaWeb
Pristimantis pictus,Pristimantis pictus,AmphibiaWeb
Pristimantis pinchaque,Pristimantis pinchaque,AmphibiaWeb
Pristimantis pinguis,Pristimantis pinguis,AmphibiaWeb
Pristimantis pirrensis,Pristimantis pirrensis,AmphibiaWeb
Pristimantis plateado,Pristimantis plateado,AmphibiaWeb
Pristimantis platychilus,Pristimantis platychilus,AmphibiaWeb
Pristimantis platydactylus,Pristimantis platydactylus,AmphibiaWeb
Pristimantis pleurostriatus,Pristimantis pleurostriatus,AmphibiaWeb
Pristimantis pluvialis,Pristimantis pluvialis,AmphibiaWeb
Pristimantis pluvian,Pristimantis pluvian,AmphibiaWeb
Pristimantis polemistes,Pristimantis polemistes,AmphibiaWeb
Pristimantis polychrus,Pristimantis polychrus,AmphibiaWeb
Pristimantis postducheminorum,Pristimantis postducheminorum,AmphibiaWeb
Pristimantis praemortuus,Pristimantis praemortuus,AmphibiaWeb
Pristimantis pramukae,Pristimantis pramukae,AmphibiaWeb
Pristimantis prolatus,Pristimantis prolatus,AmphibiaWeb
Pristimantis prometeii,Pristimantis hampatusami,AmphibiaWeb
Pristimantis proserpens,Pristimantis proserpens,AmphibiaWeb
Pristimantis pruinatus,Pristimantis pruinatus,AmphibiaWeb
Pristimantis pseudoacuminatus,Pristimantis pseudoacuminatus,AmphibiaWeb
Pristimantis pteridophilus,Pristimantis pteridophilus,AmphibiaWeb
Pristimantis ptochus,Pristimantis ptochus,AmphibiaWeb
Pristimantis pugnax,Pristimantis pugnax,AmphibiaWeb
Pristimantis puipui,Pristimantis puipui,AmphibiaWeb
Pristimantis pulchridormientes,Pristimantis pulchridormientes,AmphibiaWeb
Pristimantis pulvinatus,Pristimantis pulvinatus,AmphibiaWeb
Pristimantis punzan,Pristimantis punzan,AmphibiaWeb
Pristimantis puruscafeum,Pristimantis puruscafeum,AmphibiaWeb
Pristimantis pycnodermis,Pristimantis pycnodermis,AmphibiaWeb
Pristimantis pyrrhomerus,Pristimantis pyrrhomerus,AmphibiaWeb
Pristimantis quantus,Pristimantis quantus,AmphibiaWeb
Pristimantis quaquaversus,Pristimantis quaquaversus,AmphibiaWeb
Pristimantis quicato,Pristimantis quicato,AmphibiaWeb
Pristimantis quinquagesimus,Pristimantis quinquagesimus,AmphibiaWeb
Pristimantis quintanai,Pristimantis quintanai,AmphibiaWeb
Pristimantis racemus,Pristimantis racemus,AmphibiaWeb
Pristimantis ramagii,Pristimantis ramagii,AmphibiaWeb
Pristimantis rameshpateli,Pristimantis rameshpateli,AmphibiaWeb
Pristimantis reclusas,Pristimantis reclusas,AmphibiaWeb
Pristimantis regadatore,Pristimantis regadatore,AmphibiaWeb
Pristimantis reichlei,Pristimantis reichlei,AmphibiaWeb
Pristimantis relictus,Pristimantis relictus,AmphibiaWeb
Pristimantis renjiforum,Pristimantis renjiforum,AmphibiaWeb
Pristimantis repens,Pristimantis repens,AmphibiaWeb
Pristimantis resistencia,Pristimantis resistencia,AmphibiaWeb
Pristimantis restrepoi,Pristimantis restrepoi,AmphibiaWeb
Pristimantis reticulatus,Pristimantis reticulatus,AmphibiaWeb
Pristimantis rhabdocnemus,Pristimantis rhabdocnemus,AmphibiaWeb
Pristimantis rhabdolaemus,Pristimantis rhabdolaemus,AmphibiaWeb
Pristimantis rhigophilus,Pristimantis rhigophilus,AmphibiaWeb
Pristimantis rhodoplichus,Pristimantis rhodoplichus,AmphibiaWeb
Pristimantis rhodostichus,Pristimantis rhodostichus,AmphibiaWeb
Pristimantis ridens,Pristimantis ridens,AmphibiaWeb
Pristimantis rivasi,Pristimantis rivasi,AmphibiaWeb
Pristimantis riveroi,Pristimantis riveroi,AmphibiaWeb
Pristimantis riveti,Pristimantis riveti,AmphibiaWeb
Pristimantis robayoi,Pristimantis robayoi,AmphibiaWeb
Pristimantis romanorum,Pristimantis romanorum,AmphibiaWeb
Pristimantis romeroae,Pristimantis romeroae,AmphibiaWeb
Pristimantis roni,Pristimantis roni,AmphibiaWeb
Pristimantis rosadoi,Pristimantis rosadoi,AmphibiaWeb
Pristimantis roseus,Pristimantis roseus,AmphibiaWeb
Pristimantis royi,Pristimantis royi,AmphibiaWeb
Pristimantis rozei,Pristimantis rozei,AmphibiaWeb
Pristimantis rubicundus,Pristimantis rubicundus,AmphibiaWeb
Pristimantis ruedai,Pristimantis ruedai,AmphibiaWeb
Pristimantis rufioculis,Pristimantis rufioculis,AmphibiaWeb
Pristimantis rufoviridis,Pristimantis rufoviridis,AmphibiaWeb
Pristimantis ruidus,Pristimantis ruidus,AmphibiaWeb
Pristimantis rupicola,Pristimantis rupicola,AmphibiaWeb
Pristimantis ruthveni,Serranobatrachus ruthveni,AmphibiaWeb
Pristimantis sacharuna,Pristimantis sacharuna,AmphibiaWeb
Pristimantis sagedunneae,Pristimantis sagedunneae,AmphibiaWeb
Pristimantis sagittulus,Pristimantis sagittulus,AmphibiaWeb
Pristimantis salaputium,Pristimantis salaputium,AmphibiaWeb
Pristimantis saltissimus,Pristimantis saltissimus,AmphibiaWeb
Pristimantis samaipatae,Pristimantis samaipatae,AmphibiaWeb
Pristimantis samaniegoi,Pristimantis samaniegoi,AmphibiaWeb
Pristimantis sambalan,Pristimantis sambalan,AmphibiaWeb
Pristimantis sanctaemartae,Serranobatrachus sanctaemartae,AmphibiaWeb
Pristimantis sanguineus,Pristimantis sanguineus,AmphibiaWeb
Pristimantis sarisarinama,Pristimantis sarisarinama,AmphibiaWeb
Pristimantis satagius,Pristimantis satagius,AmphibiaWeb
Pristimantis satheri,Pristimantis satheri,AmphibiaWeb
Pristimantis saturninoi,Pristimantis saturninoi,AmphibiaWeb
Pristimantis savagei,Pristimantis savagei,AmphibiaWeb
Pristimantis schultei,Pristimantis schultei,AmphibiaWeb
Pristimantis scitulus,Pristimantis scitulus,AmphibiaWeb
Pristimantis scoloblepharus,Pristimantis scoloblepharus,AmphibiaWeb
Pristimantis scolodiscus,Pristimantis scolodiscus,AmphibiaWeb
Pristimantis scopaeus,Pristimantis scopaeus,AmphibiaWeb
Pristimantis seorsus,Pristimantis seorsus,AmphibiaWeb
Pristimantis serendipitus,Pristimantis serendipitus,AmphibiaWeb
Pristimantis shrevei,Pristimantis shrevei,AmphibiaWeb
Pristimantis signifer,Pristimantis signifer,AmphibiaWeb
Pristimantis silverstonei,Pristimantis silverstonei,AmphibiaWeb
Pristimantis similaris,Pristimantis similaris,AmphibiaWeb
Pristimantis simonbolivari,Pristimantis simonbolivari,AmphibiaWeb
Pristimantis simonsii,Pristimantis simonsii,AmphibiaWeb
Pristimantis simoteriscus,Pristimantis simoteriscus,AmphibiaWeb
Pristimantis simoterus,Pristimantis simoterus,AmphibiaWeb
Pristimantis sinschi,Pristimantis sinschi,AmphibiaWeb
Pristimantis siopelus,Pristimantis siopelus,AmphibiaWeb
Pristimantis sira,Pristimantis sira,AmphibiaWeb
Pristimantis sirnigeli,Pristimantis sirnigeli,AmphibiaWeb
Pristimantis skydmainos,Pristimantis skydmainos,AmphibiaWeb
Pristimantis sneiderni,Pristimantis sneiderni,AmphibiaWeb
Pristimantis sobetes,Pristimantis sobetes,AmphibiaWeb
Pristimantis spectabilis,Pristimantis spectabilis,AmphibiaWeb
Pristimantis spilogaster,Pristimantis spilogaster,AmphibiaWeb
Pristimantis spinosus,Pristimantis spinosus,AmphibiaWeb
Pristimantis stegolepis,Pristimantis vilarsi,AmphibiaWeb
Pristimantis stenodiscus,Pristimantis stenodiscus,AmphibiaWeb
Pristimantis sternothylax,Pristimantis sternothylax,AmphibiaWeb
Pristimantis stictoboubonus,Pristimantis stictoboubonus,AmphibiaWeb
Pristimantis stictogaster,Pristimantis stictogaster,AmphibiaWeb
Pristimantis stictus,Pristimantis stictus,AmphibiaWeb
Pristimantis stipa,Pristimantis stipa,AmphibiaWeb
Pristimantis subsigillatus,Pristimantis subsigillatus,AmphibiaWeb
Pristimantis suetus,Pristimantis suetus,AmphibiaWeb
Pristimantis sulculus,Pristimantis sulculus,AmphibiaWeb
Pristimantis supernatis,Pristimantis supernatis,AmphibiaWeb
Pristimantis surdus,Pristimantis surdus,AmphibiaWeb
Pristimantis susaguae,Pristimantis susaguae,AmphibiaWeb
Pristimantis symptosus,Pristimantis symptosus,AmphibiaWeb
Pristimantis taciturnus,Pristimantis taciturnus,AmphibiaWeb
Pristimantis taeniatus,Pristimantis taeniatus,AmphibiaWeb
Pristimantis tamia,Pristimantis tamia,AmphibiaWeb
Pristimantis tamsitti,Pristimantis tamsitti,AmphibiaWeb
Pristimantis tantanti,Pristimantis tantanti,AmphibiaWeb
Pristimantis tanyrhynchus,Pristimantis tanyrhynchus,AmphibiaWeb
Pristimantis tayrona,Tachiramantis tayrona,AmphibiaWeb
Pristimantis telefericus,Pristimantis telefericus,AmphibiaWeb
Pristimantis tenebrionis,Pristimantis tenebrionis,AmphibiaWeb
Pristimantis tepuiensis,Pristimantis guaiquinimensis,AmphibiaWeb
Pristimantis terraebolivaris,Pristimantis terraebolivaris,AmphibiaWeb
Pristimantis terrapacis,Pristimantis terrapacis,AmphibiaWeb
Pristimantis teslai,Pristimantis teslai,AmphibiaWeb
Pristimantis thectopternus,Pristimantis thectopternus,AmphibiaWeb
Pristimantis thyellus,Pristimantis thyellus,AmphibiaWeb
Pristimantis thymalopsoides,Pristimantis thymalopsoides,AmphibiaWeb
Pristimantis thymelensis,Pristimantis thymelensis,AmphibiaWeb
Pristimantis tiktik,Pristimantis tiktik,AmphibiaWeb
Pristimantis tinajillas,Pristimantis tinajillas,AmphibiaWeb
Pristimantis tinguichaca,Pristimantis tinguichaca,AmphibiaWeb
Pristimantis toftae,Pristimantis toftae,AmphibiaWeb
Pristimantis torrenticola,Pristimantis torrenticola,AmphibiaWeb
Pristimantis torresi,Pristimantis torresi,AmphibiaWeb
Pristimantis totoroi,Pristimantis totoroi,AmphibiaWeb
Pristimantis trachyblepharis,Pristimantis trachyblepharis,AmphibiaWeb
Pristimantis translucidus,Pristimantis translucidus,AmphibiaWeb
Pristimantis tribulosus,Pristimantis tribulosus,AmphibiaWeb
Pristimantis truebae,Pristimantis truebae,AmphibiaWeb
Pristimantis tubernasus,Pristimantis tubernasus,AmphibiaWeb
Pristimantis tungurahua,Pristimantis tungurahua,AmphibiaWeb
Pristimantis turik,Pristimantis turik,AmphibiaWeb
Pristimantis turpinorum,Pristimantis turpinorum,AmphibiaWeb
Pristimantis turumiquirensis,Pristimantis turumiquirensis,AmphibiaWeb
Pristimantis uisae,Pristimantis uisae,AmphibiaWeb
Pristimantis ujucami,Pristimantis ujucami,AmphibiaWeb
Pristimantis unistrigatus,Pristimantis unistrigatus,AmphibiaWeb
Pristimantis urani,Pristimantis urani,AmphibiaWeb
Pristimantis uranobates,Pristimantis uranobates,AmphibiaWeb
Pristimantis urichi,Pristimantis urichi,AmphibiaWeb
Pristimantis vanadise,Pristimantis vanadise,AmphibiaWeb
Pristimantis variabilis,Pristimantis variabilis,AmphibiaWeb
Pristimantis veletis,Pristimantis veletis,AmphibiaWeb
Pristimantis venegasi,Pristimantis venegasi,AmphibiaWeb
Pristimantis ventrigranulosus,Pristimantis ventrigranulosus,AmphibiaWeb
Pristimantis ventriguttatus,Pristimantis ventriguttatus,AmphibiaWeb
Pristimantis ventrimarmoratus,Pristimantis ventrimarmoratus,AmphibiaWeb
Pristimantis ventristellatus,Pristimantis ventristellatus,AmphibiaWeb
Pristimantis verecundus,Pristimantis verecundus,AmphibiaWeb
Pristimantis vermiculatus,Pristimantis petrobardus,AmphibiaWeb
Pristimantis verrucolatus,Pristimantis verrucolatus,AmphibiaWeb
Pristimantis verrucosus,Pristimantis verrucosus,AmphibiaWeb
Pristimantis versicolor,Pristimantis versicolor,AmphibiaWeb
Pristimantis vertebralis,Pristimantis vertebralis,AmphibiaWeb
Pristimantis vicarius,Pristimantis vicarius,AmphibiaWeb
Pristimantis vidua,Pristimantis vidua,AmphibiaWeb
Pristimantis viejas,Pristimantis viejas,AmphibiaWeb
Pristimantis vilarsi,Pristimantis vilarsi,AmphibiaWeb
Pristimantis vilcabambae,Pristimantis vilcabambae,AmphibiaWeb
Pristimantis vinhai,Pristimantis vinhai,AmphibiaWeb
Pristimantis viridicans,Pristimantis viridicans,AmphibiaWeb
Pristimantis viridis,Pristimantis viridis,AmphibiaWeb
Pristimantis vrazi,Pristimantis vrazi,AmphibiaWeb
Pristimantis w-nigrum,Pristimantis w-nigrum,AmphibiaWeb
Pristimantis wagteri,Pristimantis wagteri,AmphibiaWeb
Pristimantis walkeri,Pristimantis walkeri,AmphibiaWeb
Pristimantis waoranii,Pristimantis waoranii,AmphibiaWeb
Pristimantis wiensi,Pristimantis wiensi,AmphibiaWeb
Pristimantis xeniolum,Pristimantis xeniolum,AmphibiaWeb
Pristimantis xestus,Pristimantis xestus,AmphibiaWeb
Pristimantis xylochobates,Pristimantis xylochobates,AmphibiaWeb
Pristimantis yanahampatu,Pristimantis yanahampatu,AmphibiaWeb
Pristimantis yanezi,Pristimantis yanezi,AmphibiaWeb
Pristimantis yantzaza,Pristimantis yantzaza,AmphibiaWeb
Pristimantis yaviensis,Pristimantis yaviensis,AmphibiaWeb
Pristimantis yonke,Pristimantis yonke,AmphibiaWeb
Pristimantis yukpa,Pristimantis yukpa,AmphibiaWeb
Pristimantis yumbo,Pristimantis yumbo,AmphibiaWeb
Pristimantis yuruaniensis,Pristimantis yuruaniensis,AmphibiaWeb
Pristimantis yustizi,Pristimantis yustizi,AmphibiaWeb
Pristimantis zeuctotylus,Pristimantis zeuctotylus,AmphibiaWeb
Pristimantis zimmermanae,Pristimantis zimmermanae,AmphibiaWeb
Pristimantis zoilae,Pristimantis zoilae,AmphibiaWeb
Pristimantis zophus,Pristimantis zophus,AmphibiaWeb
Pristimantis zorro,Pristimantis zorro,AmphibiaWeb
Probreviceps durirostris,Probreviceps durirostris,AmphibiaWeb
Probreviceps loveridgei,Probreviceps loveridgei,AmphibiaWeb
Probreviceps macrodactylus,Probreviceps macrodactylus,AmphibiaWeb
Probreviceps rhodesianus,Probreviceps rhodesianus,AmphibiaWeb
Probreviceps rungwensis,Probreviceps rungwensis,AmphibiaWeb
Probreviceps uluguruensis,Probreviceps uluguruensis,AmphibiaWeb
Proceratophrys appendiculata,Proceratophrys appendiculata,AmphibiaWeb
Proceratophrys ararype,Proceratophrys ararype,AmphibiaWeb
Proceratophrys aridus,Proceratophrys cristiceps,AmphibiaWeb
Proceratophrys avelinoi,Proceratophrys avelinoi,AmphibiaWeb
Proceratophrys bagnoi,Proceratophrys bagnoi,AmphibiaWeb
Proceratophrys belzebul,Proceratophrys belzebul,AmphibiaWeb
Proceratophrys bigibbosa,Proceratophrys bigibbosa,AmphibiaWeb
Proceratophrys boiei,Proceratophrys boiei,AmphibiaWeb
Proceratophrys branti,Proceratophrys branti,AmphibiaWeb
Proceratophrys brauni,Proceratophrys brauni,AmphibiaWeb
Proceratophrys caramaschii,Proceratophrys cristiceps,AmphibiaWeb
Proceratophrys carranca,Proceratophrys carranca,AmphibiaWeb
Proceratophrys concavitympanum,Proceratophrys concavitympanum,AmphibiaWeb
Proceratophrys cristiceps,Proceratophrys cristiceps,AmphibiaWeb
Proceratophrys cururu,Proceratophrys cururu,AmphibiaWeb
Proceratophrys dibernardoi,Proceratophrys dibernardoi,AmphibiaWeb
Proceratophrys gladius,Proceratophrys gladius,AmphibiaWeb
Proceratophrys goyana,Proceratophrys goyana,AmphibiaWeb
Proceratophrys huntingtoni,Proceratophrys huntingtoni,AmphibiaWeb
Proceratophrys intermedia,Proceratophrys intermedia,AmphibiaWeb
Proceratophrys itamari,Proceratophrys itamari,AmphibiaWeb
Proceratophrys izecksohni,Proceratophrys izecksohni,AmphibiaWeb
Proceratophrys kaingang,Proceratophrys kaingang,AmphibiaWeb
Proceratophrys korekore,Proceratophrys korekore,AmphibiaWeb
Proceratophrys laticeps,Proceratophrys laticeps,AmphibiaWeb
Proceratophrys mantiqueira,Proceratophrys mantiqueira,AmphibiaWeb
Proceratophrys melanopogon,Proceratophrys melanopogon,AmphibiaWeb
Proceratophrys minuta,Proceratophrys minuta,AmphibiaWeb
Proceratophrys moehringi,Proceratophrys moehringi,AmphibiaWeb
Proceratophrys moratoi,Proceratophrys moratoi,AmphibiaWeb
Proceratophrys palustris,Proceratophrys palustris,AmphibiaWeb
Proceratophrys paviotii,Proceratophrys paviotii,AmphibiaWeb
Proceratophrys phyllostoma,Proceratophrys phyllostomus,AmphibiaWeb
Proceratophrys phyllostomus,Proceratophrys phyllostomus,AmphibiaWeb
Proceratophrys pombali,Proceratophrys pombali,AmphibiaWeb
Proceratophrys redacta,Proceratophrys redacta,AmphibiaWeb
Proceratophrys renalis,Proceratophrys renalis,AmphibiaWeb
Proceratophrys rondonae,Proceratophrys rondonae,AmphibiaWeb
Proceratophrys rotundipalpebra,Proceratophrys rotundipalpebra,AmphibiaWeb
Proceratophrys salvatori,Proceratophrys salvatori,AmphibiaWeb
Proceratophrys sanctaritae,Proceratophrys sanctaritae,AmphibiaWeb
Proceratophrys schirchi,Proceratophrys schirchi,AmphibiaWeb
Proceratophrys strussmannae,Proceratophrys strussmannae,AmphibiaWeb
Proceratophrys subguttata,Proceratophrys subguttata,AmphibiaWeb
Proceratophrys tupinambis,Proceratophrys tupinambis,AmphibiaWeb
Proceratophrys vielliardi,Proceratophrys vielliardi,AmphibiaWeb
Prostherapis dunni,Colostethus dunni,AmphibiaWeb
Prostherapis fuliginosus,Hyloxalus fuliginosus,AmphibiaWeb
Proteus anguinus,Proteus anguinus,AmphibiaWeb
Protohynobius puxiongensis,Pseudohynobius puxiongensis,AmphibiaWeb
Pseudacris brachyphona,Pseudacris brachyphona,AmphibiaWeb
Pseudacris brimleyi,Pseudacris brimleyi,AmphibiaWeb
Pseudacris cadaverina,Pseudacris cadaverina,AmphibiaWeb
Pseudacris clarkii,Pseudacris clarkii,AmphibiaWeb
Pseudacris collinsorum,Pseudacris collinsorum,AmphibiaWeb
Pseudacris crucifer,Pseudacris crucifer,AmphibiaWeb
Pseudacris feriarum,Pseudacris feriarum,AmphibiaWeb
Pseudacris fouquettei,Pseudacris fouquettei,AmphibiaWeb
Pseudacris hypochondriaca,Pseudacris regilla,AmphibiaWeb
Pseudacris hypochondrialis,Pseudacris regilla,AmphibiaWeb
Pseudacris illinoensis,Pseudacris illinoensis,AmphibiaWeb
Pseudacris kalmi,Pseudacris kalmi,AmphibiaWeb
Pseudacris maculata,Pseudacris maculata,AmphibiaWeb
Pseudacris nigrita,Pseudacris nigrita,AmphibiaWeb
Pseudacris ocularis,Pseudacris ocularis,AmphibiaWeb
Pseudacris ornata,Pseudacris ornata,AmphibiaWeb
Pseudacris regilla,Pseudacris regilla,AmphibiaWeb
Pseudacris sierrae,Pseudacris regilla,AmphibiaWeb
Pseudacris streckeri,Pseudacris streckeri,AmphibiaWeb
Pseudacris triseriata,Pseudacris triseriata,AmphibiaWeb
Pseudepidalea viridis,Bufotes viridis,AmphibiaWeb
Pseudhymenochirus merlini,Pseudhymenochirus merlini,AmphibiaWeb
Pseudis bolbodactyla,Pseudis bolbodactyla,AmphibiaWeb
Pseudis boliviana,Pseudis boliviana,AmphibiaWeb
Pseudis caraya,Pseudis caraya,AmphibiaWeb
Pseudis cardosoi,Pseudis cardosoi,AmphibiaWeb
Pseudis fusca,Pseudis fusca,AmphibiaWeb
Pseudis laevis,Pseudis laevis,AmphibiaWeb
Pseudis limellum,Pseudis limellum,AmphibiaWeb
Pseudis minuta,Pseudis minuta,AmphibiaWeb
Pseudis paradoxa,Pseudis paradoxa,AmphibiaWeb
Pseudis platensis,Pseudis platensis,AmphibiaWeb
Pseudis tocantins,Pseudis tocantins,AmphibiaWeb
Pseudoamolops sauteri,Rana sauteri,AmphibiaWeb
Pseudobranchus axanthus,Pseudobranchus axanthus,AmphibiaWeb
Pseudobranchus striatus,Pseudobranchus striatus,AmphibiaWeb
Pseudobufo subasper,Pseudobufo subasper,AmphibiaWeb
Pseudocallulops eurydactylus,Asterophrys eurydactylus,AmphibiaWeb
Pseudocallulops foja,Asterophrys foja,AmphibiaWeb
Pseudocallulops pullifer,Asterophrys pullifer,AmphibiaWeb
Pseudoeurycea ahuitzotl,Pseudoeurycea ahuitzotl,AmphibiaWeb
Pseudoeurycea altamontana,Pseudoeurycea altamontana,AmphibiaWeb
Pseudoeurycea amuzga,Pseudoeurycea amuzga,AmphibiaWeb
Pseudoeurycea anitae,Pseudoeurycea anitae,AmphibiaWeb
Pseudoeurycea aquatica,Pseudoeurycea aquatica,AmphibiaWeb
Pseudoeurycea aurantia,Pseudoeurycea aurantia,AmphibiaWeb
Pseudoeurycea bellii,Isthmura bellii,AmphibiaWeb
Pseudoeurycea brunnata,Pseudoeurycea brunnata,AmphibiaWeb
Pseudoeurycea cephalica,Aquiloeurycea cephalica,AmphibiaWeb
Pseudoeurycea cochranae,Pseudoeurycea cochranae,AmphibiaWeb
Pseudoeurycea conanti,Pseudoeurycea conanti,AmphibiaWeb
Pseudoeurycea euguii,Pseudoeurycea euguii,AmphibiaWeb
Pseudoeurycea exspectata,Pseudoeurycea exspectata,AmphibiaWeb
Pseudoeurycea firscheini,Pseudoeurycea firscheini,AmphibiaWeb
Pseudoeurycea gadovii,Pseudoeurycea gadovii,AmphibiaWeb
Pseudoeurycea galeanae,Aquiloeurycea galeanae,AmphibiaWeb
Pseudoeurycea gigantea,Isthmura gigantea,AmphibiaWeb
Pseudoeurycea goebeli,Pseudoeurycea goebeli,AmphibiaWeb
Pseudoeurycea granitum,Pseudoeurycea granitum,AmphibiaWeb
Pseudoeurycea jaguar,Pseudoeurycea jaguar,AmphibiaWeb
Pseudoeurycea juarezi,Pseudoeurycea juarezi,AmphibiaWeb
Pseudoeurycea kuautli,Pseudoeurycea kuautli,AmphibiaWeb
Pseudoeurycea leprosa,Pseudoeurycea leprosa,AmphibiaWeb
Pseudoeurycea lineola,Pseudoeurycea lineola,AmphibiaWeb
Pseudoeurycea longicauda,Pseudoeurycea longicauda,AmphibiaWeb
Pseudoeurycea lynchi,Pseudoeurycea lynchi,AmphibiaWeb
Pseudoeurycea melanomolga,Pseudoeurycea melanomolga,AmphibiaWeb
Pseudoeurycea mixcoatl,Pseudoeurycea mixcoatl,AmphibiaWeb
Pseudoeurycea mixteca,Pseudoeurycea mixteca,AmphibiaWeb
Pseudoeurycea mystax,Pseudoeurycea mystax,AmphibiaWeb
Pseudoeurycea natsii,Pseudoeurycea natsii,AmphibiaWeb
Pseudoeurycea naucampatepetl,Isthmura naucampatepetl,AmphibiaWeb
Pseudoeurycea nigra,Ixalotriton niger,AmphibiaWeb
Pseudoeurycea nigromaculata,Pseudoeurycea nigromaculata,AmphibiaWeb
Pseudoeurycea obesa,Pseudoeurycea obesa,AmphibiaWeb
Pseudoeurycea orchileucos,Pseudoeurycea orchileucos,AmphibiaWeb
Pseudoeurycea orchimelas,Pseudoeurycea orchimelas,AmphibiaWeb
Pseudoeurycea papenfussi,Pseudoeurycea papenfussi,AmphibiaWeb
Pseudoeurycea parraoleae,Pseudoeurycea parraoleae,AmphibiaWeb
Pseudoeurycea praecellens,Aquiloeurycea praecellens,AmphibiaWeb
Pseudoeurycea rex,Pseudoeurycea rex,AmphibiaWeb
Pseudoeurycea robertsi,Pseudoeurycea robertsi,AmphibiaWeb
Pseudoeurycea ruficauda,Pseudoeurycea ruficauda,AmphibiaWeb
Pseudoeurycea saltator,Pseudoeurycea saltator,AmphibiaWeb
Pseudoeurycea scandens,Aquiloeurycea scandens,AmphibiaWeb
Pseudoeurycea smithi,Pseudoeurycea smithi,AmphibiaWeb
Pseudoeurycea tenchalli,Pseudoeurycea tenchalli,AmphibiaWeb
Pseudoeurycea teotepec,Pseudoeurycea teotepec,AmphibiaWeb
Pseudoeurycea tlahcuiloh,Pseudoeurycea tlahcuiloh,AmphibiaWeb
Pseudoeurycea tlilicxitl,Pseudoeurycea tlilicxitl,AmphibiaWeb
Pseudoeurycea unguidentis,Pseudoeurycea unguidentis,AmphibiaWeb
Pseudoeurycea werleri,Pseudoeurycea werleri,AmphibiaWeb
Pseudohynobius flavomaculatus,Pseudohynobius flavomaculatus,AmphibiaWeb
Pseudohynobius guizhouensis,Pseudohynobius guizhouensis,AmphibiaWeb
Pseudohynobius jinfo,Pseudohynobius jinfo,AmphibiaWeb
Pseudohynobius kuankuoshuiensis,Pseudohynobius kuankuoshuiensis,AmphibiaWeb
Pseudohynobius puxiongensis,Pseudohynobius puxiongensis,AmphibiaWeb
Pseudohynobius shuichengensis,Pseudohynobius shuichengensis,AmphibiaWeb
Pseudohynobius tsinpaensis,Liua tsinpaensis,AmphibiaWeb
Pseudopaludicola ameghini,Pseudopaludicola ameghini,AmphibiaWeb
Pseudopaludicola atragula,Pseudopaludicola atragula,AmphibiaWeb
Pseudopaludicola boliviana,Pseudopaludicola boliviana,AmphibiaWeb
Pseudopaludicola canga,Pseudopaludicola canga,AmphibiaWeb
Pseudopaludicola ceratophyes,Pseudopaludicola ceratophyes,AmphibiaWeb
Pseudopaludicola chimaera,Pseudopaludicola chimaera,AmphibiaWeb
Pseudopaludicola coracoralinae,Pseudopaludicola coracoralinae,AmphibiaWeb
Pseudopaludicola facureae,Pseudopaludicola facureae,AmphibiaWeb
Pseudopaludicola falcipes,Pseudopaludicola falcipes,AmphibiaWeb
Pseudopaludicola florencei,Pseudopaludicola florencei,AmphibiaWeb
Pseudopaludicola giarettai,Pseudopaludicola giarettai,AmphibiaWeb
Pseudopaludicola hyleaustralis,Pseudopaludicola hyleaustralis,AmphibiaWeb
Pseudopaludicola ibisoroca,Pseudopaludicola ibisoroca,AmphibiaWeb
Pseudopaludicola jaredi,Pseudopaludicola jaredi,AmphibiaWeb
Pseudopaludicola javae,Pseudopaludicola javae,AmphibiaWeb
Pseudopaludicola jazmynmcdonaldae,Pseudopaludicola jazmynmcdonaldae,AmphibiaWeb
Pseudopaludicola llanera,Pseudopaludicola llanera,AmphibiaWeb
Pseudopaludicola matuta,Pseudopaludicola matuta,AmphibiaWeb
Pseudopaludicola mineira,Pseudopaludicola mineira,AmphibiaWeb
Pseudopaludicola motorzinho,Pseudopaludicola motorzinho,AmphibiaWeb
Pseudopaludicola murundu,Pseudopaludicola murundu,AmphibiaWeb
Pseudopaludicola mystacalis,Pseudopaludicola mystacalis,AmphibiaWeb
Pseudopaludicola parnaiba,Pseudopaludicola parnaiba,AmphibiaWeb
Pseudopaludicola pocoto,Pseudopaludicola pocoto,AmphibiaWeb
Pseudopaludicola pusilla,Pseudopaludicola pusilla,AmphibiaWeb
Pseudopaludicola restinga,Pseudopaludicola restinga,AmphibiaWeb
Pseudopaludicola riopiedadensis,Pseudopaludicola ternetzi,AmphibiaWeb
Pseudopaludicola saltica,Pseudopaludicola saltica,AmphibiaWeb
Pseudopaludicola ternetzi,Pseudopaludicola ternetzi,AmphibiaWeb
Pseudophilautus abundus,Pseudophilautus abundus,AmphibiaWeb
Pseudophilautus adspersus,Pseudophilautus adspersus,AmphibiaWeb
Pseudophilautus alto,Pseudophilautus alto,AmphibiaWeb
Pseudophilautus amboli,Pseudophilautus amboli,AmphibiaWeb
Pseudophilautus asankai,Pseudophilautus asankai,AmphibiaWeb
Pseudophilautus auratus,Pseudophilautus auratus,AmphibiaWeb
Pseudophilautus bambaradeniyai,Pseudophilautus bambaradeniyai,AmphibiaWeb
Pseudophilautus caeruleus,Pseudophilautus caeruleus,AmphibiaWeb
Pseudophilautus cavirostris,Pseudophilautus cavirostris,AmphibiaWeb
Pseudophilautus cuspis,Pseudophilautus cuspis,AmphibiaWeb
Pseudophilautus dayawansai,Pseudophilautus dayawansai,AmphibiaWeb
Pseudophilautus decoris,Pseudophilautus decoris,AmphibiaWeb
Pseudophilautus dilmah,Pseudophilautus hankeni,AmphibiaWeb
Pseudophilautus dimbullae,Pseudophilautus dimbullae,AmphibiaWeb
Pseudophilautus eximius,Pseudophilautus eximius,AmphibiaWeb
Pseudophilautus extirpo,Pseudophilautus extirpo,AmphibiaWeb
Pseudophilautus femoralis,Pseudophilautus femoralis,AmphibiaWeb
Pseudophilautus fergusonianus,Pseudophilautus fergusonianus,AmphibiaWeb
Pseudophilautus flaviventris,Raorchestes flaviventris,AmphibiaWeb
Pseudophilautus folicola,Pseudophilautus folicola,AmphibiaWeb
Pseudophilautus frankenbergi,Pseudophilautus frankenbergi,AmphibiaWeb
Pseudophilautus fulvus,Pseudophilautus silus,AmphibiaWeb
Pseudophilautus hallidayi,Pseudophilautus fergusonianus,AmphibiaWeb
Pseudophilautus halyi,Pseudophilautus halyi,AmphibiaWeb
Pseudophilautus hankeni,Pseudophilautus hankeni,AmphibiaWeb
Pseudophilautus hoffmanni,Pseudophilautus asankai,AmphibiaWeb
Pseudophilautus hoipolloi,Pseudophilautus hoipolloi,AmphibiaWeb
Pseudophilautus hypomelas,Pseudophilautus hypomelas,AmphibiaWeb
Pseudophilautus jagathgunawardanai,Pseudophilautus jagathgunawardanai,AmphibiaWeb
Pseudophilautus kani,Pseudophilautus kani,AmphibiaWeb
Pseudophilautus karunarathnai,Pseudophilautus karunarathnai,AmphibiaWeb
Pseudophilautus leucorhinus,Pseudophilautus leucorhinus,AmphibiaWeb
Pseudophilautus limbus,Pseudophilautus limbus,AmphibiaWeb
Pseudophilautus lunatus,Pseudophilautus lunatus,AmphibiaWeb
Pseudophilautus macropus,Pseudophilautus macropus,AmphibiaWeb
Pseudophilautus maia,Pseudophilautus maia,AmphibiaWeb
Pseudophilautus malcolmsmithi,Pseudophilautus malcolmsmithi,AmphibiaWeb
Pseudophilautus manipurensis,Pseudophilautus manipurensis,AmphibiaWeb
Pseudophilautus microtympanum,Pseudophilautus microtympanum,AmphibiaWeb
Pseudophilautus mittermeieri,Pseudophilautus mittermeieri,AmphibiaWeb
Pseudophilautus mooreorum,Pseudophilautus mooreorum,AmphibiaWeb
Pseudophilautus nanus,Pseudophilautus nanus,AmphibiaWeb
Pseudophilautus nasutus,Pseudophilautus nasutus,AmphibiaWeb
Pseudophilautus nemus,Pseudophilautus nemus,AmphibiaWeb
Pseudophilautus newtonjayawardanei,Pseudophilautus newtonjayawardanei,AmphibiaWeb
Pseudophilautus ocularis,Pseudophilautus ocularis,AmphibiaWeb
Pseudophilautus oxyrhynchus,Pseudophilautus oxyrhynchus,AmphibiaWeb
Pseudophilautus papillosus,Pseudophilautus papillosus,AmphibiaWeb
Pseudophilautus pardus,Pseudophilautus viridis,AmphibiaWeb
Pseudophilautus poppiae,Pseudophilautus poppiae,AmphibiaWeb
Pseudophilautus popularis,Pseudophilautus popularis,AmphibiaWeb
Pseudophilautus procax,Pseudophilautus abundus,AmphibiaWeb
Pseudophilautus puranappu,Pseudophilautus puranappu,AmphibiaWeb
Pseudophilautus regius,Pseudophilautus regius,AmphibiaWeb
Pseudophilautus rugatus,Pseudophilautus rugatus,AmphibiaWeb
Pseudophilautus rus,Pseudophilautus rus,AmphibiaWeb
Pseudophilautus sahai,Pseudophilautus sahai,AmphibiaWeb
Pseudophilautus samarakoon,Pseudophilautus samarakoon,AmphibiaWeb
Pseudophilautus sarasinorum,Pseudophilautus sarasinorum,AmphibiaWeb
Pseudophilautus schmarda,Pseudophilautus schmarda,AmphibiaWeb
Pseudophilautus schneideri,Pseudophilautus schneideri,AmphibiaWeb
Pseudophilautus semiruber,Pseudophilautus semiruber,AmphibiaWeb
Pseudophilautus shillongensis,Raorchestes shillongensis,AmphibiaWeb
Pseudophilautus silus,Pseudophilautus silus,AmphibiaWeb
Pseudophilautus simba,Pseudophilautus simba,AmphibiaWeb
Pseudophilautus singu,Pseudophilautus singu,AmphibiaWeb
Pseudophilautus sirilwijesundarai,Pseudophilautus sirilwijesundarai,AmphibiaWeb
Pseudophilautus sordidus,Pseudophilautus sordidus,AmphibiaWeb
Pseudophilautus steineri,Pseudophilautus steineri,AmphibiaWeb
Pseudophilautus stellatus,Pseudophilautus stellatus,AmphibiaWeb
Pseudophilautus stictomerus,Pseudophilautus stictomerus,AmphibiaWeb
Pseudophilautus stuarti,Pseudophilautus stuarti,AmphibiaWeb
Pseudophilautus tanu,Pseudophilautus tanu,AmphibiaWeb
Pseudophilautus temporalis,Pseudophilautus temporalis,AmphibiaWeb
Pseudophilautus terebrans,Philautus sanctisilvaticus,AmphibiaWeb
Pseudophilautus variabilis,Pseudophilautus variabilis,AmphibiaWeb
Pseudophilautus viridis,Pseudophilautus viridis,AmphibiaWeb
Pseudophilautus wynaadensis,Pseudophilautus wynaadensis,AmphibiaWeb
Pseudophilautus zal,Pseudophilautus zal,AmphibiaWeb
Pseudophilautus zimmeri,Pseudophilautus zimmeri,AmphibiaWeb
Pseudophilautus zorro,Pseudophilautus zorro,AmphibiaWeb
Pseudophryne australis,Pseudophryne australis,AmphibiaWeb
Pseudophryne bibronii,Pseudophryne bibronii,AmphibiaWeb
Pseudophryne coriacea,Pseudophryne coriacea,AmphibiaWeb
Pseudophryne corroboree,Pseudophryne corroboree,AmphibiaWeb
Pseudophryne corroborree,Pseudophryne corroboree,AmphibiaWeb
Pseudophryne covacevichae,Pseudophryne covacevichae,AmphibiaWeb
Pseudophryne dendyi,Pseudophryne dendyi,AmphibiaWeb
Pseudophryne douglasi,Pseudophryne douglasi,AmphibiaWeb
Pseudophryne guentheri,Pseudophryne guentheri,AmphibiaWeb
Pseudophryne major,Pseudophryne major,AmphibiaWeb
Pseudophryne occidentalis,Pseudophryne occidentalis,AmphibiaWeb
Pseudophryne pengilleyi,Pseudophryne pengilleyi,AmphibiaWeb
Pseudophryne raveni,Pseudophryne raveni,AmphibiaWeb
Pseudophryne robinsoni,Pseudophryne robinsoni,AmphibiaWeb
Pseudophryne semimarmorata,Pseudophryne semimarmorata,AmphibiaWeb
Pseudorana sangzhiensis,Rana sangzhiensis,AmphibiaWeb
Pseudorana weiningensis,Rana weiningensis,AmphibiaWeb
Pseudotriton marginatus,Stereochilus marginatus,AmphibiaWeb
Pseudotriton montanus,Pseudotriton montanus,AmphibiaWeb
Pseudotriton palleucus,Gyrinophilus palleucus,AmphibiaWeb
Pseudotriton ruber,Pseudotriton ruber,AmphibiaWeb
Psychrophrynella adenopleura,Microkayla adenopleura,AmphibiaWeb
Psychrophrynella ankohuma,Microkayla ankohuma,AmphibiaWeb
Psychrophrynella bagrecito,Noblella bagrecito,AmphibiaWeb
Psychrophrynella boettgeri,Microkayla boettgeri,AmphibiaWeb
Psychrophrynella chacaltaya,Microkayla chacaltaya,AmphibiaWeb
Psychrophrynella chirihampatu,Noblella chirihampatu,AmphibiaWeb
Psychrophrynella condoriri,Microkayla condoriri,AmphibiaWeb
Psychrophrynella guillei,Microkayla guillei,AmphibiaWeb
Psychrophrynella harveyi,Microkayla harveyi,AmphibiaWeb
Psychrophrynella iani,Microkayla iani,AmphibiaWeb
Psychrophrynella iatamasi,Microkayla iatamasi,AmphibiaWeb
Psychrophrynella illampu,Microkayla illampu,AmphibiaWeb
Psychrophrynella illimani,Microkayla illimani,AmphibiaWeb
Psychrophrynella kallawaya,Microkayla kallawaya,AmphibiaWeb
Psychrophrynella katantika,Microkayla katantika,AmphibiaWeb
Psychrophrynella kempffi,Microkayla kempffi,AmphibiaWeb
Psychrophrynella pinguis,Microkayla pinguis,AmphibiaWeb
Psychrophrynella quimsacruzis,Microkayla quimsacruzis,AmphibiaWeb
Psychrophrynella saltator,Microkayla saltator,AmphibiaWeb
Psychrophrynella usurpator,Noblella usurpator,AmphibiaWeb
Psychrophrynella wettsteini,Microkayla wettsteini,AmphibiaWeb
Pternohyla dentata,Smilisca dentata,AmphibiaWeb
Pternohyla fodiens,Smilisca fodiens,AmphibiaWeb
Pteronohyla fodiens,Smilisca fodiens,AmphibiaWeb
Pterorana khare,Pterorana khare,AmphibiaWeb
Ptychadena aequiplicata,Ptychadena aequiplicata,AmphibiaWeb
Ptychadena amharensis,Ptychadena amharensis,AmphibiaWeb
Ptychadena anchietae,Ptychadena anchietae,AmphibiaWeb
Ptychadena ansorgii,Ptychadena ansorgii,AmphibiaWeb
Ptychadena arnei,Ptychadena arnei,AmphibiaWeb
Ptychadena atewae,Ptychadena atewae,AmphibiaWeb
Ptychadena baroensis,Ptychadena baroensis,AmphibiaWeb
Ptychadena beka,Ptychadena beka,AmphibiaWeb
Ptychadena bibroni,Ptychadena bibroni,AmphibiaWeb
Ptychadena boettgeri,Ptychadena boettgeri,AmphibiaWeb
Ptychadena broadleyi,Ptychadena broadleyi,AmphibiaWeb
Ptychadena bunoderma,Ptychadena bunoderma,AmphibiaWeb
Ptychadena christyi,Ptychadena christyi,AmphibiaWeb
Ptychadena chrysogaster,Ptychadena chrysogaster,AmphibiaWeb
Ptychadena cooperi,Ptychadena cooperi,AmphibiaWeb
Ptychadena dahomeyensis,Ptychadena dahomeyensis,AmphibiaWeb
Ptychadena delphina,Ptychadena delphina,AmphibiaWeb
Ptychadena doro,Ptychadena doro,AmphibiaWeb
Ptychadena erlangeri,Ptychadena erlangeri,AmphibiaWeb
Ptychadena filwoha,Ptychadena filwoha,AmphibiaWeb
Ptychadena gansi,Ptychadena gansi,AmphibiaWeb
Ptychadena goweri,Ptychadena goweri,AmphibiaWeb
Ptychadena grandisonae,Ptychadena grandisonae,AmphibiaWeb
Ptychadena guibei,Ptychadena guibei,AmphibiaWeb
Ptychadena harenna,Ptychadena harenna,AmphibiaWeb
Ptychadena ingeri,Ptychadena ingeri,AmphibiaWeb
Ptychadena keilingi,Ptychadena keilingi,AmphibiaWeb
Ptychadena levenorum,Ptychadena levenorum,AmphibiaWeb
Ptychadena longirostris,Ptychadena longirostris,AmphibiaWeb
Ptychadena mahnerti,Ptychadena mahnerti,AmphibiaWeb
Ptychadena mapacha,Ptychadena mapacha,AmphibiaWeb
Ptychadena mascareniensis,Ptychadena mascareniensis,AmphibiaWeb
Ptychadena mossambica,Ptychadena mossambica,AmphibiaWeb
Ptychadena mutinondoensis,Ptychadena mutinondoensis,AmphibiaWeb
Ptychadena nana,Ptychadena nana,AmphibiaWeb
Ptychadena neumanni,Ptychadena neumanni,AmphibiaWeb
Ptychadena newtoni,Ptychadena newtoni,AmphibiaWeb
Ptychadena nilotica,Ptychadena nilotica,AmphibiaWeb
Ptychadena nuerensis,Ptychadena nuerensis,AmphibiaWeb
Ptychadena obscura,Ptychadena obscura,AmphibiaWeb
Ptychadena oxyrhynchus,Ptychadena oxyrhynchus,AmphibiaWeb
Ptychadena perplicata,Ptychadena perplicata,AmphibiaWeb
Ptychadena perreti,Ptychadena perreti,AmphibiaWeb
Ptychadena porosissima,Ptychadena porosissima,AmphibiaWeb
Ptychadena pujoli,Ptychadena pujoli,AmphibiaWeb
Ptychadena pumilio,Ptychadena pumilio,AmphibiaWeb
Ptychadena retropunctata,Ptychadena retropunctata,AmphibiaWeb
Ptychadena robeensis,Ptychadena robeensis,AmphibiaWeb
Ptychadena saskiae,Ptychadena saskiae,AmphibiaWeb
Ptychadena schillukorum,Ptychadena schillukorum,AmphibiaWeb
Ptychadena silvamare,Ptychadena silvamare,AmphibiaWeb
Ptychadena stenocephala,Ptychadena stenocephala,AmphibiaWeb
Ptychadena straeleni,Ptychadena straeleni,AmphibiaWeb
Ptychadena submascareniensis,Ptychadena submascareniensis,AmphibiaWeb
Ptychadena subpunctata,Ptychadena subpunctata,AmphibiaWeb
Ptychadena superciliaris,Ptychadena superciliaris,AmphibiaWeb
Ptychadena taenioscelis,Ptychadena taenioscelis,AmphibiaWeb
Ptychadena tellinii,Ptychadena tellinii,AmphibiaWeb
Ptychadena tournieri,Ptychadena tournieri,AmphibiaWeb
Ptychadena trinodis,Ptychadena trinodis,AmphibiaWeb
Ptychadena upembae,Ptychadena upembae,AmphibiaWeb
Ptychadena uzungwensis,Ptychadena uzungwensis,AmphibiaWeb
Ptychadena wadei,Ptychadena wadei,AmphibiaWeb
Ptychohyla acrochorda,Quilticohyla acrochorda,AmphibiaWeb
Ptychohyla adipoventris,Ptychohyla leonhardschultzei,AmphibiaWeb
Ptychohyla bogerti,Ptychohyla euthysanota,AmphibiaWeb
Ptychohyla dendrophasma,Ptychohyla dendrophasma,AmphibiaWeb
Ptychohyla erythromma,Quilticohyla erythromma,AmphibiaWeb
Ptychohyla euthysanota,Ptychohyla euthysanota,AmphibiaWeb
Ptychohyla hypomykter,Ptychohyla hypomykter,AmphibiaWeb
Ptychohyla ignicolor,Duellmanohyla ignicolor,AmphibiaWeb
Ptychohyla legleri,Ptychohyla legleri,AmphibiaWeb
Ptychohyla leonardschultzei,Ptychohyla leonhardschultzei,AmphibiaWeb
Ptychohyla leonhardschultzei,Ptychohyla leonhardschultzei,AmphibiaWeb
Ptychohyla macrotympanum,Ptychohyla macrotympanum,AmphibiaWeb
Ptychohyla panchoi,Atlantihyla panchoi,AmphibiaWeb
Ptychohyla rozellae,Ptychohyla euthysanota,AmphibiaWeb
Ptychohyla salvadorensis,Ptychohyla salvadorensis,AmphibiaWeb
Ptychohyla sanctaecrucis,Quilticohyla sanctaecrucis,AmphibiaWeb
Ptychohyla schmidtorum,Duellmanohyla schmidtorum,AmphibiaWeb
Ptychohyla spinipollex,Atlantihyla spinipollex,AmphibiaWeb
Ptychohyla zophodes,Ptychohyla zophodes,AmphibiaWeb
Pulchrana banjarana,Pulchrana banjarana,AmphibiaWeb
Pulchrana baramica,Pulchrana baramica,AmphibiaWeb
Pulchrana centropeninsularis,Pulchrana centropeninsularis,AmphibiaWeb
Pulchrana debussyi,Pulchrana debussyi,AmphibiaWeb
Pulchrana fantastica,Pulchrana fantastica,AmphibiaWeb
Pulchrana glandulosa,Pulchrana glandulosa,AmphibiaWeb
Pulchrana grandocula,Pulchrana grandocula,AmphibiaWeb
Pulchrana guttmani,Pulchrana guttmani,AmphibiaWeb
Pulchrana laterimaculata,Pulchrana laterimaculata,AmphibiaWeb
Pulchrana mangyanum,Pulchrana mangyanum,AmphibiaWeb
Pulchrana melanomenta,Pulchrana melanomenta,AmphibiaWeb
Pulchrana moellendorffi,Pulchrana moellendorffi,AmphibiaWeb
Pulchrana picturata,Pulchrana picturata,AmphibiaWeb
Pulchrana rawa,Pulchrana rawa,AmphibiaWeb
Pulchrana siberu,Pulchrana siberu,AmphibiaWeb
Pulchrana signata,Pulchrana signata,AmphibiaWeb
Pulchrana similis,Pulchrana similis,AmphibiaWeb
Pulchrana sundabarat,Pulchrana sundabarat,AmphibiaWeb
Pyxicephalus adspersus,Pyxicephalus adspersus,AmphibiaWeb
Pyxicephalus angusticeps,Pyxicephalus angusticeps,AmphibiaWeb
Pyxicephalus beytelli,Pyxicephalus beytelli,AmphibiaWeb
Pyxicephalus edulis,Pyxicephalus edulis,AmphibiaWeb
Pyxicephalus obbianus,Pyxicephalus obbianus,AmphibiaWeb
Qosqophryne flammiventris,Qosqophryne flammiventris,AmphibiaWeb
Qosqophryne gymnotis,Qosqophryne gymnotis,AmphibiaWeb
Qosqophryne mancoinca,Qosqophryne mancoinca,AmphibiaWeb
Quasipaa acanthophora,Quasipaa acanthophora,AmphibiaWeb
Quasipaa binhi,Quasipaa binhi,AmphibiaWeb
Quasipaa boulengeri,Quasipaa boulengeri,AmphibiaWeb
Quasipaa courtoisi,Quasipaa courtoisi,AmphibiaWeb
Quasipaa delacouri,Quasipaa delacouri,AmphibiaWeb
Quasipaa exilispinosa,Quasipaa exilispinosa,AmphibiaWeb
Quasipaa fasciculispina,Quasipaa fasciculispina,AmphibiaWeb
Quasipaa jiulongensis,Quasipaa jiulongensis,AmphibiaWeb
Quasipaa ohlerae,Quasipaa ohlerae,AmphibiaWeb
Quasipaa phamanhi,Quasipaa phamanhi,AmphibiaWeb
Quasipaa robertingeri,Quasipaa robertingeri,AmphibiaWeb
Quasipaa shini,Quasipaa shini,AmphibiaWeb
Quasipaa spinosa,Quasipaa spinosa,AmphibiaWeb
Quasipaa taoi,Quasipaa taoi,AmphibiaWeb
Quasipaa verrucospinosa,Quasipaa verrucospinosa,AmphibiaWeb
Quasipaa yei,Quasipaa yei,AmphibiaWeb
Quilticohyla acrochorda,Quilticohyla acrochorda,AmphibiaWeb
Quilticohyla erythromma,Quilticohyla erythromma,AmphibiaWeb
Quilticohyla sanctaecrucis,Quilticohyla sanctaecrucis,AmphibiaWeb
Quilticohyla zoque,Quilticohyla zoque,AmphibiaWeb
Ramanella minor,Uperodon anamalaiensis,AmphibiaWeb
Ramanella triangularis,Uperodon triangularis,AmphibiaWeb
Rana adenopleura,Nidirana adenopleura,AmphibiaWeb
Rana adleri,Rana forreri,AmphibiaWeb
Rana aenea,Nanorana aenea,AmphibiaWeb
Rana agilis aurora,Rana aurora,AmphibiaWeb
Rana albolabris,Amnirana albolabris,AmphibiaWeb
Rana alticola,Clinotarsus alticola,AmphibiaWeb
Rana amamiensis,Odorrana amamiensis,AmphibiaWeb
Rana amurensis,Rana amurensis,AmphibiaWeb
Rana andersonii,Odorrana andersonii,AmphibiaWeb
Rana anlungensis,Odorrana anlungensis,AmphibiaWeb
Rana annandalii,Nanorana annandalii,AmphibiaWeb
Rana archotaphus,Amolops archotaphus,AmphibiaWeb
Rana areolata,Rana areolata,AmphibiaWeb
Rana arfaki,Papurana arfaki,AmphibiaWeb
Rana arunco,Rhinella arunco,AmphibiaWeb
Rana arvalis,Rana arvalis,AmphibiaWeb
Rana asiatica,Rana asiatica,AmphibiaWeb
Rana attigua,Hylarana attigua,AmphibiaWeb
Rana aurantiaca,Indosylvirana aurantiaca,AmphibiaWeb
Rana aurata,Papurana aurata,AmphibiaWeb
Rana aurora,Rana aurora,AmphibiaWeb
Rana bacboensis,Odorrana bacboensis,AmphibiaWeb
Rana balcanica,Pelophylax kurtmuelleri,AmphibiaWeb
Rana banaorum,Odorrana banaorum,AmphibiaWeb
Rana banjarana,Pulchrana banjarana,AmphibiaWeb
Rana bannanica,Papurana milleti,AmphibiaWeb
Rana baramica,Pulchrana baramica,AmphibiaWeb
Rana bedriagae,Pelophylax bedriagae,AmphibiaWeb
Rana bergeri,Pelophylax bergeri,AmphibiaWeb
Rana berlandieri,Rana berlandieri,AmphibiaWeb
Rana blairi,Rana blairi,AmphibiaWeb
Rana blanfordii,Nanorana blanfordii,AmphibiaWeb
Rana boans,Boana boans,AmphibiaWeb
Rana bonaccana,Rana vaillanti,AmphibiaWeb
Rana boylii,Rana boylii,AmphibiaWeb
Rana brevipalmata rhoadsi,Rana vaillanti,AmphibiaWeb
Rana bwana,Rana bwana,AmphibiaWeb
Rana camerani,Rana macrocnemis,AmphibiaWeb
Rana cangyuanensis,Odorrana cangyuanensis,AmphibiaWeb
Rana capito,Rana capito,AmphibiaWeb
Rana cascadae,Rana cascadae,AmphibiaWeb
Rana catesbeiana,Rana catesbeiana,AmphibiaWeb
Rana celebensis,Papurana celebensis,AmphibiaWeb
Rana cerigensis,Pelophylax cerigensis,AmphibiaWeb
Rana chalconota,Chalcorana chalconota,AmphibiaWeb
Rana chaochiaoensis,Rana chaochiaoensis,AmphibiaWeb
Rana chapaensis,Odorrana chapaensis,AmphibiaWeb
Rana charlesdarwini,Minervarya charlesdarwini,AmphibiaWeb
Rana chensinensis,Rana chensinensis,AmphibiaWeb
Rana chevronta,Rana chevronta,AmphibiaWeb
Rana chichicuahutla,Rana spectabilis,AmphibiaWeb
Rana chinensis,Hoplobatrachus rugulosus,AmphibiaWeb
Rana chiricahuensis,Rana chiricahuensis,AmphibiaWeb
Rana chitwanensis,Hylarana chitwanensis,AmphibiaWeb
Rana chloronota,Odorrana chloronota,AmphibiaWeb
Rana chosenica,Pelophylax chosenicus,AmphibiaWeb
Rana clamitans,Rana clamitans,AmphibiaWeb
Rana conaensis,Nanorana conaensis,AmphibiaWeb
Rana cora,Rana forreri,AmphibiaWeb
Rana coreana,Rana coreana,AmphibiaWeb
Rana crassiovis,Sumaterana crassiovis,AmphibiaWeb
Rana cretensis,Pelophylax cretensis,AmphibiaWeb
Rana cubitalis,Sylvirana cubitalis,AmphibiaWeb
Rana culaiensis,Rana culaiensis,AmphibiaWeb
Rana curtipes,Clinotarsus curtipes,AmphibiaWeb
Rana dabieshanensis,Rana dabieshanensis,AmphibiaWeb
Rana daemeli,Papurana daemeli,AmphibiaWeb
Rana dalmatina,Rana dalmatina,AmphibiaWeb
Rana danieli,Hylarana garoensis,AmphibiaWeb
Rana daorum,Amolops daorum,AmphibiaWeb
Rana daunchina,Nidirana daunchina,AmphibiaWeb
Rana debussyi,Pulchrana debussyi,AmphibiaWeb
Rana demarchii,Pelophylax demarchii,AmphibiaWeb
Rana dobsonii,Sphaerotheca dobsonii,AmphibiaWeb
Rana draytonii,Rana draytonii,AmphibiaWeb
Rana dunni,Rana dunni,AmphibiaWeb
Rana dybowskii,Rana dybowskii,AmphibiaWeb
Rana elberti,Papurana elberti,AmphibiaWeb
Rana emeljanovi,Glandirana emeljanovi,AmphibiaWeb
Rana epeirotica,Pelophylax epeiroticus,AmphibiaWeb
Rana ercepeae,Nanorana ercepeae,AmphibiaWeb
Rana erythraea,Hylarana erythraea,AmphibiaWeb
Rana esculenta,Pelophylax esculentus,AmphibiaWeb
Rana exilispinosa,Quasipaa exilispinosa,AmphibiaWeb
Rana exiliversabilis,Odorrana exiliversabilis,AmphibiaWeb
Rana faber,Sylvirana faber,AmphibiaWeb
Rana fasciculispina,Quasipaa fasciculispina,AmphibiaWeb
Rana feae,Nanorana feae,AmphibiaWeb
Rana fisheri,Rana fisheri,AmphibiaWeb
Rana florensis,Papurana florensis,AmphibiaWeb
Rana floresi,Rana forreri,AmphibiaWeb
Rana forreri,Rana forreri,AmphibiaWeb
Rana fortis,Pelophylax ridibundus,AmphibiaWeb
Rana fukienensis,Pelophylax fukienensis,AmphibiaWeb
Rana garoensis,Hylarana garoensis,AmphibiaWeb
Rana garritor,Papurana garritor,AmphibiaWeb
Rana gemmata,Rhinella margaritifera,AmphibiaWeb
Rana glandulosa,Pulchrana glandulosa,AmphibiaWeb
Rana gracilis,Hydrophylax gracilis,AmphibiaWeb
Rana graeca,Rana graeca,AmphibiaWeb
Rana grahami,Odorrana grahami,AmphibiaWeb
Rana graminea,Odorrana graminea,AmphibiaWeb
Rana grandocula,Pulchrana grandocula,AmphibiaWeb
Rana grisea,Papurana grisea,AmphibiaWeb
Rana grylio,Rana grylio,AmphibiaWeb
Rana guentheri,Sylvirana guentheri,AmphibiaWeb
Rana hainanensis,Odorrana hainanensis,AmphibiaWeb
Rana halecina berlandieri,Rana berlandieri,AmphibiaWeb
Rana halecina sphenocephala,Rana sphenocephala,AmphibiaWeb
Rana hanluica,Rana hanluica,AmphibiaWeb
Rana hazarensis,Allopaa hazarensis,AmphibiaWeb
Rana heckscheri,Rana heckscheri,AmphibiaWeb
Rana hejiangensis,Odorrana hejiangensis,AmphibiaWeb
Rana hillisi,Rana forreri,AmphibiaWeb
Rana hispanica,Pelophylax bergeri,AmphibiaWeb
Rana hmongorum,Odorrana jingdongensis,AmphibiaWeb
Rana holbrookii,Scaphiopus holbrookii,AmphibiaWeb
Rana holbrookii albus,Scaphiopus holbrookii,AmphibiaWeb
Rana holsti,Babina holsti,AmphibiaWeb
Rana holtzi,Rana macrocnemis,AmphibiaWeb
Rana honnorati,Rana temporaria,AmphibiaWeb
Rana hosii,Odorrana hosii,AmphibiaWeb
Rana huanrenensis,Rana huanrensis,AmphibiaWeb
Rana huanrensis,Rana huanrensis,AmphibiaWeb
Rana hubeiensis,Pelophylax hubeiensis,AmphibiaWeb
Rana iberica,Rana iberica,AmphibiaWeb
Rana ishikawae,Odorrana ishikawae,AmphibiaWeb
Rana italica,Rana italica,AmphibiaWeb
Rana japonica,Rana japonica,AmphibiaWeb
Rana jiemuxiensis,Rana jiemuxiensis,AmphibiaWeb
Rana jimiensis,Papurana jimiensis,AmphibiaWeb
Rana jingdongensis,Odorrana jingdongensis,AmphibiaWeb
Rana jiulingensis,Rana jiulingensis,AmphibiaWeb
Rana jiulongensis,Quasipaa jiulongensis,AmphibiaWeb
Rana johni,Rana johni,AmphibiaWeb
Rana johnsi,Rana johnsi,AmphibiaWeb
Rana juliani,Rana juliani,AmphibiaWeb
Rana junlianensis,Odorrana junlianensis,AmphibiaWeb
Rana kauffeldi,Rana kauffeldi,AmphibiaWeb
Rana kobai,Rana kobai,AmphibiaWeb
Rana kreffti,Papurana kreffti,AmphibiaWeb
Rana kuangwuensis,Odorrana kuangwuensis,AmphibiaWeb
Rana kukunoris,Rana kukunoris,AmphibiaWeb
Rana kunyuensis,Rana coreana,AmphibiaWeb
Rana kurtmuelleri,Pelophylax kurtmuelleri,AmphibiaWeb
Rana kyoto,Rana kyoto,AmphibiaWeb
Rana labyrinthica,Leptodactylus labyrinthicus,AmphibiaWeb
Rana largeni,Lanzarana largeni,AmphibiaWeb
Rana latastei,Rana latastei,AmphibiaWeb
Rana lateralis,Pelophylax lateralis,AmphibiaWeb
Rana laterimaculata,Pulchrana laterimaculata,AmphibiaWeb
Rana latouchii,Hylarana latouchii,AmphibiaWeb
Rana lemairei,Amnirana lemairei,AmphibiaWeb
Rana lemosespinali,Rana lemosespinali,AmphibiaWeb
Rana lenca,Rana lenca,AmphibiaWeb
Rana leporipes,Odorrana leporipes,AmphibiaWeb
Rana leptoglossa,Hydrophylax leptoglossa,AmphibiaWeb
Rana lessonae,Pelophylax lessonae,AmphibiaWeb
Rana lessonae pannonica,Pelophylax lessonae,AmphibiaWeb
Rana leucophyllata,Dendropsophus leucophyllatus,AmphibiaWeb
Rana levantina,Pelophylax bedriagae,AmphibiaWeb
Rana liebigii,Nanorana liebigii,AmphibiaWeb
Rana lineata,Lithodytes lineatus,AmphibiaWeb
Rana lini,Nidirana lini,AmphibiaWeb
Rana livida,Odorrana livida,AmphibiaWeb
Rana longicrus,Rana longicrus,AmphibiaWeb
Rana luanchuanensis,Rana luanchuanensis,AmphibiaWeb
Rana luctuosa,Abavorana luctuosa,AmphibiaWeb
Rana lungshengensis,Odorrana lungshengensis,AmphibiaWeb
Rana luteiventris,Rana luteiventris,AmphibiaWeb
Rana macrocnemis,Rana macrocnemis,AmphibiaWeb
Rana macrodactyla,Hylarana macrodactyla,AmphibiaWeb
Rana macroglossa,Rana macroglossa,AmphibiaWeb
Rana macrops,Chalcorana macrops,AmphibiaWeb
Rana maculata,Rana maculata,AmphibiaWeb
Rana maculosa,Nanorana maculosa,AmphibiaWeb
Rana maculosa chayuensis,Nanorana chayuensis,AmphibiaWeb
Rana magnaocularis,Rana magnaocularis,AmphibiaWeb
Rana malabarica,Hydrophylax malabaricus,AmphibiaWeb
Rana mangyanum,Pulchrana mangyanum,AmphibiaWeb
Rana maoershanensis,Rana maoershanensis,AmphibiaWeb
Rana maosonensis,Sylvirana maosonensis,AmphibiaWeb
Rana margaretae,Odorrana margaretae,AmphibiaWeb
Rana margariana,Hylarana margariana,AmphibiaWeb
Rana margaritifera,Rhinella margaritifera,AmphibiaWeb
Rana marina,Rhinella marina,AmphibiaWeb
Rana megapoda,Rana megapoda,AmphibiaWeb
Rana melanomenta,Pulchrana melanomenta,AmphibiaWeb
Rana miadis,Rana forreri,AmphibiaWeb
Rana microlineata,Quasipaa delacouri,AmphibiaWeb
Rana milleti,Papurana milleti,AmphibiaWeb
Rana minica,Nanorana minica,AmphibiaWeb
Rana minima,Glandirana minima,AmphibiaWeb
Rana minimus,Glandirana minima,AmphibiaWeb
Rana moellendorffi,Pulchrana moellendorffi,AmphibiaWeb
Rana moluccana,Papurana moluccana,AmphibiaWeb
Rana montezumae,Rana montezumae,AmphibiaWeb
Rana montivaga,Hylarana montivaga,AmphibiaWeb
Rana morafkai,Odorrana morafkai,AmphibiaWeb
Rana muscosa,Rana muscosa,AmphibiaWeb
Rana narina,Odorrana narina,AmphibiaWeb
Rana nasuta,Odorrana nasuta,AmphibiaWeb
Rana neba,Rana neba,AmphibiaWeb
Rana neovolcanica,Rana berlandieri,AmphibiaWeb
Rana nigrolineata,Pelophylax lateralis,AmphibiaWeb
Rana nigromaculata,Pelophylax nigromaculatus,AmphibiaWeb
Rana nigromaculata chosenica,Pelophylax chosenicus,AmphibiaWeb
Rana nigrotympanica,Sylvirana cubitalis,AmphibiaWeb
Rana nigrovittata,Sylvirana nigrovittata,AmphibiaWeb
Rana novaeguineae,Papurana novaeguineae,AmphibiaWeb
Rana obsoleta,Pulchrana signata,AmphibiaWeb
Rana okaloosae,Rana okaloosae,AmphibiaWeb
Rana okinavana,Nidirana okinavana,AmphibiaWeb
Rana omeimontis,Rana omeimontis,AmphibiaWeb
Rana omiltemana,Rana omiltemana,AmphibiaWeb
Rana onca,Rana onca,AmphibiaWeb
Rana ornata,Pseudacris ornata,AmphibiaWeb
Rana ornativentris,Rana ornativentris,AmphibiaWeb
Rana palmipes,Rana palmipes,AmphibiaWeb
Rana palustris,Rana palustris,AmphibiaWeb
Rana papua,Papurana papua,AmphibiaWeb
Rana parvipalmata,Rana parvipalmata,AmphibiaWeb
Rana pentadactyla,Leptodactylus pentadactylus,AmphibiaWeb
Rana perezi,Pelophylax perezi,AmphibiaWeb
Rana persimilis,Hylarana persimilis,AmphibiaWeb
Rana picturata,Pulchrana picturata,AmphibiaWeb
Rana pipiens,Rana pipiens,AmphibiaWeb
Rana pirica,Rana pirica,AmphibiaWeb
Rana plancyi,Pelophylax plancyi,AmphibiaWeb
Rana pleuraden,Nidirana pleuraden,AmphibiaWeb
Rana plicifera,Gephyromantis plicifer,AmphibiaWeb
Rana polunini,Nanorana polunini,AmphibiaWeb
Rana porosa,Pelophylax porosus,AmphibiaWeb
Rana pretiosa,Rana pretiosa,AmphibiaWeb
Rana psaltes,Nidirana okinavana,AmphibiaWeb
Rana pseudodalmatina,Rana pseudodalmatina,AmphibiaWeb
Rana psilonota,Rana psilonota,AmphibiaWeb
Rana pueblae,Rana pueblae,AmphibiaWeb
Rana pustulosa,Rana pustulosa,AmphibiaWeb
Rana pyrenaica,Rana pyrenaica,AmphibiaWeb
Rana quadranus,Nanorana quadranus,AmphibiaWeb
Rana qui,Rana qui,AmphibiaWeb
Rana raniceps,Chalcorana raniceps,AmphibiaWeb
Rana rara,Nanorana rarica,AmphibiaWeb
Rana reticularis,Trachycephalus typhonius,AmphibiaWeb
Rana ridibunda,Pelophylax ridibundus,AmphibiaWeb
Rana rostandi,Nanorana rostandi,AmphibiaWeb
Rana rugosa,Glandirana rugosa,AmphibiaWeb
Rana rugulosa,Hoplobatrachus rugulosus,AmphibiaWeb
Rana saharica,Pelophylax saharicus,AmphibiaWeb
Rana sakuraii,Rana sakuraii,AmphibiaWeb
Rana sanguinea,Sanguirana sanguinea,AmphibiaWeb
Rana sangzhiensis,Rana sangzhiensis,AmphibiaWeb
Rana sauteri,Rana sauteri,AmphibiaWeb
Rana schmackeri,Odorrana schmackeri,AmphibiaWeb
Rana scutata,Hemiphractus scutatus,AmphibiaWeb
Rana septentrionalis,Rana septentrionalis,AmphibiaWeb
Rana sevosa,Rana sevosa,AmphibiaWeb
Rana shini,Quasipaa shini,AmphibiaWeb
Rana shqiperica,Pelophylax shqipericus,AmphibiaWeb
Rana shuchinae,Rana shuchinae,AmphibiaWeb
Rana siberu,Pulchrana siberu,AmphibiaWeb
Rana sierrae,Rana sierrae,AmphibiaWeb
Rana sierramadrensis,Rana sierramadrensis,AmphibiaWeb
Rana signata,Pulchrana signata,AmphibiaWeb
Rana similis,Pulchrana similis,AmphibiaWeb
Rana sinica,Odorrana sinica,AmphibiaWeb
Rana spectabilis,Rana spectabilis,AmphibiaWeb
Rana sphenocephala,Rana sphenocephala,AmphibiaWeb
Rana spinulosa,Sylvirana spinulosa,AmphibiaWeb
Rana sternosignata,Chrysopaa sternosignata,AmphibiaWeb
Rana subaquavocalis,Rana chiricahuensis,AmphibiaWeb
Rana subaspera,Babina subaspera,AmphibiaWeb
Rana supragrisea,Papurana supragrisea,AmphibiaWeb
Rana supranarina,Odorrana supranarina,AmphibiaWeb
Rana swinhoana,Odorrana swinhoana,AmphibiaWeb
Rana sylvatica,Rana sylvatica,AmphibiaWeb
Rana tagoi,Rana tagoi,AmphibiaWeb
Rana taihangensis,Rana taihangensis,AmphibiaWeb
Rana taipehensis,Hylarana taipehensis,AmphibiaWeb
Rana tarahumarae,Rana tarahumarae,AmphibiaWeb
Rana tavasensis,Rana tavasensis,AmphibiaWeb
Rana taylori,Rana macroglossa,AmphibiaWeb
Rana temporalis,Indosylvirana temporalis,AmphibiaWeb
Rana temporaria,Rana temporaria,AmphibiaWeb
Rana tenggerensis,Pelophylax mongolius,AmphibiaWeb
Rana terentievi,Pelophylax terentievi,AmphibiaWeb
Rana terrestris,Anaxyrus terrestris,AmphibiaWeb
Rana tibetana,Quasipaa boulengeri,AmphibiaWeb
Rana tientaiensis,Glandirana tientaiensis,AmphibiaWeb
Rana tinctoria,Dendrobates tinctorius,AmphibiaWeb
Rana tlaloci,Rana berlandieri,AmphibiaWeb
Rana toumanoffi,Limnonectes dabanus,AmphibiaWeb
Rana trankieni,Odorrana trankieni,AmphibiaWeb
Rana trilobata,Rana megapoda,AmphibiaWeb
Rana tsushimensis,Rana tsushimensis,AmphibiaWeb
Rana tytleri,Hylarana tytleri,AmphibiaWeb
Rana uenoi,Rana uenoi,AmphibiaWeb
Rana ulma,Rana ulma,AmphibiaWeb
Rana utricularia sphenocephala,Rana sphenocephala,AmphibiaWeb
Rana utsunomiyaorum,Odorrana utsunomiyaorum,AmphibiaWeb
Rana vaillanti,Rana vaillanti,AmphibiaWeb
Rana varians,Sanguirana varians,AmphibiaWeb
Rana venulosa,Trachycephalus typhonius,AmphibiaWeb
Rana versabilis,Odorrana versabilis,AmphibiaWeb
Rana vibicaria,Rana vibicaria,AmphibiaWeb
Rana vicina,Nanorana vicina,AmphibiaWeb
Rana virgatipes,Rana virgatipes,AmphibiaWeb
Rana volkerjane,Papurana volkerjane,AmphibiaWeb
Rana warszewitschii,Rana warszewitschii,AmphibiaWeb
Rana weiningensis,Rana weiningensis,AmphibiaWeb
Rana wuchuanensis,Odorrana wuchuanensis,AmphibiaWeb
Rana wuyiensis,Rana wuyiensis,AmphibiaWeb
Rana yadongensis,Nanorana blanfordii,AmphibiaWeb
Rana yavapaiensis,Rana yavapaiensis,AmphibiaWeb
Rana zavattarii,Pelophylax saharicus,AmphibiaWeb
Rana zhangi,Rana sangzhiensis,AmphibiaWeb
Rana zhengi,Rana zhengi,AmphibiaWeb
Rana zhenhaiensis,Rana zhenhaiensis,AmphibiaWeb
Rana zhijinensis,Rana zhijinensis,AmphibiaWeb
Rana zweifeli,Rana zweifeli,AmphibiaWeb
Ranitomeya abdita,Andinobates abditus,AmphibiaWeb
Ranitomeya aetherea,Ranitomeya aetherea,AmphibiaWeb
Ranitomeya altobueyensis,Andinobates altobueyensis,AmphibiaWeb
Ranitomeya amazonica,Ranitomeya amazonica,AmphibiaWeb
Ranitomeya aquamarina,Ranitomeya aquamarina,AmphibiaWeb
Ranitomeya benedicta,Ranitomeya benedicta,AmphibiaWeb
Ranitomeya bombetes,Andinobates bombetes,AmphibiaWeb
Ranitomeya claudiae,Andinobates claudiae,AmphibiaWeb
Ranitomeya cyanovittata,Ranitomeya cyanovittata,AmphibiaWeb
Ranitomeya defleri,Ranitomeya defleri,AmphibiaWeb
Ranitomeya fantastica,Ranitomeya fantastica,AmphibiaWeb
Ranitomeya flavovittata,Ranitomeya flavovittata,AmphibiaWeb
Ranitomeya fulgurita,Andinobates fulguritus,AmphibiaWeb
Ranitomeya hwata,Ranitomeya hwata,AmphibiaWeb
Ranitomeya ichapama,Ranitomeya ichapama,AmphibiaWeb
Ranitomeya imitator,Ranitomeya imitator,AmphibiaWeb
Ranitomeya minuta,Andinobates minutus,AmphibiaWeb
Ranitomeya opisthomelas,Andinobates opisthomelas,AmphibiaWeb
Ranitomeya reticulata,Ranitomeya reticulata,AmphibiaWeb
Ranitomeya sirensis,Ranitomeya sirensis,AmphibiaWeb
Ranitomeya summersi,Ranitomeya summersi,AmphibiaWeb
Ranitomeya toraro,Ranitomeya toraro,AmphibiaWeb
Ranitomeya uakarii,Ranitomeya uakarii,AmphibiaWeb
Ranitomeya vanzolinii,Ranitomeya vanzolinii,AmphibiaWeb
Ranitomeya variabilis,Ranitomeya variabilis,AmphibiaWeb
Ranitomeya ventrimaculata,Ranitomeya ventrimaculata,AmphibiaWeb
Ranitomeya viridis,Andinobates viridis,AmphibiaWeb
Ranitomeya virolinensis,Andinobates virolinensis,AmphibiaWeb
Ranitomeya yavaricola,Ranitomeya yavaricola,AmphibiaWeb
Ranodon flavomaculatus,Pseudohynobius flavomaculatus,AmphibiaWeb
Ranodon olympicus,Rhyacotriton olympicus,AmphibiaWeb
Ranodon shihi,Liua shihi,AmphibiaWeb
Ranodon sibiricus,Ranodon sibiricus,AmphibiaWeb
Ranodon tsinpaensis,Liua tsinpaensis,AmphibiaWeb
Ranoidea aurea,Ranoidea aurea,AmphibiaWeb
Ranoidea barringtonensis,Dryopsophus barringtonensis,AmphibiaWeb
Ranoidea caerulea,Pelodryas caerulea,AmphibiaWeb
Ranoidea castanea,Ranoidea castanea,AmphibiaWeb
Ranoidea cyclorhyncha,Ranoidea cyclorhyncha,AmphibiaWeb
Ranoidea daviesae,Dryopsophus daviesae,AmphibiaWeb
Ranoidea moorei,Ranoidea moorei,AmphibiaWeb
Ranoidea raniformis,Ranoidea raniformis,AmphibiaWeb
Raorchestes agasthyaensis,Raorchestes agasthyaensis,AmphibiaWeb
Raorchestes akroparallagi,Raorchestes akroparallagi,AmphibiaWeb
Raorchestes andersoni,Raorchestes andersoni,AmphibiaWeb
Raorchestes anili,Raorchestes anili,AmphibiaWeb
Raorchestes annandalii,Raorchestes annandalii,AmphibiaWeb
Raorchestes archeos,Raorchestes archeos,AmphibiaWeb
Raorchestes asakgrensis,Raorchestes asakgrensis,AmphibiaWeb
Raorchestes aureus,Raorchestes aureus,AmphibiaWeb
Raorchestes beddomii,Raorchestes beddomii,AmphibiaWeb
Raorchestes blandus,Raorchestes blandus,AmphibiaWeb
Raorchestes bobingeri,Raorchestes bobingeri,AmphibiaWeb
Raorchestes bombayensis,Raorchestes bombayensis,AmphibiaWeb
Raorchestes cangyuanensis,Raorchestes cangyuanensis,AmphibiaWeb
Raorchestes chalazodes,Raorchestes chalazodes,AmphibiaWeb
Raorchestes charius,Raorchestes charius,AmphibiaWeb
Raorchestes chlorosomma,Raorchestes chlorosomma,AmphibiaWeb
Raorchestes chotta,Raorchestes chotta,AmphibiaWeb
Raorchestes chromasynchysi,Raorchestes chromasynchysi,AmphibiaWeb
Raorchestes coonoorensis,Raorchestes coonoorensis,AmphibiaWeb
Raorchestes crustai,Raorchestes crustai,AmphibiaWeb
Raorchestes drutaahu,Raorchestes drutaahu,AmphibiaWeb
Raorchestes dubois,Raorchestes dubois,AmphibiaWeb
Raorchestes dulongensis,Raorchestes dulongensis,AmphibiaWeb
Raorchestes echinatus,Raorchestes echinatus,AmphibiaWeb
Raorchestes emeraldi,Raorchestes flaviventris,AmphibiaWeb
Raorchestes flaviocularis,Raorchestes flaviocularis,AmphibiaWeb
Raorchestes flaviventris,Raorchestes flaviventris,AmphibiaWeb
Raorchestes garo,Raorchestes garo,AmphibiaWeb
Raorchestes ghatei,Raorchestes ghatei,AmphibiaWeb
Raorchestes glandulosus,Raorchestes glandulosus,AmphibiaWeb
Raorchestes graminirupes,Raorchestes graminirupes,AmphibiaWeb
Raorchestes griet,Raorchestes griet,AmphibiaWeb
Raorchestes gryllus,Raorchestes gryllus,AmphibiaWeb
Raorchestes hassanensis,Raorchestes hassanensis,AmphibiaWeb
Raorchestes hekouensis,Raorchestes hekouensis,AmphibiaWeb
Raorchestes hillisi,Raorchestes hillisi,AmphibiaWeb
Raorchestes honnametti,Raorchestes honnametti,AmphibiaWeb
Raorchestes huanglianshan,Raorchestes huanglianshan,AmphibiaWeb
Raorchestes indigo,Raorchestes indigo,AmphibiaWeb
Raorchestes jadoh,Raorchestes jadoh,AmphibiaWeb
Raorchestes jakoid,Raorchestes jakoid,AmphibiaWeb
Raorchestes jayarami,Raorchestes jayarami,AmphibiaWeb
Raorchestes johnceei,Raorchestes johnceei,AmphibiaWeb
Raorchestes kadalarensis,Raorchestes kadalarensis,AmphibiaWeb
Raorchestes kaikatti,Raorchestes kaikatti,AmphibiaWeb
Raorchestes kakachi,Raorchestes kakachi,AmphibiaWeb
Raorchestes kakkayamensis,Raorchestes kakkayamensis,AmphibiaWeb
Raorchestes keirasabinae,Raorchestes keirasabinae,AmphibiaWeb
Raorchestes kempiae,Raorchestes kempiae,AmphibiaWeb
Raorchestes kollimalai,Raorchestes kollimalai,AmphibiaWeb
Raorchestes lechiya,Raorchestes lechiya,AmphibiaWeb
Raorchestes leiktho,Raorchestes leiktho,AmphibiaWeb
Raorchestes leucolatus,Raorchestes leucolatus,AmphibiaWeb
Raorchestes longchuanensis,Raorchestes longchuanensis,AmphibiaWeb
Raorchestes luteolus,Raorchestes luteolus,AmphibiaWeb
Raorchestes malipoensis,Raorchestes malipoensis,AmphibiaWeb
Raorchestes manohari,Raorchestes manohari,AmphibiaWeb
Raorchestes marki,Raorchestes marki,AmphibiaWeb
Raorchestes menglaensis,Raorchestes menglaensis,AmphibiaWeb
Raorchestes mindat,Raorchestes mindat,AmphibiaWeb
Raorchestes munnarensis,Raorchestes munnarensis,AmphibiaWeb
Raorchestes nerostagona,Raorchestes nerostagona,AmphibiaWeb
Raorchestes ochlandrae,Raorchestes ochlandrae,AmphibiaWeb
Raorchestes parvulus,Raorchestes parvulus,AmphibiaWeb
Raorchestes ponmudi,Raorchestes ponmudi,AmphibiaWeb
Raorchestes primarrumpfi,Raorchestes primarrumpfi,AmphibiaWeb
Raorchestes ravii,Raorchestes ravii,AmphibiaWeb
Raorchestes resplendens,Raorchestes resplendens,AmphibiaWeb
Raorchestes rezakhani,Raorchestes rezakhani,AmphibiaWeb
Raorchestes sahai,Pseudophilautus sahai,AmphibiaWeb
Raorchestes sanjappai,Raorchestes sanjappai,AmphibiaWeb
Raorchestes shillongensis,Raorchestes shillongensis,AmphibiaWeb
Raorchestes signatus,Raorchestes signatus,AmphibiaWeb
Raorchestes silentvalley,Raorchestes silentvalley,AmphibiaWeb
Raorchestes sushili,Raorchestes sushili,AmphibiaWeb
Raorchestes theuerkaufi,Raorchestes theuerkaufi,AmphibiaWeb
Raorchestes thodai,Raorchestes thodai,AmphibiaWeb
Raorchestes tinniens,Raorchestes tinniens,AmphibiaWeb
Raorchestes travancoricus,Raorchestes travancoricus,AmphibiaWeb
Raorchestes tuberohumerus,Raorchestes tuberohumerus,AmphibiaWeb
Raorchestes uthamani,Raorchestes uthamani,AmphibiaWeb
Raorchestes vellikkannan,Raorchestes vellikkannan,AmphibiaWeb
Raorchestes viridis,Pseudophilautus viridis,AmphibiaWeb
Raorchestes yadongensis,Raorchestes yadongensis,AmphibiaWeb
Rawlinsonia calliscelis,Rawlinsonia calliscelis,AmphibiaWeb
Rawlinsonia corbeni,Rawlinsonia corbeni,AmphibiaWeb
Rawlinsonia ewingii,Rawlinsonia ewingii,AmphibiaWeb
Rawlinsonia jervisiensis,Rawlinsonia jervisiensis,AmphibiaWeb
Rawlinsonia littlejohni,Rawlinsonia littlejohni,AmphibiaWeb
Rawlinsonia paraewingi,Rawlinsonia paraewingi,AmphibiaWeb
Rawlinsonia revelata,Rawlinsonia revelata,AmphibiaWeb
Rawlinsonia sibilus,Rawlinsonia sibilus,AmphibiaWeb
Rawlinsonia verreauxii,Rawlinsonia verreauxii,AmphibiaWeb
Rawlinsonia watsoni,Rawlinsonia watsoni,AmphibiaWeb
Rentapia everetti,Rentapia everetti,AmphibiaWeb
Rentapia flavomaculata,Rentapia flavomaculata,AmphibiaWeb
Rentapia hosii,Rentapia hosii,AmphibiaWeb
Rentapia rugosa,Rentapia everetti,AmphibiaWeb
Rhacophorus achantharrhena,Zhangixalus achantharrhena,AmphibiaWeb
Rhacophorus angulirostris,Leptomantis angulirostris,AmphibiaWeb
Rhacophorus annamensis,Rhacophorus annamensis,AmphibiaWeb
Rhacophorus arboreus,Zhangixalus arboreus,AmphibiaWeb
Rhacophorus arvalis,Zhangixalus arvalis,AmphibiaWeb
Rhacophorus asperrimus,Theloderma asperum,AmphibiaWeb
Rhacophorus aurantiventris,Zhangixalus aurantiventris,AmphibiaWeb
Rhacophorus baliogaster,Kurixalus baliogaster,AmphibiaWeb
Rhacophorus baluensis,Rhacophorus baluensis,AmphibiaWeb
Rhacophorus barisani,Rhacophorus barisani,AmphibiaWeb
Rhacophorus bengkuluensis,Rhacophorus bengkuluensis,AmphibiaWeb
Rhacophorus bifasciatus,Rhacophorus bifasciatus,AmphibiaWeb
Rhacophorus bimaculatus,Leptomantis bimaculatus,AmphibiaWeb
Rhacophorus bipunctatus,Rhacophorus bipunctatus,AmphibiaWeb
Rhacophorus bisacculus,Kurixalus bisacculus,AmphibiaWeb
Rhacophorus boeadii,Rhacophorus boeadii,AmphibiaWeb
Rhacophorus borneensis,Rhacophorus borneensis,AmphibiaWeb
Rhacophorus calcadensis,Rhacophorus calcadensis,AmphibiaWeb
Rhacophorus calcaneus,Rhacophorus calcaneus,AmphibiaWeb
Rhacophorus catamitus,Rhacophorus catamitus,AmphibiaWeb
Rhacophorus chenfui,Zhangixalus chenfui,AmphibiaWeb
Rhacophorus chuyangsinensis,Rhacophorus calcaneus,AmphibiaWeb
Rhacophorus cyanopunctatus,Leptomantis cyanopunctatus,AmphibiaWeb
Rhacophorus dennysi,Zhangixalus dennysi,AmphibiaWeb
Rhacophorus dorsoviridis,Zhangixalus dorsoviridis,AmphibiaWeb
Rhacophorus duboisi,Zhangixalus duboisi,AmphibiaWeb
Rhacophorus dugritei,Zhangixalus dugritei,AmphibiaWeb
Rhacophorus dulitensis,Zhangixalus dulitensis,AmphibiaWeb
Rhacophorus dulongensis,Rhacophorus dulongensis,AmphibiaWeb
Rhacophorus edentulus,Rhacophorus edentulus,AmphibiaWeb
Rhacophorus exechopygus,Rhacophorus exechopygus,AmphibiaWeb
Rhacophorus fasciatus,Leptomantis fasciatus,AmphibiaWeb
Rhacophorus feae,Zhangixalus feae,AmphibiaWeb
Rhacophorus gadingensis,Leptomantis gadingensis,AmphibiaWeb
Rhacophorus gauni,Leptomantis gauni,AmphibiaWeb
Rhacophorus georgii,Rhacophorus georgii,AmphibiaWeb
Rhacophorus gongshanensis,Zhangixalus burmanus,AmphibiaWeb
Rhacophorus harrissoni,Leptomantis harrissoni,AmphibiaWeb
Rhacophorus helenae,Rhacophorus helenae,AmphibiaWeb
Rhacophorus hoabinhensis,Rhacophorus hoabinhensis,AmphibiaWeb
Rhacophorus hoanglienensis,Rhacophorus hoanglienensis,AmphibiaWeb
Rhacophorus hui,Zhangixalus hui,AmphibiaWeb
Rhacophorus hungfuensis,Zhangixalus hungfuensis,AmphibiaWeb
Rhacophorus indonesiensis,Rhacophorus indonesiensis,AmphibiaWeb
Rhacophorus jarujini,Zhangixalus jarujini,AmphibiaWeb
Rhacophorus kio,Rhacophorus kio,AmphibiaWeb
Rhacophorus laoshan,Rhacophorus laoshan,AmphibiaWeb
Rhacophorus larissae,Rhacophorus larissae,AmphibiaWeb
Rhacophorus lateralis,Rhacophorus lateralis,AmphibiaWeb
Rhacophorus malabaricus,Rhacophorus malabaricus,AmphibiaWeb
Rhacophorus margaritifer,Rhacophorus margaritifer,AmphibiaWeb
Rhacophorus marmoridorsum,Rhacophorus marmoridorsum,AmphibiaWeb
Rhacophorus maximus,Zhangixalus smaragdinus,AmphibiaWeb
Rhacophorus medogensis,Rhacophorus medogensis,AmphibiaWeb
Rhacophorus minimus,Zhangixalus minimus,AmphibiaWeb
Rhacophorus modestus,Rhacophorus modestus,AmphibiaWeb
Rhacophorus moltrechti,Zhangixalus moltrechti,AmphibiaWeb
Rhacophorus monticola,Rhacophorus monticola,AmphibiaWeb
Rhacophorus napoensis,Rhacophorus napoensis,AmphibiaWeb
Rhacophorus nigropalmatus,Rhacophorus nigropalmatus,AmphibiaWeb
Rhacophorus nigropunctatus,Zhangixalus nigropunctatus,AmphibiaWeb
Rhacophorus norhayatii,Rhacophorus norhayatii,AmphibiaWeb
Rhacophorus notater,Rhacophorus annamensis,AmphibiaWeb
Rhacophorus omeimontis,Zhangixalus omeimontis,AmphibiaWeb
Rhacophorus orlovi,Rhacophorus orlovi,AmphibiaWeb
Rhacophorus owstoni,Zhangixalus owstoni,AmphibiaWeb
Rhacophorus pardalis,Rhacophorus pardalis,AmphibiaWeb
Rhacophorus poecilonotus,Rhacophorus poecilonotus,AmphibiaWeb
Rhacophorus polillensis,Platymantis polillensis,AmphibiaWeb
Rhacophorus prasinatus,Zhangixalus prasinatus,AmphibiaWeb
Rhacophorus prominanus,Zhangixalus prominanus,AmphibiaWeb
Rhacophorus pseudomalabaricus,Rhacophorus pseudomalabaricus,AmphibiaWeb
Rhacophorus puerensis,Zhangixalus puerensis,AmphibiaWeb
Rhacophorus qiongica,Rhacophorus qiongica,AmphibiaWeb
Rhacophorus reinwardtii,Rhacophorus reinwardtii,AmphibiaWeb
Rhacophorus rhodopus,Rhacophorus rhodopus,AmphibiaWeb
Rhacophorus rhyssocephalus,Rhacophorus rhyssocephalus,AmphibiaWeb
Rhacophorus robertingeri,Rhacophorus robertingeri,AmphibiaWeb
Rhacophorus robinsonii,Leptomantis robinsonii,AmphibiaWeb
Rhacophorus rufipes,Leptomantis rufipes,AmphibiaWeb
Rhacophorus schlegelii,Zhangixalus schlegelii,AmphibiaWeb
Rhacophorus spelaeus,Rhacophorus spelaeus,AmphibiaWeb
Rhacophorus subansiriensis,Rhacophorus subansiriensis,AmphibiaWeb
Rhacophorus suffry,Zhangixalus suffry,AmphibiaWeb
Rhacophorus taipeianus,Zhangixalus taipeianus,AmphibiaWeb
Rhacophorus taronensis,Zhangixalus burmanus,AmphibiaWeb
Rhacophorus translineatus,Rhacophorus translineatus,AmphibiaWeb
Rhacophorus tuberculatus,Rhacophorus tuberculatus,AmphibiaWeb
Rhacophorus turpes,Rhacophorus turpes,AmphibiaWeb
Rhacophorus vampyrus,Rhacophorus vampyrus,AmphibiaWeb
Rhacophorus vanbanicus,Rhacophorus vanbanicus,AmphibiaWeb
Rhacophorus variabilis,Ghatixalus variabilis,AmphibiaWeb
Rhacophorus verrucopus,Rhacophorus tuberculatus,AmphibiaWeb
Rhacophorus verrucosus,Kurixalus verrucosus,AmphibiaWeb
Rhacophorus viridimaculatus,Rhacophorus viridimaculatus,AmphibiaWeb
Rhacophorus viridis,Zhangixalus viridis,AmphibiaWeb
Rhacophorus yaoshanensis,Zhangixalus yaoshanensis,AmphibiaWeb
Rhacophorus yinggelingensis,Zhangixalus yinggelingensis,AmphibiaWeb
Rhacophorus zhaojuensis,Zhangixalus hui,AmphibiaWeb
Rhaebo andinophrynoides,Rhaebo andinophrynoides,AmphibiaWeb
Rhaebo atelopoides,Rhaebo atelopoides,AmphibiaWeb
Rhaebo blombergi,Rhaebo blombergi,AmphibiaWeb
Rhaebo caeruleostictus,Rhaebo caeruleostictus,AmphibiaWeb
Rhaebo colomai,Rhaebo colomai,AmphibiaWeb
Rhaebo ecuadorensis,Rhaebo ecuadorensis,AmphibiaWeb
Rhaebo glaberrimus,Rhaebo glaberrimus,AmphibiaWeb
Rhaebo guttatus,Rhaebo guttatus,AmphibiaWeb
Rhaebo haematiticus,Rhaebo haematiticus,AmphibiaWeb
Rhaebo hypomelas,Rhaebo hypomelas,AmphibiaWeb
Rhaebo lynchi,Rhaebo lynchi,AmphibiaWeb
Rhaebo nasicus,Adhaerobufo nasicus,AmphibiaWeb
Rhaebo olallai,Rhaebo olallai,AmphibiaWeb
Rhamphophryne acrolopha,Rhinella acrolopha,AmphibiaWeb
Rhamphophryne festae,Rhinella festae,AmphibiaWeb
Rhamphophryne lindae,Rhinella lindae,AmphibiaWeb
Rhamphophryne macrorhina,Rhinella macrorhina,AmphibiaWeb
Rhamphophryne nicefori,Rhinella nicefori,AmphibiaWeb
Rhamphophryne rostrata,Rhinella rostrata,AmphibiaWeb
Rhamphophryne rostratus,Rhinella rostrata,AmphibiaWeb
Rhamphophryne ruizi,Rhinella ruizi,AmphibiaWeb
Rhamphophryne tenrec,Rhinella tenrec,AmphibiaWeb
Rhamphophryne truebae,Rhinella truebae,AmphibiaWeb
Rheobates palmatus,Rheobates palmatus,AmphibiaWeb
Rheobates pseudopalmatus,Rheobates pseudopalmatus,AmphibiaWeb
Rheobatrachus silus,Rheobatrachus silus,AmphibiaWeb
Rheobatrachus vitellinus,Rheobatrachus vitellinus,AmphibiaWeb
Rhinatrema bivittatum,Rhinatrema bivittatum,AmphibiaWeb
Rhinatrema gilbertogili,Rhinatrema gilbertogili,AmphibiaWeb
Rhinatrema koki,Rhinatrema koki,AmphibiaWeb
Rhinatrema nigrum,Rhinatrema nigrum,AmphibiaWeb
Rhinatrema ron,Rhinatrema ron,AmphibiaWeb
Rhinatrema shiv,Rhinatrema shiv,AmphibiaWeb
Rhinatrema uaiuai,Rhinatrema uaiuai,AmphibiaWeb
Rhinella abei,Rhinella ornata,AmphibiaWeb
Rhinella achalensis,Rhinella achalensis,AmphibiaWeb
Rhinella achavali,Rhinella achavali,AmphibiaWeb
Rhinella acrolopha,Rhinella acrolopha,AmphibiaWeb
Rhinella acutirostris,Rhinella acutirostris,AmphibiaWeb
Rhinella alata,Rhinella alata,AmphibiaWeb
Rhinella amabilis,Rhinella amabilis,AmphibiaWeb
Rhinella amboroensis,Rhinella quechua,AmphibiaWeb
Rhinella angeli,Rhinella angeli,AmphibiaWeb
Rhinella arborescandens,Rhinella arborescandens,AmphibiaWeb
Rhinella arenarum,Rhinella arenarum,AmphibiaWeb
Rhinella arequipensis,Rhinella spinulosa,AmphibiaWeb
Rhinella arunco,Rhinella arunco,AmphibiaWeb
Rhinella atacamensis,Rhinella atacamensis,AmphibiaWeb
Rhinella azarai,Rhinella azarai,AmphibiaWeb
Rhinella bella,Rhinella bella,AmphibiaWeb
Rhinella bergi,Rhinella bergi,AmphibiaWeb
Rhinella bernardoi,Rhinella bernardoi,AmphibiaWeb
Rhinella boulengeri,Dendrophryniscus proboscideus,AmphibiaWeb
Rhinella casconi,Rhinella casconi,AmphibiaWeb
Rhinella castaneotica,Rhinella castaneotica,AmphibiaWeb
Rhinella centralis,Rhinella centralis,AmphibiaWeb
Rhinella ceratophrys,Adhaerobufo ceratophrys,AmphibiaWeb
Rhinella cerradensis,Rhinella cerradensis,AmphibiaWeb
Rhinella chavin,Rhinella chavin,AmphibiaWeb
Rhinella chrysophora,Rhinella chrysophora,AmphibiaWeb
Rhinella chullachaki,Rhinella chullachaki,AmphibiaWeb
Rhinella cristinae,Rhinella cristinae,AmphibiaWeb
Rhinella crucifer,Rhinella crucifer,AmphibiaWeb
Rhinella dapsilis,Rhinella dapsilis,AmphibiaWeb
Rhinella diptycha,Rhinella diptycha,AmphibiaWeb
Rhinella dorbignyi,Rhinella dorbignyi,AmphibiaWeb
Rhinella exostosica,Rhinella exostosica,AmphibiaWeb
Rhinella fernandezae,Rhinella dorbignyi,AmphibiaWeb
Rhinella festae,Rhinella festae,AmphibiaWeb
Rhinella fissipes,Rhinella fissipes,AmphibiaWeb
Rhinella gallardoi,Rhinella gallardoi,AmphibiaWeb
Rhinella gildae,Rhinella dapsilis,AmphibiaWeb
Rhinella gnustae,Rhinella gnustae,AmphibiaWeb
Rhinella granulosa,Rhinella granulosa,AmphibiaWeb
Rhinella henseli,Rhinella henseli,AmphibiaWeb
Rhinella hoogmoedi,Rhinella hoogmoedi,AmphibiaWeb
Rhinella horribilis,Rhinella horribilis,AmphibiaWeb
Rhinella humboldti,Rhinella humboldti,AmphibiaWeb
Rhinella icterica,Rhinella icterica,AmphibiaWeb
Rhinella inca,Rhinella inca,AmphibiaWeb
Rhinella inopina,Rhinella inopina,AmphibiaWeb
Rhinella iserni,Rhinella iserni,AmphibiaWeb
Rhinella jimi,Rhinella diptycha,AmphibiaWeb
Rhinella justinianoi,Rhinella justinianoi,AmphibiaWeb
Rhinella kuka,Rhinella kuka,AmphibiaWeb
Rhinella kumanday,Rhinella kumanday,AmphibiaWeb
Rhinella leptoscelis,Rhinella leptoscelis,AmphibiaWeb
Rhinella lescurei,Rhinella lescurei,AmphibiaWeb
Rhinella lilyrodriguezae,Rhinella lilyrodriguezae,AmphibiaWeb
Rhinella limensis,Rhinella limensis,AmphibiaWeb
Rhinella lindae,Rhinella lindae,AmphibiaWeb
Rhinella macrorhina,Rhinella macrorhina,AmphibiaWeb
Rhinella magnussoni,Rhinella magnussoni,AmphibiaWeb
Rhinella major,Rhinella major,AmphibiaWeb
Rhinella manu,Rhinella manu,AmphibiaWeb
Rhinella margaritifera,Rhinella margaritifera,AmphibiaWeb
Rhinella marina,Rhinella marina,AmphibiaWeb
Rhinella marinus,Rhinella marina,AmphibiaWeb
Rhinella martyi,Rhinella margaritifera,AmphibiaWeb
Rhinella merianae,Rhinella merianae,AmphibiaWeb
Rhinella mirandaribeiroi,Rhinella mirandaribeiroi,AmphibiaWeb
Rhinella multiverrucosa,Rhinella multiverrucosa,AmphibiaWeb
Rhinella nattereri,Rhinella nattereri,AmphibiaWeb
Rhinella nesiotes,Rhinella nesiotes,AmphibiaWeb
Rhinella nicefori,Rhinella nicefori,AmphibiaWeb
Rhinella ocellata,Rhinella ocellata,AmphibiaWeb
Rhinella ornata,Rhinella ornata,AmphibiaWeb
Rhinella paraguas,Rhinella paraguas,AmphibiaWeb
Rhinella paraguayensis,Rhinella scitula,AmphibiaWeb
Rhinella parecis,Rhinella parecis,AmphibiaWeb
Rhinella pleuroptera,Rhinella pleuroptera,AmphibiaWeb
Rhinella poeppigii,Rhinella poeppigii,AmphibiaWeb
Rhinella pygmaea,Rhinella pygmaea,AmphibiaWeb
Rhinella quechua,Rhinella quechua,AmphibiaWeb
Rhinella roqueana,Rhinella roqueana,AmphibiaWeb
Rhinella rostrata,Rhinella rostrata,AmphibiaWeb
Rhinella rubescens,Rhinella rubescens,AmphibiaWeb
Rhinella rubropunctata,Rhinella rubropunctata,AmphibiaWeb
Rhinella ruizi,Rhinella ruizi,AmphibiaWeb
Rhinella rumbolli,Rhinella rumbolli,AmphibiaWeb
Rhinella schneideri,Rhinella schneideri,AmphibiaWeb
Rhinella scitula,Rhinella scitula,AmphibiaWeb
Rhinella sclerocephala,Rhinella sclerocephala,AmphibiaWeb
Rhinella sebbeni,Rhinella sebbeni,AmphibiaWeb
Rhinella spinulosa,Rhinella spinulosa,AmphibiaWeb
Rhinella stanlaii,Rhinella stanlaii,AmphibiaWeb
Rhinella sternosignata,Rhinella sternosignata,AmphibiaWeb
Rhinella tacana,Rhinella tacana,AmphibiaWeb
Rhinella tenrec,Rhinella tenrec,AmphibiaWeb
Rhinella teotoniensis,Rhinella teotoniensis,AmphibiaWeb
Rhinella truebae,Rhinella truebae,AmphibiaWeb
Rhinella unapensis,Rhinella unapensis,AmphibiaWeb
Rhinella vellardi,Rhinella vellardi,AmphibiaWeb
Rhinella veraguensis,Rhinella veraguensis,AmphibiaWeb
Rhinella veredas,Rhinella veredas,AmphibiaWeb
Rhinella yanachaga,Rhinella yanachaga,AmphibiaWeb
Rhinella yunga,Rhinella iserni,AmphibiaWeb
Rhinoderma darwinii,Rhinoderma darwinii,AmphibiaWeb
Rhinoderma rufum,Rhinoderma rufum,AmphibiaWeb
Rhinophrynus dorsalis,Rhinophrynus dorsalis,AmphibiaWeb
Rhombophryne alluaudi,Plethodontohyla alluaudi,AmphibiaWeb
Rhombophryne analamaina,Stumpffia analamaina,AmphibiaWeb
Rhombophryne be,Stumpffia be,AmphibiaWeb
Rhombophryne botabota,Rhombophryne botabota,AmphibiaWeb
Rhombophryne coronata,Rhombophryne coronata,AmphibiaWeb
Rhombophryne coudreaui,Rhombophryne coudreaui,AmphibiaWeb
Rhombophryne diadema,Rhombophryne diadema,AmphibiaWeb
Rhombophryne ellae,Rhombophryne ellae,AmphibiaWeb
Rhombophryne gimmeli,Stumpffia gimmeli,AmphibiaWeb
Rhombophryne grandis,Stumpffia grandis,AmphibiaWeb
Rhombophryne guentherpetersi,Rhombophryne guentherpetersi,AmphibiaWeb
Rhombophryne hara,Stumpffia hara,AmphibiaWeb
Rhombophryne helenae,Anilany helenae,AmphibiaWeb
Rhombophryne kibomena,Stumpffia kibomena,AmphibiaWeb
Rhombophryne laevipes,Rhombophryne laevipes,AmphibiaWeb
Rhombophryne longicrus,Rhombophryne longicrus,AmphibiaWeb
Rhombophryne madagascariensis,Stumpffia madagascariensis,AmphibiaWeb
Rhombophryne mangabensis,Rhombophryne mangabensis,AmphibiaWeb
Rhombophryne matavy,Rhombophryne matavy,AmphibiaWeb
Rhombophryne megsoni,Stumpffia megsoni,AmphibiaWeb
Rhombophryne miery,Stumpffia miery,AmphibiaWeb
Rhombophryne minuta,Rhombophryne minuta,AmphibiaWeb
Rhombophryne nilevina,Rhombophryne nilevina,AmphibiaWeb
Rhombophryne ornata,Rhombophryne ornata,AmphibiaWeb
Rhombophryne proportionalis,Rhombophryne proportionalis,AmphibiaWeb
Rhombophryne psologlossa,Stumpffia psologlossa,AmphibiaWeb
Rhombophryne pygmaea,Stumpffia pygmaea,AmphibiaWeb
Rhombophryne regalis,Rhombophryne regalis,AmphibiaWeb
Rhombophryne roseifemoralis,Stumpffia roseifemoralis,AmphibiaWeb
Rhombophryne savaka,Rhombophryne savaka,AmphibiaWeb
Rhombophryne serratopalpebrosa,Rhombophryne serratopalpebrosa,AmphibiaWeb
Rhombophryne staffordi,Stumpffia staffordi,AmphibiaWeb
Rhombophryne tany,Rhombophryne tany,AmphibiaWeb
Rhombophryne testudo,Rhombophryne testudo,AmphibiaWeb
Rhombophryne tetradactyla,Stumpffia tetradactyla,AmphibiaWeb
Rhombophryne tridactyla,Stumpffia tridactyla,AmphibiaWeb
Rhombophryne vaventy,Rhombophryne vaventy,AmphibiaWeb
Rhyacosiredon altamirani,Ambystoma altamirani,AmphibiaWeb
Rhyacosiredon leorae,Ambystoma leorae,AmphibiaWeb
Rhyacosiredon rivularis,Ambystoma rivulare,AmphibiaWeb
Rhyacosiredon zempoalaensis,Ambystoma altamirani,AmphibiaWeb
Rhyacotriton cascadae,Rhyacotriton cascadae,AmphibiaWeb
Rhyacotriton kezeri,Rhyacotriton kezeri,AmphibiaWeb
Rhyacotriton olympicus,Rhyacotriton olympicus,AmphibiaWeb
Rhyacotriton variegatus,Rhyacotriton variegatus,AmphibiaWeb
Rohanixalus wuguanfui,Rohanixalus wuguanfui,AmphibiaWeb
Rulyrana adiazeta,Rulyrana adiazeta,AmphibiaWeb
Rulyrana flavopunctata,Rulyrana flavopunctata,AmphibiaWeb
Rulyrana mcdiarmidi,Rulyrana mcdiarmidi,AmphibiaWeb
Rulyrana orejuela,Sachatamia orejuela,AmphibiaWeb
Rulyrana saxiscandens,Rulyrana saxiscandens,AmphibiaWeb
Rulyrana spiculata,Rulyrana spiculata,AmphibiaWeb
Rulyrana susatamai,Rulyrana susatamai,AmphibiaWeb
Rulyrana tangarana,Rulyrana saxiscandens,AmphibiaWeb
Rupirana cardosoi,Rupirana cardosoi,AmphibiaWeb
Rupirana kaatinga,Rupirana kaatinga,AmphibiaWeb
Sabahphrynus maculatus,Sabahphrynus maculatus,AmphibiaWeb
Sachatamia albomaculata,Sachatamia albomaculata,AmphibiaWeb
Sachatamia electrops,Sachatamia electrops,AmphibiaWeb
Sachatamia ilex,Sachatamia ilex,AmphibiaWeb
Sachatamia orejuela,Sachatamia orejuela,AmphibiaWeb
Sachatamia punctulata,Sachatamia punctulata,AmphibiaWeb
Saganura burrowsae,Saganura burrowsae,AmphibiaWeb
Sahona calcaratus,Boophis calcaratus,AmphibiaWeb
Salamandra algira,Salamandra algira,AmphibiaWeb
Salamandra alleganiensis,Cryptobranchus alleganiensis,AmphibiaWeb
Salamandra atra,Salamandra atra,AmphibiaWeb
Salamandra auriculata,Desmognathus auriculatus,AmphibiaWeb
Salamandra bislineata,Eurycea bislineata,AmphibiaWeb
Salamandra cinerea,Plethodon cinereus,AmphibiaWeb
Salamandra corsica,Salamandra corsica,AmphibiaWeb
Salamandra cylindracea,Plethodon cylindraceus,AmphibiaWeb
Salamandra fusca,Desmognathus fuscus,AmphibiaWeb
Salamandra granulosa,Taricha granulosa,AmphibiaWeb
Salamandra guttolineata,Eurycea guttolineata,AmphibiaWeb
Salamandra infraimmaculata,Salamandra infraimmaculata,AmphibiaWeb
Salamandra jeffersoniana,Ambystoma jeffersonianum,AmphibiaWeb
Salamandra lanzai,Salamandra lanzai,AmphibiaWeb
Salamandra longicauda,Eurycea longicauda,AmphibiaWeb
Salamandra lugubris,Aneides lugubris,AmphibiaWeb
Salamandra luschani,Lyciasalamandra luschani,AmphibiaWeb
Salamandra opaca,Ambystoma opacum,AmphibiaWeb
Salamandra perspicillata,Salamandrina perspicillata,AmphibiaWeb
Salamandra quadridigitata,Eurycea quadridigitata,AmphibiaWeb
Salamandra rubra,Pseudotriton ruber,AmphibiaWeb
Salamandra salamandra,Salamandra salamandra,AmphibiaWeb
Salamandra talpoidea,Ambystoma talpoideum,AmphibiaWeb
Salamandra texana,Ambystoma texanum,AmphibiaWeb
Salamandra tigrina,Ambystoma tigrinum,AmphibiaWeb
Salamandra tridactyla,Salamandrina terdigitata,AmphibiaWeb
Salamandra variolata,Plethodon variolatus,AmphibiaWeb
Salamandrella keyserlingii,Salamandrella keyserlingii,AmphibiaWeb
Salamandrella sinensis,Batrachuperus pinchonii,AmphibiaWeb
Salamandrella tridactyla,Salamandrella tridactyla,AmphibiaWeb
Salamandrina attenuata,Batrachoseps attenuatus,AmphibiaWeb
Salamandrina perspicillata,Salamandrina perspicillata,AmphibiaWeb
Salamandrina terdigitata,Salamandrina terdigitata,AmphibiaWeb
Sallywalkerana diplosticta,Sallywalkerana diplosticta,AmphibiaWeb
Sallywalkerana leptodactyla,Sallywalkerana leptodactyla,AmphibiaWeb
Sallywalkerana muduga,Sallywalkerana muduga,AmphibiaWeb
Sallywalkerana phrynoderma,Sallywalkerana phrynoderma,AmphibiaWeb
Sandyrana azuroscelis,Sandyrana azuroscelis,AmphibiaWeb
Sandyrana graminea,Sandyrana graminea,AmphibiaWeb
Sandyrana infrafrenata,Sandyrana infrafrenata,AmphibiaWeb
Sandyrana lubisi,Sandyrana lubisi,AmphibiaWeb
Sandyrana multicolor,Sandyrana multicolor,AmphibiaWeb
Sandyrana nullicedens,Sandyrana nullicedens,AmphibiaWeb
Sandyrana pallidofemora,Sandyrana pallidofemora,AmphibiaWeb
Sandyrana pterodactyla,Sandyrana pterodactyla,AmphibiaWeb
Sanguirana acai,Sanguirana acai,AmphibiaWeb
Sanguirana albotuberculata,Sanguirana mearnsi,AmphibiaWeb
Sanguirana aurantipunctata,Sanguirana aurantipunctata,AmphibiaWeb
Sanguirana everetti,Sanguirana everetti,AmphibiaWeb
Sanguirana igorota,Sanguirana igorota,AmphibiaWeb
Sanguirana luzonensis,Sanguirana luzonensis,AmphibiaWeb
Sanguirana mearnsi,Sanguirana mearnsi,AmphibiaWeb
Sanguirana tipanan,Sanguirana tipanan,AmphibiaWeb
Sanguirana varians,Sanguirana varians,AmphibiaWeb
Sarawakiphrys dringi,Sarawakiphrys dringi,AmphibiaWeb
Sarcohyla ameibothalame,Sarcohyla ameibothalame,AmphibiaWeb
Sarcohyla arborescandens,Sarcohyla arborescandens,AmphibiaWeb
Sarcohyla bistincta,Sarcohyla bistincta,AmphibiaWeb
Sarcohyla calvicollina,Sarcohyla calvicollina,AmphibiaWeb
Sarcohyla celata,Sarcohyla celata,AmphibiaWeb
Sarcohyla cembra,Sarcohyla cembra,AmphibiaWeb
Sarcohyla charadricola,Sarcohyla charadricola,AmphibiaWeb
Sarcohyla chryses,Sarcohyla chryses,AmphibiaWeb
Sarcohyla crassa,Sarcohyla crassa,AmphibiaWeb
Sarcohyla cyanomma,Sarcohyla cyanomma,AmphibiaWeb
Sarcohyla cyclada,Sarcohyla cyclada,AmphibiaWeb
Sarcohyla floresi,Sarcohyla floresi,AmphibiaWeb
Sarcohyla gretae,Sarcohyla gretae,AmphibiaWeb
Sarcohyla hapsa,Sarcohyla hapsa,AmphibiaWeb
Sarcohyla hazelae,Sarcohyla hazelae,AmphibiaWeb
Sarcohyla labeculata,Sarcohyla labeculata,AmphibiaWeb
Sarcohyla labedactyla,Sarcohyla labedactyla,AmphibiaWeb
Sarcohyla miahuatlanensis,Sarcohyla miahuatlanensis,AmphibiaWeb
Sarcohyla mykter,Sarcohyla mykter,AmphibiaWeb
Sarcohyla pachyderma,Sarcohyla pachyderma,AmphibiaWeb
Sarcohyla pentheter,Sarcohyla pentheter,AmphibiaWeb
Sarcohyla psarosema,Sarcohyla psarosema,AmphibiaWeb
Sarcohyla robertsorum,Sarcohyla robertsorum,AmphibiaWeb
Sarcohyla sabrina,Sarcohyla sabrina,AmphibiaWeb
Sarcohyla siopela,Sarcohyla siopela,AmphibiaWeb
Sarcohyla thorectes,Sarcohyla thorectes,AmphibiaWeb
Sarcohyla toyota,Sarcohyla toyota,AmphibiaWeb
Scaphiophryne boribory,Scaphiophryne boribory,AmphibiaWeb
Scaphiophryne brevis,Scaphiophryne brevis,AmphibiaWeb
Scaphiophryne calcarata,Scaphiophryne calcarata,AmphibiaWeb
Scaphiophryne gottlebei,Scaphiophryne gottlebei,AmphibiaWeb
Scaphiophryne madagascariensis,Scaphiophryne madagascariensis,AmphibiaWeb
Scaphiophryne marmorata,Scaphiophryne marmorata,AmphibiaWeb
Scaphiophryne matsoko,Scaphiophryne matsoko,AmphibiaWeb
Scaphiophryne menabensis,Scaphiophryne menabensis,AmphibiaWeb
Scaphiophryne obscura,Scaphiophryne obscura,AmphibiaWeb
Scaphiophryne spinosa,Scaphiophryne spinosa,AmphibiaWeb
Scaphiophryne verrucosa,Scaphiophryne brevis,AmphibiaWeb
Scaphiopus bombifrons,Spea bombifrons,AmphibiaWeb
Scaphiopus couchii,Scaphiopus couchii,AmphibiaWeb
Scaphiopus hammondi intermontanus,Spea intermontana,AmphibiaWeb
Scaphiopus hammondii,Spea hammondii,AmphibiaWeb
Scaphiopus hammondii intermontanus,Spea intermontana,AmphibiaWeb
Scaphiopus holbrookii,Scaphiopus holbrookii,AmphibiaWeb
Scaphiopus hurterii,Scaphiopus hurterii,AmphibiaWeb
Scaphiopus intermontanus,Spea intermontana,AmphibiaWeb
Scaphiopus multiplicatus,Spea multiplicata,AmphibiaWeb
Scarthyla goinorum,Scarthyla goinorum,AmphibiaWeb
Scarthyla vigilans,Scarthyla vigilans,AmphibiaWeb
Schismaderma branchi,Schismaderma branchi,AmphibiaWeb
Schismaderma carens,Schismaderma carens,AmphibiaWeb
Schistometopum ephele,Schistometopum ephele,AmphibiaWeb
Schistometopum gregorii,Schistometopum gregorii,AmphibiaWeb
Schistometopum thomense,Schistometopum thomense,AmphibiaWeb
Schoutedenella crusculum,Arthroleptis crusculum,AmphibiaWeb
Schoutedenella discodactyla,Arthroleptis schubotzi,AmphibiaWeb
Schoutedenella hematogaster,Arthroleptis hematogaster,AmphibiaWeb
Schoutedenella lameerei,Arthroleptis lameerei,AmphibiaWeb
Schoutedenella loveridgei,Arthroleptis loveridgei,AmphibiaWeb
Schoutedenella milletihorsini,Tomopterna milletihorsini,AmphibiaWeb
Schoutedenella mossoensis,Arthroleptis mossoensis,AmphibiaWeb
Schoutedenella muta,Arthroleptis lameerei,AmphibiaWeb
Schoutedenella nimbaensis,Arthroleptis nimbaensis,AmphibiaWeb
Schoutedenella phrynoides,Arthroleptis phrynoides,AmphibiaWeb
Schoutedenella pyrrhoscelis,Arthroleptis pyrrhoscelis,AmphibiaWeb
Schoutedenella schubotzi,Arthroleptis schubotzi,AmphibiaWeb
Schoutedenella spinalis,Arthroleptis spinalis,AmphibiaWeb
Schoutedenella sylvatica,Arthroleptis sylvaticus,AmphibiaWeb
Schoutedenella troglodytes,Arthroleptis troglodytes,AmphibiaWeb
Schoutedenella vercammeni,Arthroleptis vercammeni,AmphibiaWeb
Schoutedenella xenochirus,Arthroleptis xenochirus,AmphibiaWeb
Schoutedenella xenodactyla,Arthroleptis xenodactylus,AmphibiaWeb
Schoutedenella xenodactyloides,Arthroleptis xenodactyloides,AmphibiaWeb
Schoutedenella zimmeri,Arthroleptis zimmeri,AmphibiaWeb
Scinax acuminatus,Scinax acuminatus,AmphibiaWeb
Scinax agilis,Ololygon agilis,AmphibiaWeb
Scinax albertinae,Scinax albertinae,AmphibiaWeb
Scinax albicans,Scinax albicans,AmphibiaWeb
Scinax alcatraz,Scinax alcatraz,AmphibiaWeb
Scinax altae,Scinax altae,AmphibiaWeb
Scinax alter,Scinax alter,AmphibiaWeb
Scinax angrensis,Scinax angrensis,AmphibiaWeb
Scinax arduous,Scinax arduous,AmphibiaWeb
Scinax argyreornata,Ololygon argyreornata,AmphibiaWeb
Scinax argyreornatus,Ololygon argyreornata,AmphibiaWeb
Scinax ariadne,Scinax ariadne,AmphibiaWeb
Scinax aromothyella,Scinax aromothyella,AmphibiaWeb
Scinax atratus,Scinax atratus,AmphibiaWeb
Scinax auratus,Scinax auratus,AmphibiaWeb
Scinax baumgardneri,Scinax baumgardneri,AmphibiaWeb
Scinax belloni,Ololygon belloni,AmphibiaWeb
Scinax berthae,Scinax berthae,AmphibiaWeb
Scinax blairi,Scinax blairi,AmphibiaWeb
Scinax boesemani,Scinax boesemani,AmphibiaWeb
Scinax boulengeri,Scinax boulengeri,AmphibiaWeb
Scinax brieni,Scinax brieni,AmphibiaWeb
Scinax cabralensis,Scinax cabralensis,AmphibiaWeb
Scinax caissara,Scinax caissara,AmphibiaWeb
Scinax caldarum,Scinax caldarum,AmphibiaWeb
Scinax camposseabrai,Scinax camposseabrai,AmphibiaWeb
Scinax canastrensis,Scinax canastrensis,AmphibiaWeb
Scinax caprarius,Scinax caprarius,AmphibiaWeb
Scinax cardosoi,Ololygon cardosoi,AmphibiaWeb
Scinax carnevallii,Scinax carnevallii,AmphibiaWeb
Scinax castroviejoi,Scinax castroviejoi,AmphibiaWeb
Scinax catharinae,Ololygon catharinae,AmphibiaWeb
Scinax centralis,Scinax centralis,AmphibiaWeb
Scinax chiquitanus,Scinax chiquitanus,AmphibiaWeb
Scinax constrictus,Scinax constrictus,AmphibiaWeb
Scinax cosenzai,Scinax cosenzai,AmphibiaWeb
Scinax cretatus,Scinax cretatus,AmphibiaWeb
Scinax crospedospilus,Scinax crospedospilus,AmphibiaWeb
Scinax cruentommus,Scinax cruentommus,AmphibiaWeb
Scinax curicica,Scinax curicica,AmphibiaWeb
Scinax cuspidatus,Scinax cuspidatus,AmphibiaWeb
Scinax danae,Scinax danae,AmphibiaWeb
Scinax dolloi,Scinax dolloi,AmphibiaWeb
Scinax duartei,Scinax duartei,AmphibiaWeb
Scinax elaeochraoa,Scinax elaeochroa,AmphibiaWeb
Scinax elaeochroa,Scinax elaeochroa,AmphibiaWeb
Scinax elaeochrous,Scinax elaeochroa,AmphibiaWeb
Scinax eurydice,Scinax eurydice,AmphibiaWeb
Scinax exiguus,Scinax exiguus,AmphibiaWeb
Scinax faivovichi,Scinax faivovichi,AmphibiaWeb
Scinax flavoguttatus,Scinax flavoguttatus,AmphibiaWeb
Scinax fontanarrosai,Scinax fontanarrosai,AmphibiaWeb
Scinax funereus,Scinax funereus,AmphibiaWeb
Scinax fuscomarginatus,Scinax fuscomarginatus,AmphibiaWeb
Scinax fuscovarius,Scinax fuscovarius,AmphibiaWeb
Scinax garbei,Scinax garbei,AmphibiaWeb
Scinax garciadavilae,Scinax garciadavilae,AmphibiaWeb
Scinax garibaldiae,Scinax garibaldiae,AmphibiaWeb
Scinax goya,Ololygon goya,AmphibiaWeb
Scinax granulatus,Scinax granulatus,AmphibiaWeb
Scinax haddadorum,Scinax haddadorum,AmphibiaWeb
Scinax hayii,Scinax hayii,AmphibiaWeb
Scinax heyeri,Scinax heyeri,AmphibiaWeb
Scinax hiemalis,Scinax hiemalis,AmphibiaWeb
Scinax humilis,Scinax humilis,AmphibiaWeb
Scinax ictericus,Scinax ictericus,AmphibiaWeb
Scinax imbegue,Scinax imbegue,AmphibiaWeb
Scinax insperatus,Scinax insperatus,AmphibiaWeb
Scinax iquitorum,Scinax iquitorum,AmphibiaWeb
Scinax jolyi,Scinax jolyi,AmphibiaWeb
Scinax juncae,Scinax juncae,AmphibiaWeb
Scinax jureia,Scinax jureia,AmphibiaWeb
Scinax juruena,Scinax juruena,AmphibiaWeb
Scinax karenanneae,Scinax karenanneae,AmphibiaWeb
Scinax kautskyi,Scinax kautskyi,AmphibiaWeb
Scinax kennedyi,Scinax kennedyi,AmphibiaWeb
Scinax lindsayi,Scinax lindsayi,AmphibiaWeb
Scinax littoralis,Scinax littoralis,AmphibiaWeb
Scinax littoreus,Scinax littoreus,AmphibiaWeb
Scinax longilineus,Scinax longilineus,AmphibiaWeb
Scinax luizotavioi,Scinax luizotavioi,AmphibiaWeb
Scinax lutzorum,Scinax fuscomarginatus,AmphibiaWeb
Scinax machadoi,Scinax machadoi,AmphibiaWeb
Scinax madeirae,Scinax madeirae,AmphibiaWeb
Scinax manriquei,Scinax manriquei,AmphibiaWeb
Scinax maracaya,Scinax maracaya,AmphibiaWeb
Scinax megapodius,Scinax fuscovarius,AmphibiaWeb
Scinax melanodactylus,Scinax melanodactylus,AmphibiaWeb
Scinax melloi,Scinax melloi,AmphibiaWeb
Scinax montivagus,Scinax montivagus,AmphibiaWeb
Scinax muriciensis,Scinax muriciensis,AmphibiaWeb
Scinax nasicus,Scinax nasicus,AmphibiaWeb
Scinax nebulosus,Scinax nebulosus,AmphibiaWeb
Scinax obtriangulatus,Scinax obtriangulatus,AmphibiaWeb
Scinax onca,Scinax onca,AmphibiaWeb
Scinax oreites,Scinax oreites,AmphibiaWeb
Scinax pachycrus,Scinax pachycrus,AmphibiaWeb
Scinax parkeri,Scinax fuscomarginatus,AmphibiaWeb
Scinax pedromedinae,Scinax pedromedinae,AmphibiaWeb
Scinax peixotoi,Scinax peixotoi,AmphibiaWeb
Scinax perereca,Scinax perereca,AmphibiaWeb
Scinax perpusilla,Ololygon perpusilla,AmphibiaWeb
Scinax perpusillus,Ololygon perpusilla,AmphibiaWeb
Scinax pinima,Scinax pinima,AmphibiaWeb
Scinax pixinguinha,Scinax pixinguinha,AmphibiaWeb
Scinax pombali,Scinax pombali,AmphibiaWeb
Scinax proboscideus,Scinax proboscideus,AmphibiaWeb
Scinax pusillus,Scinax fuscomarginatus,AmphibiaWeb
Scinax pyroinguinis,Scinax pyroinguinis,AmphibiaWeb
Scinax quinquefasciatus,Scinax quinquefasciatus,AmphibiaWeb
Scinax ranki,Scinax ranki,AmphibiaWeb
Scinax ritaleeae,Scinax ritaleeae,AmphibiaWeb
Scinax rizibilis,Scinax rizibilis,AmphibiaWeb
Scinax rogerioi,Scinax rogerioi,AmphibiaWeb
Scinax rossaferesae,Scinax rossaferesae,AmphibiaWeb
Scinax rostratus,Scinax rostratus,AmphibiaWeb
Scinax ruberoculatus,Scinax ruberoculatus,AmphibiaWeb
Scinax rubra,Scinax ruber,AmphibiaWeb
Scinax ruprestris,Scinax ruprestris,AmphibiaWeb
Scinax sateremawe,Scinax sateremawe,AmphibiaWeb
Scinax similis,Scinax similis,AmphibiaWeb
Scinax skaios,Scinax skaios,AmphibiaWeb
Scinax skuki,Scinax skuki,AmphibiaWeb
Scinax squalirostris,Scinax squalirostris,AmphibiaWeb
Scinax staufferi,Scinax staufferi,AmphibiaWeb
Scinax strigilatus,Scinax strigilatus,AmphibiaWeb
Scinax strussmannae,Scinax strussmannae,AmphibiaWeb
Scinax sugillatus,Scinax sugillatus,AmphibiaWeb
Scinax tigrinus,Scinax tigrinus,AmphibiaWeb
Scinax trachythorax,Scinax fuscovarius,AmphibiaWeb
Scinax trapicheiroi,Scinax trapicheiroi,AmphibiaWeb
Scinax trilineatus,Scinax fuscomarginatus,AmphibiaWeb
Scinax tripui,Scinax tripui,AmphibiaWeb
Scinax tropicalia,Scinax tropicalia,AmphibiaWeb
Scinax tsachila,Scinax tsachila,AmphibiaWeb
Scinax tupinamba,Scinax tupinamba,AmphibiaWeb
Scinax tymbamirim,Scinax tymbamirim,AmphibiaWeb
Scinax uruguayus,Scinax uruguayus,AmphibiaWeb
Scinax ushiniauae,Scinax ushiniauae,AmphibiaWeb
Scinax v-signatus,Scinax v-signatus,AmphibiaWeb
Scinax villasboasi,Scinax villasboasi,AmphibiaWeb
Scinax wandae,Scinax wandae,AmphibiaWeb
Scinax x-signatus,Scinax x-signatus,AmphibiaWeb
Sclerophrys arabica,Sclerophrys arabica,AmphibiaWeb
Sclerophrys asmarae,Sclerophrys asmarae,AmphibiaWeb
Sclerophrys blanfordii,Sclerophrys blanfordii,AmphibiaWeb
Sclerophrys brauni,Sclerophrys brauni,AmphibiaWeb
Sclerophrys buchneri,Sclerophrys buchneri,AmphibiaWeb
Sclerophrys camerunensis,Sclerophrys camerunensis,AmphibiaWeb
Sclerophrys capensis,Sclerophrys capensis,AmphibiaWeb
Sclerophrys channingi,Sclerophrys channingi,AmphibiaWeb
Sclerophrys chevalieri,Sclerophrys chevalieri,AmphibiaWeb
Sclerophrys chudeaui,Sclerophrys chudeaui,AmphibiaWeb
Sclerophrys cristiglans,Sclerophrys cristiglans,AmphibiaWeb
Sclerophrys danielae,Sclerophrys danielae,AmphibiaWeb
Sclerophrys djohongensis,Sclerophrys djohongensis,AmphibiaWeb
Sclerophrys dodsoni,Sclerophrys dodsoni,AmphibiaWeb
Sclerophrys fuliginata,Sclerophrys fuliginata,AmphibiaWeb
Sclerophrys funerea,Sclerophrys funerea,AmphibiaWeb
Sclerophrys garmani,Sclerophrys garmani,AmphibiaWeb
Sclerophrys gracilipes,Sclerophrys gracilipes,AmphibiaWeb
Sclerophrys gutturalis,Sclerophrys gutturalis,AmphibiaWeb
Sclerophrys kassasii,Sclerophrys kassasii,AmphibiaWeb
Sclerophrys kerinyagae,Sclerophrys kerinyagae,AmphibiaWeb
Sclerophrys kisoloensis,Sclerophrys kisoloensis,AmphibiaWeb
Sclerophrys langanoensis,Sclerophrys langanoensis,AmphibiaWeb
Sclerophrys latifrons,Sclerophrys latifrons,AmphibiaWeb
Sclerophrys lemairii,Sclerophrys lemairii,AmphibiaWeb
Sclerophrys maculata,Sclerophrys maculata,AmphibiaWeb
Sclerophrys mauritanica,Sclerophrys mauritanica,AmphibiaWeb
Sclerophrys pantherina,Sclerophrys pantherina,AmphibiaWeb
Sclerophrys pardalis,Sclerophrys pardalis,AmphibiaWeb
Sclerophrys pentoni,Sclerophrys pentoni,AmphibiaWeb
Sclerophrys perreti,Sclerophrys perreti,AmphibiaWeb
Sclerophrys poweri,Sclerophrys poweri,AmphibiaWeb
Sclerophrys pusilla,Sclerophrys pusilla,AmphibiaWeb
Sclerophrys reesi,Sclerophrys reesi,AmphibiaWeb
Sclerophrys regularis,Sclerophrys regularis,AmphibiaWeb
Sclerophrys steindachneri,Sclerophrys steindachneri,AmphibiaWeb
Sclerophrys superciliaris,Sclerophrys superciliaris,AmphibiaWeb
Sclerophrys taiensis,Sclerophrys taiensis,AmphibiaWeb
Sclerophrys tihamica,Sclerophrys tihamica,AmphibiaWeb
Sclerophrys togoensis,Sclerophrys togoensis,AmphibiaWeb
Sclerophrys tuberosa,Sclerophrys tuberosa,AmphibiaWeb
Sclerophrys turkanae,Sclerophrys turkanae,AmphibiaWeb
Sclerophrys urunguensis,Sclerophrys urunguensis,AmphibiaWeb
Sclerophrys villiersi,Sclerophrys villiersi,AmphibiaWeb
Sclerophrys vittata,Sclerophrys vittata,AmphibiaWeb
Sclerophrys xeros,Sclerophrys xeros,AmphibiaWeb
Scolecomorphus kirkii,Scolecomorphus kirkii,AmphibiaWeb
Scolecomorphus uluguruensis,Scolecomorphus uluguruensis,AmphibiaWeb
Scolecomorphus vittatus,Scolecomorphus vittatus,AmphibiaWeb
Scotobleps gabonicus,Scotobleps gabonicus,AmphibiaWeb
Scutiger adungensis,Scutiger adungensis,AmphibiaWeb
Scutiger bangdaensis,Scutiger bangdaensis,AmphibiaWeb
Scutiger bhutanensis,Scutiger bhutanensis,AmphibiaWeb
Scutiger biluoensis,Scutiger biluoensis,AmphibiaWeb
Scutiger boulengeri,Scutiger boulengeri,AmphibiaWeb
Scutiger brevipes,Scutiger brevipes,AmphibiaWeb
Scutiger ching,Scutiger ching,AmphibiaWeb
Scutiger chintingensis,Scutiger chintingensis,AmphibiaWeb
Scutiger feiliangi,Scutiger feiliangi,AmphibiaWeb
Scutiger ghunsa,Scutiger ghunsa,AmphibiaWeb
Scutiger glandulatus,Scutiger glandulatus,AmphibiaWeb
Scutiger gongshanensis,Scutiger gongshanensis,AmphibiaWeb
Scutiger jiulongensis,Scutiger jiulongensis,AmphibiaWeb
Scutiger kanjiroba,Scutiger kanjiroba,AmphibiaWeb
Scutiger khumbu,Scutiger khumbu,AmphibiaWeb
Scutiger lisu,Scutiger lisu,AmphibiaWeb
Scutiger liupanensis,Scutiger liupanensis,AmphibiaWeb
Scutiger luozhaensis,Scutiger luozhaensis,AmphibiaWeb
Scutiger maculatus,Scutiger maculatus,AmphibiaWeb
Scutiger mammatus,Scutiger mammatus,AmphibiaWeb
Scutiger meiliensis,Scutiger meiliensis,AmphibiaWeb
Scutiger mokokchungensis,Nanorana mokokchungensis,AmphibiaWeb
Scutiger muliensis,Scutiger muliensis,AmphibiaWeb
Scutiger nepalensis,Scutiger nepalensis,AmphibiaWeb
Scutiger ningshanensis,Scutiger ningshanensis,AmphibiaWeb
Scutiger occidentalis,Scutiger occidentalis,AmphibiaWeb
Scutiger pardalotus,Scutiger pardalotus,AmphibiaWeb
Scutiger pingwuensis,Scutiger pingwuensis,AmphibiaWeb
Scutiger sikimmensis,Scutiger sikimmensis,AmphibiaWeb
Scutiger spinosus,Scutiger spinosus,AmphibiaWeb
Scutiger tengchongensis,Scutiger tengchongensis,AmphibiaWeb
Scutiger tuberculatus,Scutiger tuberculatus,AmphibiaWeb
Scutiger wanglangensis,Scutiger wanglangensis,AmphibiaWeb
Scutiger wolong,Scutiger wolong,AmphibiaWeb
Scutiger wuguanfui,Scutiger wuguanfui,AmphibiaWeb
Scythrophrys sawayae,Scythrophrys sawayae,AmphibiaWeb
Sechellophryne gardineri,Sechellophryne gardineri,AmphibiaWeb
Sechellophryne pipilodryas,Sechellophryne pipilodryas,AmphibiaWeb
Semnodactylus wealii,Semnodactylus wealii,AmphibiaWeb
Serranobatrachus carmelitae,Serranobatrachus carmelitae,AmphibiaWeb
Serranobatrachus cristinae,Serranobatrachus cristinae,AmphibiaWeb
Serranobatrachus delicatus,Serranobatrachus delicatus,AmphibiaWeb
Serranobatrachus insignitus,Serranobatrachus insignitus,AmphibiaWeb
Serranobatrachus megalops,Serranobatrachus megalops,AmphibiaWeb
Serranobatrachus ruthveni,Serranobatrachus ruthveni,AmphibiaWeb
Serranobatrachus sanctaemartae,Serranobatrachus sanctaemartae,AmphibiaWeb
Siamophryne troglodytes,Siamophryne troglodytes,AmphibiaWeb
Sigalegalephrynus burnitelongensis,Sigalegalephrynus burnitelongensis,AmphibiaWeb
Sigalegalephrynus gayoluesensis,Sigalegalephrynus gayoluesensis,AmphibiaWeb
Sigalegalephrynus harveyi,Sigalegalephrynus harveyi,AmphibiaWeb
Sigalegalephrynus mandailinguensis,Sigalegalephrynus mandailinguensis,AmphibiaWeb
Sigalegalephrynus minangkabauensis,Sigalegalephrynus minangkabauensis,AmphibiaWeb
Silverstoneia dalyi,Silverstoneia dalyi,AmphibiaWeb
Silverstoneia erasmios,Silverstoneia erasmios,AmphibiaWeb
Silverstoneia flotator,Silverstoneia flotator,AmphibiaWeb
Silverstoneia gutturalis,Silverstoneia gutturalis,AmphibiaWeb
Silverstoneia minima,Silverstoneia minima,AmphibiaWeb
Silverstoneia minutissima,Silverstoneia minutissima,AmphibiaWeb
Silverstoneia nubicola,Silverstoneia nubicola,AmphibiaWeb
Silverstoneia punctiventris,Silverstoneia punctiventris,AmphibiaWeb
Sinobius melanonychus,Pachyhynobius shangchengensis,AmphibiaWeb
Siphonops annulatus,Siphonops annulatus,AmphibiaWeb
Siphonops hardyi,Siphonops hardyi,AmphibiaWeb
Siphonops insulanus,Luetkenotyphlus insulanus,AmphibiaWeb
Siphonops leucoderus,Siphonops leucoderus,AmphibiaWeb
Siphonops paulensis,Siphonops paulensis,AmphibiaWeb
Siredon gracilis,Ambystoma gracile,AmphibiaWeb
Siren intermedia,Siren intermedia,AmphibiaWeb
Siren lacertina,Siren lacertina,AmphibiaWeb
Siren maculosus,Necturus maculosus,AmphibiaWeb
Siren nettingi,Siren nettingi,AmphibiaWeb
Siren reticulata,Siren reticulata,AmphibiaWeb
Siren sphagnicola,Siren sphagnicola,AmphibiaWeb
Siren striata,Pseudobranchus striatus,AmphibiaWeb
Siren texana,Siren intermedia,AmphibiaWeb
Smilisca baudinii,Smilisca baudinii,AmphibiaWeb
Smilisca cyanosticta,Smilisca cyanosticta,AmphibiaWeb
Smilisca dentata,Smilisca dentata,AmphibiaWeb
Smilisca fodiens,Smilisca fodiens,AmphibiaWeb
Smilisca manisorum,Smilisca manisorum,AmphibiaWeb
Smilisca phaeota,Smilisca phaeota,AmphibiaWeb
Smilisca puma,Smilisca puma,AmphibiaWeb
Smilisca sila,Smilisca sila,AmphibiaWeb
Smilisca sordida,Smilisca sordida,AmphibiaWeb
Sminthillus limbatus,Eleutherodactylus limbatus,AmphibiaWeb
Somuncuria somuncurensis,Pleurodema somuncurense,AmphibiaWeb
Sooglossus gardineri,Sechellophryne gardineri,AmphibiaWeb
Sooglossus pipilodryas,Sechellophryne pipilodryas,AmphibiaWeb
Sooglossus sechellensis,Sooglossus sechellensis,AmphibiaWeb
Sooglossus thomasseti,Sooglossus thomasseti,AmphibiaWeb
Spea bombifrons,Spea bombifrons,AmphibiaWeb
Spea hammondi,Spea hammondii,AmphibiaWeb
Spea hammondii,Spea hammondii,AmphibiaWeb
Spea intermontana,Spea intermontana,AmphibiaWeb
Spea multiplicata,Spea multiplicata,AmphibiaWeb
Spelaeophryne methneri,Spelaeophryne methneri,AmphibiaWeb
Speleomantes ambrosii,Hydromantes ambrosii,AmphibiaWeb
Speleomantes flavus,Hydromantes flavus,AmphibiaWeb
Speleomantes genei,Hydromantes genei,AmphibiaWeb
Speleomantes imperialis,Hydromantes imperialis,AmphibiaWeb
Speleomantes italicus,Hydromantes italicus,AmphibiaWeb
Speleomantes sarrabusensis,Hydromantes sarrabusensis,AmphibiaWeb
Speleomantes strinatii,Hydromantes strinatii,AmphibiaWeb
Speleomantes supramontis,Hydromantes supramontis,AmphibiaWeb
Spelerpes multiplicatus,Eurycea multiplicata,AmphibiaWeb
Spelerpes platycephalus,Hydromantes platycephalus,AmphibiaWeb
Sphaenorhynchus botocudo,Sphaenorhynchus botocudo,AmphibiaWeb
Sphaenorhynchus bromelicola,Sphaenorhynchus bromelicola,AmphibiaWeb
Sphaenorhynchus cammaeus,Sphaenorhynchus cammaeus,AmphibiaWeb
Sphaenorhynchus canga,Sphaenorhynchus canga,AmphibiaWeb
Sphaenorhynchus caramaschii,Sphaenorhynchus caramaschii,AmphibiaWeb
Sphaenorhynchus carneus,Sphaenorhynchus carneus,AmphibiaWeb
Sphaenorhynchus dorisae,Sphaenorhynchus dorisae,AmphibiaWeb
Sphaenorhynchus eurhostus,Sphaenorhynchus lacteus,AmphibiaWeb
Sphaenorhynchus habrus,Sphaenorhynchus carneus,AmphibiaWeb
Sphaenorhynchus lacteus,Sphaenorhynchus lacteus,AmphibiaWeb
Sphaenorhynchus mirim,Sphaenorhynchus mirim,AmphibiaWeb
Sphaenorhynchus orophilus,Sphaenorhynchus platycephalus,AmphibiaWeb
Sphaenorhynchus palustris,Sphaenorhynchus palustris,AmphibiaWeb
Sphaenorhynchus pauloalvini,Sphaenorhynchus pauloalvini,AmphibiaWeb
Sphaenorhynchus planicola,Sphaenorhynchus planicola,AmphibiaWeb
Sphaenorhynchus platycephalus,Sphaenorhynchus platycephalus,AmphibiaWeb
Sphaenorhynchus prasinus,Sphaenorhynchus prasinus,AmphibiaWeb
Sphaenorhynchus seabrai,Allophryne ruthveni,AmphibiaWeb
Sphaenorhynchus surdus,Sphaenorhynchus surdus,AmphibiaWeb
Sphaerotheca bengaluru,Sphaerotheca bengaluru,AmphibiaWeb
Sphaerotheca dobsoni,Sphaerotheca dobsonii,AmphibiaWeb
Sphaerotheca dobsonii,Sphaerotheca dobsonii,AmphibiaWeb
Sphaerotheca leucorhynchus,Sphaerotheca leucorhynchus,AmphibiaWeb
Sphaerotheca magadha,Sphaerotheca magadha,AmphibiaWeb
Sphaerotheca maskeyi,Sphaerotheca maskeyi,AmphibiaWeb
Sphaerotheca pashchima,Sphaerotheca pashchima,AmphibiaWeb
Sphaerotheca pluvialis,Sphaerotheca pluvialis,AmphibiaWeb
Sphaerotheca rolandae,Sphaerotheca rolandae,AmphibiaWeb
Sphaerotheca strachani,Sphaerotheca strachani,AmphibiaWeb
Sphaerotheca swani,Sphaerotheca swani,AmphibiaWeb
Sphaerotheca varshaabhu,Sphaerotheca varshaabhu,AmphibiaWeb
Sphenophryne allisoni,Sphenophryne allisoni,AmphibiaWeb
Sphenophryne alpestris,Sphenophryne alpestris,AmphibiaWeb
Sphenophryne brevicrus,Sphenophryne brevicrus,AmphibiaWeb
Sphenophryne coggeri,Sphenophryne coggeri,AmphibiaWeb
Sphenophryne cornuta,Sphenophryne cornuta,AmphibiaWeb
Sphenophryne crassa,Sphenophryne crassa,AmphibiaWeb
Sphenophryne dentata,Sphenophryne dentata,AmphibiaWeb
Sphenophryne magnitympanum,Sphenophryne magnitympanum,AmphibiaWeb
Sphenophryne miniafia,Sphenophryne miniafia,AmphibiaWeb
Sphenophryne rhododactyla,Sphenophryne rhododactyla,AmphibiaWeb
Sphenophryne rubra,Sphenophryne rubra,AmphibiaWeb
Sphenophryne schlaginhaufeni,Sphenophryne schlaginhaufeni,AmphibiaWeb
Sphenophryne similis,Sphenophryne similis,AmphibiaWeb
Sphenophryne stenodactyla,Sphenophryne stenodactyla,AmphibiaWeb
Sphenophryne thomsoni,Sphenophryne thomsoni,AmphibiaWeb
Sphoenohyla nana,Dendropsophus nanus,AmphibiaWeb
Sphoenohyla seabrai,Allophryne ruthveni,AmphibiaWeb
Spicicalyx eucnemis,Spicicalyx eucnemis,AmphibiaWeb
Spicicalyx myola,Spicicalyx myola,AmphibiaWeb
Spicicalyx serrata,Spicicalyx serrata,AmphibiaWeb
Spicospina flammocaerulea,Spicospina flammocaerulea,AmphibiaWeb
Spinomantis aglavei,Spinomantis aglavei,AmphibiaWeb
Spinomantis beckei,Spinomantis beckei,AmphibiaWeb
Spinomantis bertini,Spinomantis bertini,AmphibiaWeb
Spinomantis brunae,Spinomantis brunae,AmphibiaWeb
Spinomantis elegans,Spinomantis elegans,AmphibiaWeb
Spinomantis fimbriatus,Spinomantis fimbriatus,AmphibiaWeb
Spinomantis guibei,Spinomantis guibei,AmphibiaWeb
Spinomantis lakolosy,Spinomantis lakolosy,AmphibiaWeb
Spinomantis lavabato,Spinomantis lavabato,AmphibiaWeb
Spinomantis massi,Spinomantis massi,AmphibiaWeb
Spinomantis massorum,Spinomantis massi,AmphibiaWeb
Spinomantis microtis,Spinomantis microtis,AmphibiaWeb
Spinomantis mirus,Spinomantis mirus,AmphibiaWeb
Spinomantis nussbaumi,Spinomantis nussbaumi,AmphibiaWeb
Spinomantis peraccae,Spinomantis peraccae,AmphibiaWeb
Spinomantis phantasticus,Spinomantis phantasticus,AmphibiaWeb
Spinomantis tavaratra,Spinomantis tavaratra,AmphibiaWeb
Spinophrynoides osgoodi,Altiphrynoides osgoodi,AmphibiaWeb
Staurois guttatus,Staurois guttatus,AmphibiaWeb
Staurois latopalmatus,Staurois latopalmatus,AmphibiaWeb
Staurois natator,Staurois natator,AmphibiaWeb
Staurois nubilus,Staurois nubilus,AmphibiaWeb
Staurois parvus,Staurois parvus,AmphibiaWeb
Staurois sinica,Odorrana sinica,AmphibiaWeb
Staurois tuberilinguis,Staurois tuberilinguis,AmphibiaWeb
Stefania ackawaio,Stefania ackawaio,AmphibiaWeb
Stefania ayangannae,Stefania ayangannae,AmphibiaWeb
Stefania breweri,Stefania breweri,AmphibiaWeb
Stefania coxi,Stefania coxi,AmphibiaWeb
Stefania evansi,Stefania evansi,AmphibiaWeb
Stefania ginesi,Stefania ginesi,AmphibiaWeb
Stefania goini,Stefania goini,AmphibiaWeb
Stefania imawari,Stefania imawari,AmphibiaWeb
Stefania maccullochi,Stefania maccullochi,AmphibiaWeb
Stefania marahuaquensis,Stefania marahuaquensis,AmphibiaWeb
Stefania neblinae,Stefania neblinae,AmphibiaWeb
Stefania oculosa,Stefania oculosa,AmphibiaWeb
Stefania percristata,Stefania percristata,AmphibiaWeb
Stefania riae,Stefania riae,AmphibiaWeb
Stefania riveroi,Stefania riveroi,AmphibiaWeb
Stefania roraimae,Stefania roraimae,AmphibiaWeb
Stefania satelles,Stefania satelles,AmphibiaWeb
Stefania scalae,Stefania scalae,AmphibiaWeb
Stefania schuberti,Stefania schuberti,AmphibiaWeb
Stefania tamacuarina,Stefania tamacuarina,AmphibiaWeb
Stefania upuigmae,Stefania upuigmae,AmphibiaWeb
Stefania woodleyi,Stefania woodleyi,AmphibiaWeb
Stenorhynchus natalensis,Phrynobatrachus natalensis,AmphibiaWeb
Stephopaedes anotis,Mertensophryne anotis,AmphibiaWeb
Stephopaedes howelli,Mertensophryne howelli,AmphibiaWeb
Stephopaedes loveridgei,Mertensophryne loveridgei,AmphibiaWeb
Stephopaedes usambarae,Mertensophryne usambarae,AmphibiaWeb
Stereochilus marginatus,Stereochilus marginatus,AmphibiaWeb
Stereocyclops histrio,Stereocyclops histrio,AmphibiaWeb
Stereocyclops incrassatus,Stereocyclops incrassatus,AmphibiaWeb
Stereocyclops palmipes,Stereocyclops palmipes,AmphibiaWeb
Stereocyclops parkeri,Stereocyclops parkeri,AmphibiaWeb
Stombus scutatus,Hemiphractus scutatus,AmphibiaWeb
Strabomantis anatipes,Strabomantis anatipes,AmphibiaWeb
Strabomantis anomalus,Strabomantis anomalus,AmphibiaWeb
Strabomantis biporcatus,Strabomantis biporcatus,AmphibiaWeb
Strabomantis bufoniformis,Strabomantis bufoniformis,AmphibiaWeb
Strabomantis cadenai,Strabomantis cadenai,AmphibiaWeb
Strabomantis cerastes,Strabomantis cerastes,AmphibiaWeb
Strabomantis cheiroplethus,Strabomantis cheiroplethus,AmphibiaWeb
Strabomantis cornutus,Strabomantis cornutus,AmphibiaWeb
Strabomantis helonotus,Strabomantis helonotus,AmphibiaWeb
Strabomantis ingeri,Strabomantis ingeri,AmphibiaWeb
Strabomantis laticorpus,Strabomantis laticorpus,AmphibiaWeb
Strabomantis necerus,Strabomantis necerus,AmphibiaWeb
Strabomantis necopinus,Strabomantis necopinus,AmphibiaWeb
Strabomantis ruizi,Strabomantis ruizi,AmphibiaWeb
Strabomantis sulcatus,Strabomantis sulcatus,AmphibiaWeb
Strabomantis zygodactylus,Strabomantis zygodactylus,AmphibiaWeb
Strauchbufo raddei,Strauchbufo raddei,AmphibiaWeb
Strongylopus bonaespei,Strongylopus bonaespei,AmphibiaWeb
Strongylopus fasciatus,Strongylopus fasciatus,AmphibiaWeb
Strongylopus fuelleborni,Strongylopus fuelleborni,AmphibiaWeb
Strongylopus grayii,Strongylopus grayii,AmphibiaWeb
Strongylopus hymenopus,Amietia hymenopus,AmphibiaWeb
Strongylopus kilimanjaro,Strongylopus kilimanjaro,AmphibiaWeb
Strongylopus kitumbeine,Strongylopus kitumbeine,AmphibiaWeb
Strongylopus merumontanus,Strongylopus merumontanus,AmphibiaWeb
Strongylopus rhodesianus,Strongylopus rhodesianus,AmphibiaWeb
Strongylopus springbokensis,Strongylopus springbokensis,AmphibiaWeb
Strongylopus wageri,Strongylopus wageri,AmphibiaWeb
Stumpffia achillei,Stumpffia achillei,AmphibiaWeb
Stumpffia analamaina,Stumpffia analamaina,AmphibiaWeb
Stumpffia analanjirofo,Stumpffia analanjirofo,AmphibiaWeb
Stumpffia angeluci,Stumpffia angeluci,AmphibiaWeb
Stumpffia be,Stumpffia be,AmphibiaWeb
Stumpffia betampona,Stumpffia betampona,AmphibiaWeb
Stumpffia bishopi,Stumpffia bishopi,AmphibiaWeb
Stumpffia contumelia,Stumpffia contumelia,AmphibiaWeb
Stumpffia davidattenboroughi,Stumpffia davidattenboroughi,AmphibiaWeb
Stumpffia diutissima,Stumpffia diutissima,AmphibiaWeb
Stumpffia dolchi,Stumpffia dolchi,AmphibiaWeb
Stumpffia edmondsi,Stumpffia edmondsi,AmphibiaWeb
Stumpffia froschaueri,Stumpffia froschaueri,AmphibiaWeb
Stumpffia fusca,Stumpffia fusca,AmphibiaWeb
Stumpffia garraffoi,Stumpffia garraffoi,AmphibiaWeb
Stumpffia gimmeli,Stumpffia gimmeli,AmphibiaWeb
Stumpffia grandis,Stumpffia grandis,AmphibiaWeb
Stumpffia hara,Stumpffia hara,AmphibiaWeb
Stumpffia huwei,Stumpffia huwei,AmphibiaWeb
Stumpffia iharana,Stumpffia iharana,AmphibiaWeb
Stumpffia jeannoeli,Stumpffia jeannoeli,AmphibiaWeb
Stumpffia kibomena,Stumpffia kibomena,AmphibiaWeb
Stumpffia larinki,Stumpffia larinki,AmphibiaWeb
Stumpffia lynnae,Stumpffia lynnae,AmphibiaWeb
Stumpffia madagascariensis,Stumpffia madagascariensis,AmphibiaWeb
Stumpffia makira,Stumpffia makira,AmphibiaWeb
Stumpffia maledicta,Stumpffia maledicta,AmphibiaWeb
Stumpffia mamitika,Stumpffia mamitika,AmphibiaWeb
Stumpffia megsoni,Stumpffia megsoni,AmphibiaWeb
Stumpffia meikeae,Stumpffia meikeae,AmphibiaWeb
Stumpffia miery,Stumpffia miery,AmphibiaWeb
Stumpffia miovaova,Stumpffia miovaova,AmphibiaWeb
Stumpffia nigrorubra,Stumpffia nigrorubra,AmphibiaWeb
Stumpffia obscoena,Stumpffia obscoena,AmphibiaWeb
Stumpffia pardus,Stumpffia pardus,AmphibiaWeb
Stumpffia psologlossa,Stumpffia psologlossa,AmphibiaWeb
Stumpffia pygmaea,Stumpffia pygmaea,AmphibiaWeb
Stumpffia roseifemoralis,Stumpffia roseifemoralis,AmphibiaWeb
Stumpffia sorata,Stumpffia sorata,AmphibiaWeb
Stumpffia spandei,Stumpffia spandei,AmphibiaWeb
Stumpffia staffordi,Stumpffia staffordi,AmphibiaWeb
Stumpffia tetradactyla,Stumpffia tetradactyla,AmphibiaWeb
Stumpffia tridactyla,Stumpffia tridactyla,AmphibiaWeb
Stumpffia yanniki,Stumpffia yanniki,AmphibiaWeb
Sumaterana crassiovis,Sumaterana crassiovis,AmphibiaWeb
Sumaterana dabulescens,Sumaterana dabulescens,AmphibiaWeb
Sumaterana montana,Sumaterana montana,AmphibiaWeb
Sylvacaecilia grandisonae,Sylvacaecilia grandisonae,AmphibiaWeb
Sylvagemma brevipalmata,Sylvagemma brevipalmata,AmphibiaWeb
Sylvirana annamitica,Sylvirana annamitica,AmphibiaWeb
Sylvirana aurata,Papurana aurata,AmphibiaWeb
Sylvirana cubitalis,Sylvirana cubitalis,AmphibiaWeb
Sylvirana faber,Sylvirana faber,AmphibiaWeb
Sylvirana gracilis,Hydrophylax gracilis,AmphibiaWeb
Sylvirana guentheri,Sylvirana guentheri,AmphibiaWeb
Sylvirana hekouensis,Sylvirana nigrovittata,AmphibiaWeb
Sylvirana lacrima,Sylvirana lacrima,AmphibiaWeb
Sylvirana malayana,Sylvirana malayana,AmphibiaWeb
Sylvirana maosonensis,Sylvirana maosonensis,AmphibiaWeb
Sylvirana menglaensis,Sylvirana nigrovittata,AmphibiaWeb
Sylvirana montosa,Sylvirana montosa,AmphibiaWeb
Sylvirana mortenseni,Sylvirana mortenseni,AmphibiaWeb
Sylvirana nigrovittata,Sylvirana nigrovittata,AmphibiaWeb
Sylvirana novaeguineae,Papurana novaeguineae,AmphibiaWeb
Sylvirana persimilis,Hylarana persimilis,AmphibiaWeb
Sylvirana roberti,Sylvirana roberti,AmphibiaWeb
Sylvirana spinulosa,Sylvirana spinulosa,AmphibiaWeb
Sylvirana volkerjane,Papurana volkerjane,AmphibiaWeb
Synapturanus ajuricaba,Synapturanus ajuricaba,AmphibiaWeb
Synapturanus artifex,Synapturanus artifex,AmphibiaWeb
Synapturanus danta,Synapturanus danta,AmphibiaWeb
Synapturanus latebrosus,Synapturanus latebrosus,AmphibiaWeb
Synapturanus mesomorphus,Synapturanus mesomorphus,AmphibiaWeb
Synapturanus mirandaribeiroi,Synapturanus mirandaribeiroi,AmphibiaWeb
Synapturanus rabus,Synapturanus rabus,AmphibiaWeb
Synapturanus sacratus,Synapturanus sacratus,AmphibiaWeb
Synapturanus salseri,Synapturanus salseri,AmphibiaWeb
Synapturanus zombie,Synapturanus zombie,AmphibiaWeb
Syrrhaphus omiltemanus,Craugastor omiltemanus,AmphibiaWeb
Syrrhophus albolabris,Eleutherodactylus albolabris,AmphibiaWeb
Syrrhophus areolatus,Pristimantis chalceus,AmphibiaWeb
Syrrhophus calcaratus,Pristimantis ockendeni,AmphibiaWeb
Syrrhophus campi,Eleutherodactylus campi,AmphibiaWeb
Syrrhophus chalceus,Pristimantis chalceus,AmphibiaWeb
Syrrhophus coeruleus,Pristimantis unistrigatus,AmphibiaWeb
Syrrhophus cystignathoides,Eleutherodactylus cystignathoides,AmphibiaWeb
Syrrhophus festae,Pristimantis festae,AmphibiaWeb
Syrrhophus fuscus,Eleutherodactylus maurus,AmphibiaWeb
Syrrhophus guttilatus,Eleutherodactylus guttilatus,AmphibiaWeb
Syrrhophus interorbitalis,Eleutherodactylus interorbitalis,AmphibiaWeb
Syrrhophus juninensis,Phrynopus juninensis,AmphibiaWeb
Syrrhophus laplacai,Microkayla wettsteini,AmphibiaWeb
Syrrhophus latodactylus,Eleutherodactylus longipes,AmphibiaWeb
Syrrhophus leprus,Eleutherodactylus leprus,AmphibiaWeb
Syrrhophus macrotympanum,Eleutherodactylus verrucipes,AmphibiaWeb
Syrrhophus marnockii,Eleutherodactylus marnockii,AmphibiaWeb
Syrrhophus modestus,Eleutherodactylus modestus,AmphibiaWeb
Syrrhophus montium,Phrynopus montium,AmphibiaWeb
Syrrhophus petrophilus,Eleutherodactylus guttilatus,AmphibiaWeb
Syrrhophus pipilans,Eleutherodactylus pipilans,AmphibiaWeb
Syrrhophus rubrimaculatus,Eleutherodactylus rubrimaculatus,AmphibiaWeb
Syrrhophus simonsii,Pristimantis simonsii,AmphibiaWeb
Syrrhophus smithi,Eleutherodactylus guttilatus,AmphibiaWeb
Syrrhophus teretistes,Eleutherodactylus teretistes,AmphibiaWeb
Syrrhophus verrucipes,Eleutherodactylus verrucipes,AmphibiaWeb
Syrrhophus verruculatus,Eleutherodactylus verruculatus,AmphibiaWeb
Syrrhopus festae,Pristimantis festae,AmphibiaWeb
Syrrhopus juninensis,Phrynopus juninensis,AmphibiaWeb
Syrrhopus montium,Phrynopus montium,AmphibiaWeb
Tachiramantis cuentasi,Tachiramantis cuentasi,AmphibiaWeb
Tachiramantis douglasi,Tachiramantis douglasi,AmphibiaWeb
Tachiramantis lassoalcalai,Tachiramantis lassoalcalai,AmphibiaWeb
Tachiramantis lentiginosus,Tachiramantis lentiginosus,AmphibiaWeb
Tachiramantis padrecarlosi,Tachiramantis padrecarlosi,AmphibiaWeb
Tachiramantis prolixodiscus,Tachiramantis prolixodiscus,AmphibiaWeb
Tachiramantis tayrona,Tachiramantis tayrona,AmphibiaWeb
Tachycnemis seychellensis,Tachycnemis seychellensis,AmphibiaWeb
Taricha granulosa,Taricha granulosa,AmphibiaWeb
Taricha rivularis,Taricha rivularis,AmphibiaWeb
Taricha sierra,Taricha sierrae,AmphibiaWeb
Taricha sierrae,Taricha sierrae,AmphibiaWeb
Taricha torosa,Taricha torosa,AmphibiaWeb
Taruga eques,Taruga eques,AmphibiaWeb
Taruga fastigo,Taruga fastigo,AmphibiaWeb
Taruga longinasus,Taruga longinasus,AmphibiaWeb
Taudactylus acutirostris,Taudactylus acutirostris,AmphibiaWeb
Taudactylus diurnus,Taudactylus diurnus,AmphibiaWeb
Taudactylus eungellensis,Taudactylus eungellensis,AmphibiaWeb
Taudactylus liemi,Taudactylus liemi,AmphibiaWeb
Taudactylus pleione,Taudactylus pleione,AmphibiaWeb
Taudactylus rheophilus,Taudactylus rheophilus,AmphibiaWeb
Telmatobius albiventris,Telmatobius culeus,AmphibiaWeb
Telmatobius arequipensis,Telmatobius arequipensis,AmphibiaWeb
Telmatobius atacamensis,Telmatobius atacamensis,AmphibiaWeb
Telmatobius atahualpai,Telmatobius atahualpai,AmphibiaWeb
Telmatobius bolivianus,Telmatobius bolivianus,AmphibiaWeb
Telmatobius brachydactylus,Telmatobius brachydactylus,AmphibiaWeb
Telmatobius brevipes,Telmatobius brevipes,AmphibiaWeb
Telmatobius brevirostris,Telmatobius brevirostris,AmphibiaWeb
Telmatobius carillae,Telmatobius carrillae,AmphibiaWeb
Telmatobius carrillae,Telmatobius carrillae,AmphibiaWeb
Telmatobius ceiorum,Telmatobius ceiorum,AmphibiaWeb
Telmatobius chusmisensis,Telmatobius chusmisensis,AmphibiaWeb
Telmatobius cinereus,Telmatobius niger,AmphibiaWeb
Telmatobius cirrhacelis,Telmatobius cirrhacelis,AmphibiaWeb
Telmatobius colanensis,Telmatobius colanensis,AmphibiaWeb
Telmatobius contrerasi,Telmatobius contrerasi,AmphibiaWeb
Telmatobius crawfordi,Telmatobius culeus,AmphibiaWeb
Telmatobius culeus,Telmatobius culeus,AmphibiaWeb
Telmatobius dankoi,Telmatobius dankoi,AmphibiaWeb
Telmatobius degener,Telmatobius degener,AmphibiaWeb
Telmatobius edaphonastes,Telmatobius edaphonastes,AmphibiaWeb
Telmatobius espadai,Telmatobius espadai,AmphibiaWeb
Telmatobius fronteriensis,Telmatobius fronteriensis,AmphibiaWeb
Telmatobius gigas,Telmatobius gigas,AmphibiaWeb
Telmatobius halli,Telmatobius halli,AmphibiaWeb
Telmatobius hauthali,Telmatobius hauthali,AmphibiaWeb
Telmatobius hintoni,Telmatobius hintoni,AmphibiaWeb
Telmatobius hockingi,Telmatobius hockingi,AmphibiaWeb
Telmatobius huayra,Telmatobius huayra,AmphibiaWeb
Telmatobius hypselocephalus,Telmatobius hypselocephalus,AmphibiaWeb
Telmatobius ifornoi,Telmatobius bolivianus,AmphibiaWeb
Telmatobius ignavus,Telmatobius ignavus,AmphibiaWeb
Telmatobius intermedius,Telmatobius intermedius,AmphibiaWeb
Telmatobius jahuira,Telmatobius verrucosus,AmphibiaWeb
Telmatobius jelskii,Telmatobius jelskii,AmphibiaWeb
Telmatobius laevis,Telmatobius laevis,AmphibiaWeb
Telmatobius laticeps,Telmatobius laticeps,AmphibiaWeb
Telmatobius latirostris,Telmatobius latirostris,AmphibiaWeb
Telmatobius macrostomus,Telmatobius macrostomus,AmphibiaWeb
Telmatobius mantaro,Telmatobius mantaro,AmphibiaWeb
Telmatobius marmoratus,Telmatobius marmoratus,AmphibiaWeb
Telmatobius mayoloi,Telmatobius mayoloi,AmphibiaWeb
Telmatobius mendelsoni,Telmatobius mendelsoni,AmphibiaWeb
Telmatobius montanus,Alsodes montanus,AmphibiaWeb
Telmatobius necopinus,Telmatobius necopinus,AmphibiaWeb
Telmatobius niger,Telmatobius niger,AmphibiaWeb
Telmatobius oxycephalus,Telmatobius oxycephalus,AmphibiaWeb
Telmatobius patagonicus,Atelognathus patagonicus,AmphibiaWeb
Telmatobius pefauri,Telmatobius pefauri,AmphibiaWeb
Telmatobius peruvianus,Telmatobius peruvianus,AmphibiaWeb
Telmatobius philippii,Telmatobius philippii,AmphibiaWeb
Telmatobius pinguiculus,Telmatobius pinguiculus,AmphibiaWeb
Telmatobius pisanoi,Telmatobius pisanoi,AmphibiaWeb
Telmatobius platycephalus,Telmatobius platycephalus,AmphibiaWeb
Telmatobius praebasalticus,Atelognathus praebasalticus,AmphibiaWeb
Telmatobius punctatus,Telmatobius punctatus,AmphibiaWeb
Telmatobius reverberii,Atelognathus reverberii,AmphibiaWeb
Telmatobius rimac,Telmatobius rimac,AmphibiaWeb
Telmatobius rubigo,Telmatobius rubigo,AmphibiaWeb
Telmatobius sanborni,Telmatobius sanborni,AmphibiaWeb
Telmatobius schreiteri,Telmatobius schreiteri,AmphibiaWeb
Telmatobius scrocchii,Telmatobius scrocchii,AmphibiaWeb
Telmatobius sibiricus,Telmatobius sibiricus,AmphibiaWeb
Telmatobius simonsi,Telmatobius simonsi,AmphibiaWeb
Telmatobius somuncurensis,Pleurodema somuncurense,AmphibiaWeb
Telmatobius stephani,Telmatobius stephani,AmphibiaWeb
Telmatobius thompsoni,Telmatobius thompsoni,AmphibiaWeb
Telmatobius timens,Telmatobius timens,AmphibiaWeb
Telmatobius truebae,Telmatobius truebae,AmphibiaWeb
Telmatobius vellardi,Telmatobius vellardi,AmphibiaWeb
Telmatobius ventriflavum,Telmatobius ventriflavum,AmphibiaWeb
Telmatobius verrucosus,Telmatobius verrucosus,AmphibiaWeb
Telmatobius vilamensis,Telmatobius vilamensis,AmphibiaWeb
Telmatobius yuracare,Telmatobius yuracare,AmphibiaWeb
Telmatobius zapahuirensis,Telmatobius pefauri,AmphibiaWeb
Telmatobufo australis,Telmatobufo australis,AmphibiaWeb
Telmatobufo bullocki,Telmatobufo bullocki,AmphibiaWeb
Telmatobufo ignotus,Telmatobufo ignotus,AmphibiaWeb
Telmatobufo venustus,Telmatobufo venustus,AmphibiaWeb
Tepuihyla aecii,Tepuihyla aecii,AmphibiaWeb
Tepuihyla celsae,Tepuihyla luteolabris,AmphibiaWeb
Tepuihyla edelcae,Tepuihyla edelcae,AmphibiaWeb
Tepuihyla exophthalma,Tepuihyla exophthalma,AmphibiaWeb
Tepuihyla galani,Tepuihyla rodriguezi,AmphibiaWeb
Tepuihyla luteolabris,Tepuihyla luteolabris,AmphibiaWeb
Tepuihyla obscura,Tepuihyla obscura,AmphibiaWeb
Tepuihyla rimarum,Tepuihyla rodriguezi,AmphibiaWeb
Tepuihyla rodriguezi,Tepuihyla rodriguezi,AmphibiaWeb
Tepuihyla shushupe,Tepuihyla shushupe,AmphibiaWeb
Tepuihyla talbergae,Tepuihyla rodriguezi,AmphibiaWeb
Tepuihyla tuberculosa,Tepuihyla tuberculosa,AmphibiaWeb
Tepuihyla warreni,Tepuihyla warreni,AmphibiaWeb
Teratohyla adenocheira,Teratohyla adenocheira,AmphibiaWeb
Teratohyla amelie,Teratohyla amelie,AmphibiaWeb
Teratohyla midas,Teratohyla midas,AmphibiaWeb
Teratohyla pulverata,Teratohyla pulverata,AmphibiaWeb
Teratohyla spinosa,Teratohyla spinosa,AmphibiaWeb
Teretistes havina,Teretistes havina,AmphibiaWeb
Tetraprion jordani,Trachycephalus jordani,AmphibiaWeb
Theloderma albopunctatum,Theloderma albopunctatum,AmphibiaWeb
Theloderma andersoni,Raorchestes andersoni,AmphibiaWeb
Theloderma annae,Theloderma annae,AmphibiaWeb
Theloderma asperum,Theloderma asperum,AmphibiaWeb
Theloderma auratum,Theloderma auratum,AmphibiaWeb
Theloderma baibengense,Theloderma baibungense,AmphibiaWeb
Theloderma baibungense,Theloderma baibungense,AmphibiaWeb
Theloderma bambusicolum,Theloderma laeve,AmphibiaWeb
Theloderma bicolor,Theloderma bicolor,AmphibiaWeb
Theloderma chuyangsinense,Theloderma palliatum,AmphibiaWeb
Theloderma corticale,Theloderma corticale,AmphibiaWeb
Theloderma gordoni,Theloderma gordoni,AmphibiaWeb
Theloderma hekouense,Theloderma hekouense,AmphibiaWeb
Theloderma horridum,Theloderma horridum,AmphibiaWeb
Theloderma khoii,Theloderma khoii,AmphibiaWeb
Theloderma kwangsiense,Theloderma kwangsiense,AmphibiaWeb
Theloderma lacustrinum,Theloderma lacustrinum,AmphibiaWeb
Theloderma laeve,Theloderma laeve,AmphibiaWeb
Theloderma lateriticum,Theloderma lateriticum,AmphibiaWeb
Theloderma leporosum,Theloderma leporosum,AmphibiaWeb
Theloderma licin,Theloderma licin,AmphibiaWeb
Theloderma margaritifer,Nyctixalus margaritifer,AmphibiaWeb
Theloderma moloch,Theloderma moloch,AmphibiaWeb
Theloderma nagalandense,Theloderma nagalandense,AmphibiaWeb
Theloderma nebulosum,Theloderma nebulosum,AmphibiaWeb
Theloderma palliatum,Theloderma palliatum,AmphibiaWeb
Theloderma petilum,Theloderma petilum,AmphibiaWeb
Theloderma phrynoderma,Theloderma phrynoderma,AmphibiaWeb
Theloderma pictum,Nyctixalus pictus,AmphibiaWeb
Theloderma pseudohorridum,Theloderma pseudohorridum,AmphibiaWeb
Theloderma pyaukkya,Theloderma pyaukkya,AmphibiaWeb
Theloderma rhododiscus,Theloderma rhododiscus,AmphibiaWeb
Theloderma ryabovi,Theloderma ryabovi,AmphibiaWeb
Theloderma schmardanum,Pseudophilautus schmarda,AmphibiaWeb
Theloderma spinosum,Nyctixalus spinosum,AmphibiaWeb
Theloderma stellatum,Theloderma stellatum,AmphibiaWeb
Theloderma truongsonense,Theloderma truongsonense,AmphibiaWeb
Theloderma vietnamense,Theloderma vietnamense,AmphibiaWeb
Theloderma woltersi,Theloderma woltersi,AmphibiaWeb
Thorius adelos,Thorius adelos,AmphibiaWeb
Thorius arboreus,Thorius arboreus,AmphibiaWeb
Thorius aureus,Thorius aureus,AmphibiaWeb
Thorius boreas,Thorius boreas,AmphibiaWeb
Thorius dubitus,Thorius dubitus,AmphibiaWeb
Thorius grandis,Thorius grandis,AmphibiaWeb
Thorius hankeni,Thorius hankeni,AmphibiaWeb
Thorius infernalis,Thorius infernalis,AmphibiaWeb
Thorius insperatus,Thorius insperatus,AmphibiaWeb
Thorius longicaudus,Thorius longicaudus,AmphibiaWeb
Thorius lunaris,Thorius lunaris,AmphibiaWeb
Thorius macdougalli,Thorius macdougalli,AmphibiaWeb
Thorius magnipes,Thorius magnipes,AmphibiaWeb
Thorius minutissimus,Thorius minutissimus,AmphibiaWeb
Thorius minydemus,Thorius minydemus,AmphibiaWeb
Thorius munificus,Thorius munificus,AmphibiaWeb
Thorius narismagnus,Thorius narismagnus,AmphibiaWeb
Thorius narisovalis,Thorius narisovalis,AmphibiaWeb
Thorius omiltemi,Thorius omiltemi,AmphibiaWeb
Thorius papaloae,Thorius papaloae,AmphibiaWeb
Thorius pennatulus,Thorius pennatulus,AmphibiaWeb
Thorius pinicola,Thorius pinicola,AmphibiaWeb
Thorius pulmonaris,Thorius pulmonaris,AmphibiaWeb
Thorius schmidti,Thorius schmidti,AmphibiaWeb
Thorius smithi,Thorius smithi,AmphibiaWeb
Thorius spilogaster,Thorius spilogaster,AmphibiaWeb
Thorius tlaxiacus,Thorius tlaxiacus,AmphibiaWeb
Thorius troglodytes,Thorius troglodytes,AmphibiaWeb
Thoropa bryomantis,Thoropa bryomantis,AmphibiaWeb
Thoropa lutzi,Thoropa lutzi,AmphibiaWeb
Thoropa megatympanum,Thoropa megatympanum,AmphibiaWeb
Thoropa miliaris,Thoropa miliaris,AmphibiaWeb
Thoropa petropolitana,Thoropa petropolitana,AmphibiaWeb
Thoropa saxatilis,Thoropa saxatilis,AmphibiaWeb
Thoropa taophora,Thoropa taophora,AmphibiaWeb
Tlalocohyla celeste,Tlalocohyla celeste,AmphibiaWeb
Tlalocohyla godmani,Tlalocohyla godmani,AmphibiaWeb
Tlalocohyla loquax,Tlalocohyla loquax,AmphibiaWeb
Tlalocohyla picta,Tlalocohyla picta,AmphibiaWeb
Tlalocohyla smithii,Tlalocohyla smithii,AmphibiaWeb
Tomodactylus albolabris,Eleutherodactylus albolabris,AmphibiaWeb
Tomodactylus angustidigitorum,Eleutherodactylus angustidigitorum,AmphibiaWeb
Tomodactylus dilatus,Eleutherodactylus dilatus,AmphibiaWeb
Tomodactylus fuscus,Eleutherodactylus maurus,AmphibiaWeb
Tomodactylus grandis,Eleutherodactylus grandis,AmphibiaWeb
Tomodactylus macrotympanum,Eleutherodactylus verrucipes,AmphibiaWeb
Tomodactylus nitidus,Eleutherodactylus nitidus,AmphibiaWeb
Tomodactylus rufescens,Eleutherodactylus rufescens,AmphibiaWeb
Tomodactylus saxatilis,Eleutherodactylus saxatilis,AmphibiaWeb
Tomodactylus syristes,Eleutherodactylus syristes,AmphibiaWeb
Tomopterna banhinensis,Tomopterna banhinensis,AmphibiaWeb
Tomopterna branchi,Tomopterna branchi,AmphibiaWeb
Tomopterna cryptotis,Tomopterna cryptotis,AmphibiaWeb
Tomopterna damarensis,Tomopterna damarensis,AmphibiaWeb
Tomopterna delalandii,Tomopterna delalandii,AmphibiaWeb
Tomopterna dobsonii,Sphaerotheca dobsonii,AmphibiaWeb
Tomopterna elegans,Tomopterna elegans,AmphibiaWeb
Tomopterna gallmanni,Tomopterna gallmanni,AmphibiaWeb
Tomopterna kachowskii,Tomopterna kachowskii,AmphibiaWeb
Tomopterna krugerensis,Tomopterna krugerensis,AmphibiaWeb
Tomopterna luganga,Tomopterna luganga,AmphibiaWeb
Tomopterna marmorata,Tomopterna marmorata,AmphibiaWeb
Tomopterna milletihorsini,Tomopterna milletihorsini,AmphibiaWeb
Tomopterna monticola,Tomopterna monticola,AmphibiaWeb
Tomopterna natalensis,Tomopterna natalensis,AmphibiaWeb
Tomopterna pulchra,Tomopterna pulchra,AmphibiaWeb
Tomopterna tandyi,Tomopterna tandyi,AmphibiaWeb
Tomopterna tuberculosa,Tomopterna tuberculosa,AmphibiaWeb
Tomopterna wambensis,Tomopterna wambensis,AmphibiaWeb
Torrentophryne aspinia,Bufo aspinius,AmphibiaWeb
Torrentophryne yongdeensis,Torrentophryne yongdeensis,AmphibiaWeb
Trachycephalus atlas,Trachycephalus atlas,AmphibiaWeb
Trachycephalus coriaceus,Trachycephalus coriaceus,AmphibiaWeb
Trachycephalus cunauaru,Trachycephalus cunauaru,AmphibiaWeb
Trachycephalus dibernardoi,Trachycephalus dibernardoi,AmphibiaWeb
Trachycephalus hadroceps,Trachycephalus hadroceps,AmphibiaWeb
Trachycephalus helioi,Trachycephalus helioi,AmphibiaWeb
Trachycephalus imitatrix,Trachycephalus imitatrix,AmphibiaWeb
Trachycephalus jordani,Trachycephalus jordani,AmphibiaWeb
Trachycephalus lepidus,Trachycephalus lepidus,AmphibiaWeb
Trachycephalus macrotis,Trachycephalus macrotis,AmphibiaWeb
Trachycephalus mambaiensis,Trachycephalus mambaiensis,AmphibiaWeb
Trachycephalus mesophaeus,Trachycephalus mesophaeus,AmphibiaWeb
Trachycephalus nigromaculatus,Trachycephalus nigromaculatus,AmphibiaWeb
Trachycephalus quadrangulum,Trachycephalus quadrangulum,AmphibiaWeb
Trachycephalus resinifictrix,Trachycephalus resinifictrix,AmphibiaWeb
Trachycephalus typhonius,Trachycephalus typhonius,AmphibiaWeb
Trachymantis malagasia,Gephyromantis malagasius,AmphibiaWeb
Trachyphrynus myersi,Pristimantis myersi,AmphibiaWeb
Trichobatrachus robustus,Trichobatrachus robustus,AmphibiaWeb
Triprion petasatus,Triprion petasatus,AmphibiaWeb
Triprion spatulatus,Triprion spatulatus,AmphibiaWeb
Triprion spinosus,Triprion spinosus,AmphibiaWeb
Triton alpestris,Ichthyosaura alpestris,AmphibiaWeb
Triton ensatus,Dicamptodon ensatus,AmphibiaWeb
Triton italicus,Lissotriton italicus,AmphibiaWeb
Triton montandoni,Lissotriton montandoni,AmphibiaWeb
Triton torosa,Taricha torosa,AmphibiaWeb
Triturus alpestris,Ichthyosaura alpestris,AmphibiaWeb
Triturus anatolicus,Triturus anatolicus,AmphibiaWeb
Triturus boscai,Lissotriton boscai,AmphibiaWeb
Triturus carnifex,Triturus carnifex,AmphibiaWeb
Triturus cristatus,Triturus cristatus,AmphibiaWeb
Triturus dobrogicus,Triturus dobrogicus,AmphibiaWeb
Triturus helveticus,Lissotriton helveticus,AmphibiaWeb
Triturus italicus,Lissotriton italicus,AmphibiaWeb
Triturus ivanbureschi,Triturus ivanbureschi,AmphibiaWeb
Triturus karelinii,Triturus karelinii,AmphibiaWeb
Triturus macedonicus,Triturus macedonicus,AmphibiaWeb
Triturus marmoratus,Triturus marmoratus,AmphibiaWeb
Triturus montandoni,Lissotriton montandoni,AmphibiaWeb
Triturus perstriatus,Notophthalmus perstriatus,AmphibiaWeb
Triturus pygmaeus,Triturus pygmaeus,AmphibiaWeb
Triturus rudolfi,Triturus rudolfi,AmphibiaWeb
Triturus sierrae,Taricha sierrae,AmphibiaWeb
Triturus viridescens,Notophthalmus viridescens,AmphibiaWeb
Triturus vittatus,Ommatotriton vittatus,AmphibiaWeb
Triturus vulgaris,Lissotriton vulgaris,AmphibiaWeb
Truebella skoptes,Truebella skoptes,AmphibiaWeb
Truebella tothastes,Truebella tothastes,AmphibiaWeb
Tsingymantis antitra,Tsingymantis antitra,AmphibiaWeb
Tylototriton anguliceps,Tylototriton anguliceps,AmphibiaWeb
Tylototriton anhuiensis,Tylototriton anhuiensis,AmphibiaWeb
Tylototriton asperrimus,Tylototriton asperrimus,AmphibiaWeb
Tylototriton broadoridgus,Tylototriton broadoridgus,AmphibiaWeb
Tylototriton dabienicus,Tylototriton dabienicus,AmphibiaWeb
Tylototriton daloushanensis,Tylototriton daloushanensis,AmphibiaWeb
Tylototriton daweishanensis,Tylototriton yangi,AmphibiaWeb
Tylototriton gaowangjienensis,Tylototriton gaowangjienensis,AmphibiaWeb
Tylototriton guilinensis,Tylototriton guilinensis,AmphibiaWeb
Tylototriton hainanensis,Tylototriton hainanensis,AmphibiaWeb
Tylototriton himalayanus,Tylototriton himalayanus,AmphibiaWeb
Tylototriton houi,Tylototriton houi,AmphibiaWeb
Tylototriton joe,Tylototriton joe,AmphibiaWeb
Tylototriton kachinorum,Tylototriton kachinorum,AmphibiaWeb
Tylototriton koliaensis,Tylototriton koliaensis,AmphibiaWeb
Tylototriton kweichowensis,Tylototriton kweichowensis,AmphibiaWeb
Tylototriton liuyangensis,Tylototriton liuyangensis,AmphibiaWeb
Tylototriton lizhengchangi,Tylototriton lizhengchangi,AmphibiaWeb
Tylototriton maolanensis,Tylototriton maolanensis,AmphibiaWeb
Tylototriton ngarsuensis,Tylototriton shanorum,AmphibiaWeb
Tylototriton notialis,Tylototriton notialis,AmphibiaWeb
Tylototriton panhai,Tylototriton panhai,AmphibiaWeb
Tylototriton panwaensis,Tylototriton panwaensis,AmphibiaWeb
Tylototriton pasmansi,Tylototriton pasmansi,AmphibiaWeb
Tylototriton phukhaensis,Tylototriton phukhaensis,AmphibiaWeb
Tylototriton podichthys,Tylototriton podichthys,AmphibiaWeb
Tylototriton pseudoverrucosus,Tylototriton pseudoverrucosus,AmphibiaWeb
Tylototriton pulcherrimus,Tylototriton pulcherrimus,AmphibiaWeb
Tylototriton shanjing,Tylototriton shanjing,AmphibiaWeb
Tylototriton shanorum,Tylototriton shanorum,AmphibiaWeb
Tylototriton soimalai,Tylototriton soimalai,AmphibiaWeb
Tylototriton sparreboomi,Tylototriton sparreboomi,AmphibiaWeb
Tylototriton taliangensis,Tylototriton taliangensis,AmphibiaWeb
Tylototriton thaiorum,Tylototriton thaiorum,AmphibiaWeb
Tylototriton tongziensis,Tylototriton tongziensis,AmphibiaWeb
Tylototriton umphangensis,Tylototriton umphangensis,AmphibiaWeb
Tylototriton uyenoi,Tylototriton uyenoi,AmphibiaWeb
Tylototriton verrucosus,Tylototriton verrucosus,AmphibiaWeb
Tylototriton vietnamensis,Tylototriton vietnamensis,AmphibiaWeb
Tylototriton vietnamirabilis,Tylototriton vietnamirabilis,AmphibiaWeb
Tylototriton wenxianensis,Tylototriton wenxianensis,AmphibiaWeb
Tylototriton wufengensis,Tylototriton wufengensis,AmphibiaWeb
Tylototriton yangi,Tylototriton yangi,AmphibiaWeb
Tylototriton zaimeng,Tylototriton zaimeng,AmphibiaWeb
Tylototriton ziegleri,Tylototriton ziegleri,AmphibiaWeb
Typhlomolge rathbuni,Eurycea rathbuni,AmphibiaWeb
Typhlomolge robusta,Eurycea robusta,AmphibiaWeb
Typhlonectes anguillaformis,Typhlonectes compressicauda,AmphibiaWeb
Typhlonectes compressicauda,Typhlonectes compressicauda,AmphibiaWeb
Typhlonectes cunhai,Typhlonectes compressicauda,AmphibiaWeb
Typhlonectes natans,Typhlonectes natans,AmphibiaWeb
Typhlotriton braggi,Eurycea spelaea,AmphibiaWeb
Typhlotriton nereus,Eurycea spelaea,AmphibiaWeb
Typhlotriton spelaeus,Eurycea spelaea,AmphibiaWeb
Uperodon anamalaiensis,Uperodon anamalaiensis,AmphibiaWeb
Uperodon globulosus,Uperodon globulosus,AmphibiaWeb
Uperodon montanus,Uperodon montanus,AmphibiaWeb
Uperodon mormorata,Uperodon mormorata,AmphibiaWeb
Uperodon nagaoi,Uperodon nagaoi,AmphibiaWeb
Uperodon obscurus,Uperodon obscurus,AmphibiaWeb
Uperodon palmatus,Uperodon palmatus,AmphibiaWeb
Uperodon rohani,Uperodon rohani,AmphibiaWeb
Uperodon systoma,Uperodon systoma,AmphibiaWeb
Uperodon taprobanicus,Uperodon taprobanicus,AmphibiaWeb
Uperodon triangularis,Uperodon triangularis,AmphibiaWeb
Uperodon variegatus,Uperodon variegatus,AmphibiaWeb
Uperoleia altissima,Uperoleia altissima,AmphibiaWeb
Uperoleia arenicola,Uperoleia arenicola,AmphibiaWeb
Uperoleia aspera,Uperoleia aspera,AmphibiaWeb
Uperoleia borealis,Uperoleia borealis,AmphibiaWeb
Uperoleia capitulata,Uperoleia capitulata,AmphibiaWeb
Uperoleia crassa,Uperoleia crassa,AmphibiaWeb
Uperoleia daviesae,Uperoleia daviesae,AmphibiaWeb
Uperoleia fusca,Uperoleia fusca,AmphibiaWeb
Uperoleia glandulosa,Uperoleia glandulosa,AmphibiaWeb
Uperoleia gurrumuli,Uperoleia gurrumuli,AmphibiaWeb
Uperoleia inundata,Uperoleia crassa,AmphibiaWeb
Uperoleia laevigata,Uperoleia laevigata,AmphibiaWeb
Uperoleia lithomoda,Uperoleia lithomoda,AmphibiaWeb
Uperoleia littlejohni,Uperoleia littlejohni,AmphibiaWeb
Uperoleia mahonyi,Uperoleia mahonyi,AmphibiaWeb
Uperoleia marmorata,Uperoleia marmorata,AmphibiaWeb
Uperoleia martini,Uperoleia martini,AmphibiaWeb
Uperoleia micra,Uperoleia micra,AmphibiaWeb
Uperoleia micromeles,Uperoleia micromeles,AmphibiaWeb
Uperoleia mimula,Uperoleia mimula,AmphibiaWeb
Uperoleia minima,Uperoleia minima,AmphibiaWeb
Uperoleia mjobergi,Uperoleia mjobergii,AmphibiaWeb
Uperoleia mjobergii,Uperoleia mjobergii,AmphibiaWeb
Uperoleia orientalis,Uperoleia orientalis,AmphibiaWeb
Uperoleia rugosa,Uperoleia rugosa,AmphibiaWeb
Uperoleia russelli,Uperoleia russelli,AmphibiaWeb
Uperoleia saxatilis,Uperoleia saxatilis,AmphibiaWeb
Uperoleia stridera,Uperoleia stridera,AmphibiaWeb
Uperoleia talpa,Uperoleia talpa,AmphibiaWeb
Uperoleia trachyderma,Uperoleia trachyderma,AmphibiaWeb
Uperoleia tyleri,Uperoleia tyleri,AmphibiaWeb
Uraeotyphlus bombayensis,Uraeotyphlus bombayensis,AmphibiaWeb
Uraeotyphlus gansi,Uraeotyphlus gansi,AmphibiaWeb
Uraeotyphlus interruptus,Uraeotyphlus interruptus,AmphibiaWeb
Uraeotyphlus malabaricus,Uraeotyphlus malabaricus,AmphibiaWeb
Uraeotyphlus menoni,Uraeotyphlus menoni,AmphibiaWeb
Uraeotyphlus narayani,Uraeotyphlus narayani,AmphibiaWeb
Uraeotyphlus oommeni,Uraeotyphlus oommeni,AmphibiaWeb
Uraeotyphlus oxyurus,Uraeotyphlus oxyurus,AmphibiaWeb
Urkuphryne merinoi,Urkuphryne merinoi,AmphibiaWeb
Urspelerpes brucei,Urspelerpes brucei,AmphibiaWeb
Vandijkophrynus amatolicus,Vandijkophrynus amatolicus,AmphibiaWeb
Vandijkophrynus angusticeps,Vandijkophrynus angusticeps,AmphibiaWeb
Vandijkophrynus gariepensis,Vandijkophrynus gariepensis,AmphibiaWeb
Vandijkophrynus inyangae,Vandijkophrynus inyangae,AmphibiaWeb
Vandijkophrynus robinsoni,Vandijkophrynus robinsoni,AmphibiaWeb
Vanzolinius discodactylus,Leptodactylus discodactylus,AmphibiaWeb
Vibrissaphora ailaonica,Leptobrachium ailaonicum,AmphibiaWeb
Vibrissaphora boringii,Leptobrachium boringii,AmphibiaWeb
Vibrissaphora echinata,Leptobrachium ailaonicum,AmphibiaWeb
Vibrissaphora leishanensis,Leptobrachium leishanense,AmphibiaWeb
Vibrissaphora liui,Leptobrachium liui,AmphibiaWeb
Vietnamophryne abscondita,Vietnamophryne abscondita,AmphibiaWeb
Vietnamophryne aurantifusca,Vietnamophryne aurantifusca,AmphibiaWeb
Vietnamophryne cuongi,Vietnamophryne cuongi,AmphibiaWeb
Vietnamophryne inexpectata,Vietnamophryne inexpectata,AmphibiaWeb
Vietnamophryne occidentalis,Vietnamophryne occidentalis,AmphibiaWeb
Vietnamophryne orlovi,Vietnamophryne orlovi,AmphibiaWeb
Vietnamophryne vuquangensis,Vietnamophryne vuquangensis,AmphibiaWeb
Viridihyla christianbergmanni,Viridihyla christianbergmanni,AmphibiaWeb
Viridihyla gasconi,Viridihyla gasconi,AmphibiaWeb
Viridihyla multiplica,Viridihyla multiplica,AmphibiaWeb
Viridihyla spectabilis,Viridihyla spectabilis,AmphibiaWeb
Viridihyla wapogaensis,Viridihyla wapogaensis,AmphibiaWeb
Vitreorana antisthenesi,Vitreorana antisthenesi,AmphibiaWeb
Vitreorana assuh,Vitreorana assuh,AmphibiaWeb
Vitreorana baliomma,Vitreorana baliomma,AmphibiaWeb
Vitreorana castroviejoi,Vitreorana castroviejoi,AmphibiaWeb
Vitreorana eurygnatha,Vitreorana eurygnatha,AmphibiaWeb
Vitreorana franciscana,Vitreorana franciscana,AmphibiaWeb
Vitreorana gorzulae,Vitreorana gorzulae,AmphibiaWeb
Vitreorana helenae,Vitreorana helenae,AmphibiaWeb
Vitreorana oyampiensis,Vitreorana ritae,AmphibiaWeb
Vitreorana parvula,Vitreorana parvula,AmphibiaWeb
Vitreorana ritae,Vitreorana ritae,AmphibiaWeb
Vitreorana uranoscopa,Vitreorana parvula,AmphibiaWeb
Wakea madinika,Wakea madinika,AmphibiaWeb
Werneria bambutensis,Werneria bambutensis,AmphibiaWeb
Werneria fulva,Werneria preussi,AmphibiaWeb
Werneria iboundji,Werneria iboundji,AmphibiaWeb
Werneria mertensiana,Werneria mertensiana,AmphibiaWeb
Werneria preussi,Werneria preussi,AmphibiaWeb
Werneria submontana,Werneria preussi,AmphibiaWeb
Werneria tandyi,Werneria tandyi,AmphibiaWeb
Wijayarana javana,Wijayarana javana,AmphibiaWeb
Wijayarana masonii,Wijayarana masonii,AmphibiaWeb
Wijayarana melasma,Wijayarana melasma,AmphibiaWeb
Wijayarana modiglianii,Wijayarana modiglianii,AmphibiaWeb
Wijayarana sumatrana,Wijayarana sumatrana,AmphibiaWeb
Wolterstorffina chirioi,Wolterstorffina chirioi,AmphibiaWeb
Wolterstorffina mirei,Wolterstorffina mirei,AmphibiaWeb
Wolterstorffina parvipalmata,Wolterstorffina parvipalmata,AmphibiaWeb
Xanthophryne koynayensis,Beduka koynayensis,AmphibiaWeb
Xanthophryne tigerina,Beduka amboli,AmphibiaWeb
Xenobatrachus anorbis,Xenorhina anorbis,AmphibiaWeb
Xenobatrachus arfakianus,Xenorhina arfakiana,AmphibiaWeb
Xenobatrachus bidens,Xenorhina bidens,AmphibiaWeb
Xenobatrachus fuscigula,Xenorhina fuscigula,AmphibiaWeb
Xenobatrachus gigantea,Xenorhina gigantea,AmphibiaWeb
Xenobatrachus giganteus,Xenorhina gigantea,AmphibiaWeb
Xenobatrachus huon,Xenorhina huon,AmphibiaWeb
Xenobatrachus macrops,Xenorhina macrops,AmphibiaWeb
Xenobatrachus mehelyi,Xenorhina mehelyi,AmphibiaWeb
Xenobatrachus multisica,Xenorhina multisica,AmphibiaWeb
Xenobatrachus obesus,Xenorhina obesa,AmphibiaWeb
Xenobatrachus ocellatus,Xenorhina ocellata,AmphibiaWeb
Xenobatrachus ophiodon,Xenorhina ophiodon,AmphibiaWeb
Xenobatrachus rostratus,Xenorhina rostrata,AmphibiaWeb
Xenobatrachus scheepstrai,Xenorhina scheepstrai,AmphibiaWeb
Xenobatrachus schiefenhoeveli,Xenorhina schiefenhoeveli,AmphibiaWeb
Xenobatrachus subcroceus,Xenorhina subcrocea,AmphibiaWeb
Xenobatrachus tumulus,Xenorhina tumulus,AmphibiaWeb
Xenobatrachus zweifeli,Xenorhina zweifeli,AmphibiaWeb
Xenobius melanonychus,Pachyhynobius shangchengensis,AmphibiaWeb
Xenohyla eugenioi,Xenohyla eugenioi,AmphibiaWeb
Xenohyla truncata,Xenohyla truncata,AmphibiaWeb
Xenophrys aceras,Xenophrys aceras,AmphibiaWeb
Xenophrys ancrae,Xenophrys ancrae,AmphibiaWeb
Xenophrys apatani,Xenophrys apatani,AmphibiaWeb
Xenophrys auralensis,Xenophrys auralensis,AmphibiaWeb
Xenophrys awuh,Megophrys awuh,AmphibiaWeb
Xenophrys damrei,Xenophrys damrei,AmphibiaWeb
Xenophrys dehongensis,Xenophrys dehongensis,AmphibiaWeb
Xenophrys dzukou,Megophrys dzukou,AmphibiaWeb
Xenophrys flavipunctata,Xenophrys flavipunctata,AmphibiaWeb
Xenophrys glandulosa,Xenophrys glandulosa,AmphibiaWeb
Xenophrys himalayana,Xenophrys himalayana,AmphibiaWeb
Xenophrys hoanglienensis,Boulenophrys hoanglienensis,AmphibiaWeb
Xenophrys katabhako,Xenophrys monticola,AmphibiaWeb
Xenophrys lancangica,Xenophrys lancangica,AmphibiaWeb
Xenophrys leishanensis,Leptobrachium leishanense,AmphibiaWeb
Xenophrys lekaguli,Xenophrys lekaguli,AmphibiaWeb
Xenophrys longipes,Xenophrys longipes,AmphibiaWeb
Xenophrys major,Xenophrys major,AmphibiaWeb
Xenophrys mangshanensis,Xenophrys mangshanensis,AmphibiaWeb
Xenophrys medogensis,Xenophrys medogensis,AmphibiaWeb
Xenophrys megacephala,Xenophrys megacephala,AmphibiaWeb
Xenophrys monticola,Xenophrys monticola,AmphibiaWeb
Xenophrys numhbumaeng,Megophrys numhbumaeng,AmphibiaWeb
Xenophrys oreocrypta,Xenophrys oreocrypta,AmphibiaWeb
Xenophrys oropedion,Xenophrys oropedion,AmphibiaWeb
Xenophrys pangdaensis,Xenophrys pangdaensis,AmphibiaWeb
Xenophrys parva,Xenophrys parva,AmphibiaWeb
Xenophrys periosa,Xenophrys periosa,AmphibiaWeb
Xenophrys robusta,Xenophrys robusta,AmphibiaWeb
Xenophrys rubrimera,Boulenophrys rubrimera,AmphibiaWeb
Xenophrys sanu,Xenophrys monticola,AmphibiaWeb
Xenophrys serchhipii,Xenophrys serchhipii,AmphibiaWeb
Xenophrys takensis,Xenophrys takensis,AmphibiaWeb
Xenophrys tongbiguanensis,Xenophrys tongbiguanensis,AmphibiaWeb
Xenophrys truongsonensis,Xenophrys truongsonensis,AmphibiaWeb
Xenophrys yingjiangensis,Xenophrys yingjiangensis,AmphibiaWeb
Xenophrys zhangi,Xenophrys zhangi,AmphibiaWeb
Xenophrys zunhebotoensis,Xenophrys zunhebotoensis,AmphibiaWeb
Xenopus allofraseri,Xenopus allofraseri,AmphibiaWeb
Xenopus amieti,Xenopus amieti,AmphibiaWeb
Xenopus andrei,Xenopus andrei,AmphibiaWeb
Xenopus borealis,Xenopus borealis,AmphibiaWeb
Xenopus boumbaensis,Xenopus boumbaensis,AmphibiaWeb
Xenopus calcaratus,Xenopus calcaratus,AmphibiaWeb
Xenopus clivii,Xenopus clivii,AmphibiaWeb
Xenopus epitropicalis,Xenopus epitropicalis,AmphibiaWeb
Xenopus eysoole,Xenopus eysoole,AmphibiaWeb
Xenopus fischbergi,Xenopus fischbergi,AmphibiaWeb
Xenopus fraseri,Xenopus fraseri,AmphibiaWeb
Xenopus gilli,Xenopus gilli,AmphibiaWeb
Xenopus itombwensis,Xenopus itombwensis,AmphibiaWeb
Xenopus kobeli,Xenopus kobeli,AmphibiaWeb
Xenopus laevis,Xenopus laevis,AmphibiaWeb
Xenopus largeni,Xenopus largeni,AmphibiaWeb
Xenopus lenduensis,Xenopus lenduensis,AmphibiaWeb
Xenopus longipes,Xenopus longipes,AmphibiaWeb
Xenopus mellotropicalis,Xenopus mellotropicalis,AmphibiaWeb
Xenopus muelleri,Xenopus muelleri,AmphibiaWeb
Xenopus parafraseri,Xenopus parafraseri,AmphibiaWeb
Xenopus petersii,Xenopus petersii,AmphibiaWeb
Xenopus poweri,Xenopus poweri,AmphibiaWeb
Xenopus pygmaeus,Xenopus pygmaeus,AmphibiaWeb
Xenopus ruwenzoriensis,Xenopus ruwenzoriensis,AmphibiaWeb
Xenopus tropicalis,Xenopus tropicalis,AmphibiaWeb
Xenopus vestitus,Xenopus vestitus,AmphibiaWeb
Xenopus victorianus,Xenopus victorianus,AmphibiaWeb
Xenopus wittei,Xenopus wittei,AmphibiaWeb
Xenorhina adisca,Xenorhina adisca,AmphibiaWeb
Xenorhina anorbis,Xenorhina anorbis,AmphibiaWeb
Xenorhina arboricola,Xenorhina arboricola,AmphibiaWeb
Xenorhina arfakiana,Xenorhina arfakiana,AmphibiaWeb
Xenorhina arndti,Xenorhina arndti,AmphibiaWeb
Xenorhina bidens,Xenorhina bidens,AmphibiaWeb
Xenorhina bouwensi,Xenorhina bouwensi,AmphibiaWeb
Xenorhina brachyrhyncha,Xenorhina brachyrhyncha,AmphibiaWeb
Xenorhina doriae,Callulops argus,AmphibiaWeb
Xenorhina eiponis,Xenorhina eiponis,AmphibiaWeb
Xenorhina fuscigula,Xenorhina fuscigula,AmphibiaWeb
Xenorhina gigantea,Xenorhina gigantea,AmphibiaWeb
Xenorhina huon,Xenorhina huon,AmphibiaWeb
Xenorhina lacrimosa,Xenorhina lacrimosa,AmphibiaWeb
Xenorhina lanthanites,Xenorhina lanthanites,AmphibiaWeb
Xenorhina macrodisca,Xenorhina macrodisca,AmphibiaWeb
Xenorhina macrops,Xenorhina macrops,AmphibiaWeb
Xenorhina mehelyi,Xenorhina mehelyi,AmphibiaWeb
Xenorhina minima,Xenorhina minima,AmphibiaWeb
Xenorhina multisica,Xenorhina multisica,AmphibiaWeb
Xenorhina obesa,Xenorhina obesa,AmphibiaWeb
Xenorhina ocellata,Xenorhina ocellata,AmphibiaWeb
Xenorhina ophiodon,Xenorhina ophiodon,AmphibiaWeb
Xenorhina oxycephala,Xenorhina oxycephala,AmphibiaWeb
Xenorhina parkerorum,Xenorhina parkerorum,AmphibiaWeb
Xenorhina perexigua,Xenorhina perexigua,AmphibiaWeb
Xenorhina pohleorum,Xenorhina pohleorum,AmphibiaWeb
Xenorhina rostrata,Xenorhina rostrata,AmphibiaWeb
Xenorhina salawati,Xenorhina salawati,AmphibiaWeb
Xenorhina scheepstrai,Xenorhina scheepstrai,AmphibiaWeb
Xenorhina schiefenhoeveli,Xenorhina schiefenhoeveli,AmphibiaWeb
Xenorhina similis,Xenorhina similis,AmphibiaWeb
Xenorhina subcrocea,Xenorhina subcrocea,AmphibiaWeb
Xenorhina thiekeorum,Xenorhina thiekeorum,AmphibiaWeb
Xenorhina tillacki,Xenorhina tillacki,AmphibiaWeb
Xenorhina tumulus,Xenorhina tumulus,AmphibiaWeb
Xenorhina varia,Xenorhina varia,AmphibiaWeb
Xenorhina ventrimaculata,Xenorhina ventrimaculata,AmphibiaWeb
Xenorhina waigeo,Xenorhina waigeo,AmphibiaWeb
Xenorhina wiegankorum,Xenorhina wiegankorum,AmphibiaWeb
Xenorhina woxvoldi,Xenorhina woxvoldi,AmphibiaWeb
Xenorhina zweifeli,Xenorhina zweifeli,AmphibiaWeb
Yerana yei,Quasipaa yei,AmphibiaWeb
Yunganastes ashkapara,Yunganastes ashkapara,AmphibiaWeb
Yunganastes bisignatus,Yunganastes bisignatus,AmphibiaWeb
Yunganastes fraudator,Yunganastes fraudator,AmphibiaWeb
Yunganastes mercedesae,Yunganastes mercedesae,AmphibiaWeb
Yunganastes pluvicanorus,Yunganastes pluvicanorus,AmphibiaWeb
Zachaenus carvalhoi,Zachaenus carvalhoi,AmphibiaWeb
Zachaenus parvulus,Zachaenus parvulus,AmphibiaWeb
Zachaenus roseus,Eupsophus calcaratus,AmphibiaWeb
Zachaenus sawayae,Scythrophrys sawayae,AmphibiaWeb
Zhangixalus achantharrhena,Zhangixalus achantharrhena,AmphibiaWeb
Zhangixalus arboreus,Zhangixalus arboreus,AmphibiaWeb
Zhangixalus arvalis,Zhangixalus arvalis,AmphibiaWeb
Zhangixalus aurantiventris,Zhangixalus aurantiventris,AmphibiaWeb
Zhangixalus burmanus,Zhangixalus burmanus,AmphibiaWeb
Zhangixalus chenfui,Zhangixalus chenfui,AmphibiaWeb
Zhangixalus dennysi,Zhangixalus dennysi,AmphibiaWeb
Zhangixalus dorsoviridis,Zhangixalus dorsoviridis,AmphibiaWeb
Zhangixalus duboisi,Zhangixalus duboisi,AmphibiaWeb
Zhangixalus dugritei,Zhangixalus dugritei,AmphibiaWeb
Zhangixalus dulitensis,Zhangixalus dulitensis,AmphibiaWeb
Zhangixalus faritsalhadii,Zhangixalus faritsalhadii,AmphibiaWeb
Zhangixalus feae,Zhangixalus feae,AmphibiaWeb
Zhangixalus franki,Zhangixalus franki,AmphibiaWeb
Zhangixalus hongchibaensis,Zhangixalus hongchibaensis,AmphibiaWeb
Zhangixalus hui,Zhangixalus hui,AmphibiaWeb
Zhangixalus hungfuensis,Zhangixalus hungfuensis,AmphibiaWeb
Zhangixalus jarujini,Zhangixalus jarujini,AmphibiaWeb
Zhangixalus jodiae,Zhangixalus jodiae,AmphibiaWeb
Zhangixalus leucofasciatus,Zhangixalus leucofasciatus,AmphibiaWeb
Zhangixalus lishuiensis,Zhangixalus lishuiensis,AmphibiaWeb
Zhangixalus minimus,Zhangixalus minimus,AmphibiaWeb
Zhangixalus moltrechti,Zhangixalus moltrechti,AmphibiaWeb
Zhangixalus nigropunctatus,Zhangixalus nigropunctatus,AmphibiaWeb
Zhangixalus omeimontis,Zhangixalus omeimontis,AmphibiaWeb
Zhangixalus owstoni,Zhangixalus owstoni,AmphibiaWeb
Zhangixalus pachyproctus,Zhangixalus pachyproctus,AmphibiaWeb
Zhangixalus pinglongensis,Zhangixalus pinglongensis,AmphibiaWeb
Zhangixalus prasinatus,Zhangixalus prasinatus,AmphibiaWeb
Zhangixalus prominanus,Zhangixalus prominanus,AmphibiaWeb
Zhangixalus puerensis,Zhangixalus puerensis,AmphibiaWeb
Zhangixalus schlegelii,Zhangixalus schlegelii,AmphibiaWeb
Zhangixalus smaragdinus,Zhangixalus smaragdinus,AmphibiaWeb
Zhangixalus suffry,Zhangixalus suffry,AmphibiaWeb
Zhangixalus taipeianus,Zhangixalus taipeianus,AmphibiaWeb
Zhangixalus thaoae,Zhangixalus thaoae,AmphibiaWeb
Zhangixalus viridis,Zhangixalus viridis,AmphibiaWeb
Zhangixalus wui,Zhangixalus wui,AmphibiaWeb
Zhangixalus yaoshanensis,Zhangixalus yaoshanensis,AmphibiaWeb
Zhangixalus yinggelingensis,Zhangixalus yinggelingensis,AmphibiaWeb
Zhangixalus yunnanensis,Zhangixalus yunnanensis,AmphibiaWeb
Zhangixalus zhoukaiyae,Zhangixalus zhoukaiyae,AmphibiaWeb
Pengilleyia ridibunda,Pengilleyia ridibunda,AmphibiaWeb